di,pc,preset,variant,t,kind,note,f0,in_peak_dbfs,mom_lufs,left_lufs,right_lufs,peak_dbfs,low_60_200_db,rms_db,f0_band_db,h2_band_db,limiter_gr_db,left_over_db,right_over_db,over_median_db,low_vs_ring_db
di-palm-b (owner),0,Maiden Heavy,as-is,0.07,palm,A2,110.5,-14.8,-11.61,-13.54,-16.07,-3.22,22.54,-10.4,22.35,12.74,-0.0,-4.22,-1.2,-3.44,-8.08
di-palm-b (owner),0,Maiden Heavy,as-is,0.41,palm,B2,123.8,-15.8,-7.04,-7.96,-14.21,-0.55,33.5,-5.65,33.49,12.47,0.45,1.36,0.66,1.13,2.88
di-palm-b (owner),0,Maiden Heavy,as-is,0.79,palm,C#3,138.5,-14.6,-6.89,-7.61,-15.06,-0.33,30.97,-5.64,30.96,7.84,0.67,1.71,-0.19,1.28,0.35
di-palm-b (owner),0,Maiden Heavy,as-is,1.11,ring,B1,61.0,-15.3,-9.62,-10.53,-16.87,-0.91,30.16,-8.45,11.57,25.9,0.09,,,,-0.46
di-palm-b (owner),0,Maiden Heavy,as-is,1.57,palm,C#2,68.5,-7.7,-6.21,-7.06,-13.71,0.77,34.28,-4.96,8.54,34.25,1.77,2.26,1.16,1.96,3.66
di-palm-b (owner),0,Maiden Heavy,as-is,1.96,palm,D#2,77.0,-8.0,-7.35,-8.3,-14.41,-0.58,32.78,-6.19,16.32,32.65,0.42,1.02,0.46,0.82,2.16
di-palm-b (owner),0,Maiden Heavy,as-is,2.33,palm,E2,82.0,-11.6,-9.47,-10.87,-15.05,-0.6,29.71,-8.3,21.65,28.93,0.4,-1.55,-0.18,-1.3,-0.91
di-palm-b (owner),0,Maiden Heavy,as-is,2.69,palm,F#2,92.2,-12.4,-10.02,-11.42,-15.61,-1.46,29.93,-8.29,29.58,18.28,0.0,-2.1,-0.74,-1.85,-0.69
di-palm-b (owner),0,Maiden Heavy,as-is,3.06,palm,G#2,104.0,-11.5,-8.09,-9.55,-13.54,-1.24,33.02,-6.45,32.96,10.18,0.0,-0.23,1.33,0.08,2.4
di-palm-b (owner),0,Maiden Heavy,as-is,3.43,palm,A2,110.0,-14.8,-11.46,-13.4,-15.91,-3.12,26.58,-10.28,26.47,20.51,0.0,-4.08,-1.04,-3.29,-4.04
di-palm-b (owner),0,Maiden Heavy,as-is,3.79,palm,B2,123.8,-13.6,-8.24,-9.13,-15.57,-0.7,32.73,-6.89,32.71,13.46,0.3,0.19,-0.7,-0.07,2.11
di-palm-b (owner),0,Maiden Heavy,as-is,4.16,palm,C#3,138.5,-15.7,-5.37,-6.21,-12.95,0.23,31.64,-4.12,31.64,6.73,1.23,3.11,1.92,2.8,1.02
di-palm-b (owner),0,Maiden Heavy,as-is,4.46,palm,B1,61.8,-7.5,-10.19,-11.99,-14.87,-2.21,21.32,-9.27,-2.01,16.15,0.0,-2.67,0.0,-2.02,-9.3
di-palm-b (owner),0,Maiden Heavy,as-is,4.63,palm,B1,61.0,-19.1,-8.13,-9.42,-14.02,-0.08,28.33,-6.85,10.79,26.67,0.92,-0.1,0.85,0.04,-2.29
di-palm-b (owner),0,Maiden Heavy,as-is,4.9,palm,C#2,68.8,-13.5,-6.13,-6.97,-13.7,0.6,34.12,-4.89,10.17,34.07,1.6,2.35,1.17,2.04,3.5
di-palm-b (owner),0,Maiden Heavy,as-is,5.3,palm,D#2,77.2,-8.5,-7.18,-8.21,-13.94,-0.62,29.81,-6.04,10.59,29.74,0.38,1.11,0.93,0.99,-0.81
di-palm-b (owner),0,Maiden Heavy,as-is,5.64,palm,E2,82.2,-12.3,-9.05,-10.3,-15.06,-0.77,30.67,-7.89,21.11,30.07,0.23,-0.98,-0.19,-0.88,0.05
di-palm-b (owner),0,Maiden Heavy,as-is,6.0,palm,F#2,93.0,-10.2,-11.08,-12.55,-16.5,-2.35,29.84,-9.4,29.57,16.6,0.0,-3.23,-1.63,-2.91,-0.78
di-palm-b (owner),0,Maiden Heavy,as-is,6.41,palm,G#2,104.0,-11.5,-7.14,-8.69,-12.36,1.14,33.42,-5.49,33.4,9.5,2.14,0.63,2.51,1.03,2.8
di-palm-b (owner),0,Maiden Heavy,as-is,6.79,palm,A2,109.8,-13.3,-9.79,-11.2,-15.38,-0.44,29.83,-8.41,29.7,18.86,0.56,-1.88,-0.51,-1.62,-0.79
di-palm-b (owner),0,Maiden Heavy,as-is,7.16,palm,B2,124.0,-10.4,-6.91,-7.8,-14.22,-0.35,33.22,-5.51,33.25,13.7,0.65,1.52,0.65,1.26,2.6
di-palm-b (owner),0,Maiden Heavy,as-is,7.61,palm,C#3,138.5,-14.9,-7.13,-7.84,-15.38,0.21,33.24,-5.88,33.76,7.5,1.21,1.48,-0.51,1.04,2.62
di-palm-b (owner),0,Maiden Heavy,as-is,8.06,palm,B1,61.5,-9.8,-10.17,-12.04,-14.73,-3.12,21.54,-9.28,-5.91,13.63,0.0,-2.72,0.14,-2.0,-9.08
di-palm-b (owner),0,Maiden Heavy,as-is,8.22,ring,B1,61.0,-17.9,-7.94,-8.85,-15.21,-0.77,31.08,-6.67,12.96,29.66,0.23,,,,0.46
di-palm-b (owner),0,Maiden Heavy,as-is,8.71,palm,C#2,69.0,-3.2,-6.07,-6.97,-13.34,0.92,34.3,-4.82,7.5,34.4,1.92,2.35,1.53,2.1,3.68
di-palm-b (owner),0,Maiden Heavy,as-is,9.15,palm,D#2,77.2,-7.8,-6.9,-7.92,-13.7,-0.53,30.11,-5.76,9.54,30.07,0.47,1.4,1.17,1.27,-0.51
di-palm-b (owner),0,Maiden Heavy,as-is,9.48,palm,E2,82.2,-9.2,-9.78,-11.12,-15.56,-0.47,29.23,-8.62,22.07,28.19,0.53,-1.8,-0.69,-1.61,-1.39
di-palm-b (owner),0,Maiden Heavy,as-is,9.86,palm,F#2,93.0,-12.6,-9.16,-10.37,-15.3,-1.7,30.35,-7.5,29.87,19.44,0.0,-1.05,-0.43,-0.99,-0.27
di-palm-b (owner),0,Maiden Heavy,as-is,10.3,palm,G#2,104.0,-8.2,-6.71,-8.22,-12.02,-0.09,33.52,-5.04,33.44,8.7,0.91,1.1,2.85,1.46,2.9
di-palm-b (owner),0,Maiden Heavy,as-is,10.74,palm,A2,110.0,-12.9,-8.92,-10.19,-14.89,-1.25,31.37,-7.44,31.19,16.36,0.0,-0.87,-0.02,-0.75,0.75
di-palm-b (owner),0,Maiden Heavy,as-is,11.17,palm,B2,123.8,-13.3,-8.17,-8.98,-15.88,-1.34,32.42,-6.79,32.55,8.66,0.0,0.34,-1.01,0.0,1.8
di-palm-b (owner),0,Maiden Heavy,as-is,11.61,palm,C#3,139.0,-12.5,-6.7,-7.46,-14.64,-0.24,33.98,-5.45,34.06,6.77,0.76,1.86,0.23,1.47,3.36
di-palm-b (owner),0,Maiden Heavy,as-is,12.02,palm,B1,61.5,-9.6,-10.07,-11.83,-14.85,-2.62,21.87,-9.17,-9.39,13.05,0.0,-2.51,0.02,-1.9,-8.75
di-palm-b (owner),0,Maiden Heavy,as-is,12.17,palm,B1,61.0,-17.2,-8.34,-9.32,-15.28,0.15,31.45,-7.03,13.77,30.77,1.15,0.0,-0.41,-0.17,0.83
di-palm-b (owner),0,Maiden Heavy,as-is,12.56,palm,C#2,68.8,-5.9,-6.68,-7.49,-14.38,0.6,33.02,-5.41,13.0,33.76,1.6,1.83,0.49,1.49,2.4
di-palm-b (owner),0,Maiden Heavy,as-is,13.04,palm,D#2,77.5,-8.7,-8.61,-9.6,-15.51,-0.1,30.17,-7.38,21.18,29.74,0.9,-0.28,-0.64,-0.44,-0.45
di-palm-b (owner),0,Maiden Heavy,as-is,13.45,palm,E2,82.5,-9.3,-8.02,-9.04,-14.82,-0.43,31.57,-6.86,19.81,31.78,0.57,0.28,0.05,0.15,0.95
di-palm-b (owner),0,Maiden Heavy,as-is,13.89,palm,F#2,93.0,-12.4,-10.33,-11.56,-16.4,-1.59,30.0,-8.53,29.68,16.07,0.0,-2.24,-1.53,-2.16,-0.62
di-palm-b (owner),0,Maiden Heavy,as-is,14.35,palm,G#2,104.0,-10.7,-7.4,-8.93,-12.68,-0.69,33.44,-5.75,33.38,11.95,0.31,0.39,2.19,0.77,2.82
di-palm-b (owner),0,Maiden Heavy,as-is,14.78,palm,A2,109.5,-13.7,-10.0,-11.41,-15.56,-2.48,29.07,-8.59,28.6,20.34,0.0,-2.09,-0.69,-1.83,-1.55
di-palm-b (owner),0,Maiden Heavy,as-is,15.22,palm,B2,123.8,-13.9,-6.61,-7.5,-13.9,-0.94,33.46,-5.21,33.46,13.41,0.06,1.82,0.97,1.56,2.84
di-palm-b (owner),0,Maiden Heavy,as-is,15.71,palm,C#3,139.0,-12.2,-7.02,-7.73,-15.21,0.07,32.29,-5.76,33.62,5.14,1.07,1.59,-0.34,1.15,1.67
di-palm-b (owner),0,Maiden Heavy,as-is,16.26,palm,B1,62.0,-7.0,-10.15,-11.93,-14.89,-2.85,21.37,-9.26,-6.46,16.88,0.0,-2.61,-0.02,-1.98,-9.25
di-palm-b (owner),0,Maiden Heavy,as-is,16.4,palm,B1,61.0,-16.0,-7.53,-8.7,-13.8,-0.27,31.68,-6.21,12.37,30.28,0.73,0.62,1.07,0.64,1.06
di-palm-b (owner),0,Maiden Heavy,as-is,17.24,palm,B2,123.8,-8.2,-7.02,-8.04,-13.82,-1.04,33.33,-5.64,33.16,14.83,0.0,1.28,1.05,1.15,2.71
di-palm-b (owner),0,Maiden Heavy,as-is,17.85,palm,E2,84.2,-24.0,-10.78,-11.87,-17.29,-1.86,25.47,-9.54,19.23,23.45,0.0,-2.55,-2.42,-2.61,-5.15
di-palm-b (owner),0,Maiden Heavy,as-is,18.04,palm,B1,63.2,-29.9,-15.34,-16.98,-20.37,-7.32,14.6,-14.57,-9.68,11.37,0.0,-7.66,-5.5,-7.17,-16.02
di-palm-b (owner),0,Maiden Heavy,as-is,18.2,palm,B1,61.2,-8.4,-7.28,-8.23,-14.36,0.18,32.46,-5.93,9.13,31.94,1.18,1.09,0.51,0.89,1.84
di-palm-b (owner),0,Maiden Heavy,as-is,18.76,palm,C2,65.2,-25.4,-15.61,-16.36,-23.64,-3.31,17.41,-14.43,3.91,16.55,0.0,-7.04,-8.77,-7.44,-13.21
di-palm-b (owner),0,Maiden Heavy,as-is,19.12,palm,B2,124.5,-12.4,-6.88,-7.67,-14.7,-1.23,33.15,-5.49,33.42,10.93,0.0,1.65,0.17,1.29,2.53
di-palm-b (owner),0,Maiden Heavy,as-is,19.93,palm,B1,61.0,-30.9,-14.32,-16.03,-19.19,-4.55,16.04,-13.48,-5.28,12.36,0.0,-6.71,-4.32,-6.15,-14.58
di-palm-b (owner),0,Maiden Heavy,as-is,20.07,palm,B1,61.2,-7.7,-9.52,-11.14,-14.6,-2.38,22.59,-8.51,2.77,16.0,0.0,-1.82,0.27,-1.35,-8.03
di-palm-b (owner),0,Maiden Heavy,as-is,20.2,palm,B1,61.0,-18.3,-7.5,-8.51,-14.31,-0.29,31.88,-6.12,11.95,31.32,0.71,0.81,0.56,0.67,1.26
di-palm-b (owner),0,Maiden Heavy,as-is,20.61,palm,B1,62.2,-33.4,-21.63,-22.83,-27.79,-6.39,7.55,-21.27,-6.72,1.99,0.0,-13.51,-12.92,-13.46,-23.07
di-palm-b (owner),0,Maiden Heavy,as-is,21.04,palm,B2,123.8,-12.3,-6.79,-7.6,-14.49,-1.07,33.23,-5.39,33.48,6.68,0.0,1.72,0.38,1.38,2.61
di-palm-b (owner),0,Maiden Heavy,as-is,21.99,palm,B1,61.5,-7.7,-7.94,-9.05,-14.42,0.12,31.81,-6.72,10.53,28.82,1.12,0.27,0.45,0.23,1.19
di-palm-b (owner),0,Maiden Heavy,as-is,22.52,palm,C#2,69.0,-5.2,-7.6,-8.36,-15.52,0.16,30.91,-6.3,17.21,32.44,1.16,0.96,-0.65,0.57,0.29
di-palm-b (owner),0,Maiden Heavy,as-is,23.05,palm,G2,99.5,-11.7,-12.44,-13.83,-18.08,-2.72,25.77,-10.81,28.03,9.13,0.0,-4.51,-3.21,-4.27,-4.85
di-palm-b (owner),0,Maiden Heavy,as-is,23.79,palm,B1,61.5,-6.4,-9.42,-10.99,-14.6,-2.25,23.2,-8.48,-2.18,15.24,0.0,-1.67,0.27,-1.25,-7.42
di-palm-b (owner),0,Maiden Heavy,as-is,23.94,palm,B1,61.2,-18.4,-8.24,-9.37,-14.64,-0.25,31.39,-6.98,13.18,29.76,0.75,-0.05,0.23,-0.07,0.77
di-palm-b (owner),0,Maiden Heavy,as-is,24.3,palm,C#2,68.8,-7.9,-6.97,-7.77,-14.72,0.92,32.55,-5.67,13.78,33.38,1.92,1.55,0.15,1.2,1.93
di-palm-b (owner),0,Maiden Heavy,as-is,24.77,palm,D#2,77.5,-7.9,-8.17,-9.22,-14.87,-0.69,31.56,-6.96,19.2,31.28,0.31,0.1,0.0,0.0,0.94
di-palm-b (owner),0,Maiden Heavy,as-is,25.14,palm,E2,82.0,-10.9,-10.0,-11.06,-16.62,-0.36,27.56,-8.63,17.53,22.9,0.64,-1.74,-1.75,-1.83,-3.06
di-palm-b (owner),0,Maiden Heavy,as-is,25.38,palm,E2,83.5,-35.3,-13.27,-14.1,-20.83,-4.63,23.1,-11.64,20.74,13.19,0.0,-4.78,-5.96,-5.1,-7.52
di-palm-b (owner),0,Maiden Heavy,as-is,25.57,palm,F#2,92.5,-11.7,-10.07,-11.4,-15.85,-1.58,30.05,-8.34,29.73,17.17,0.0,-2.08,-0.98,-1.9,-0.57
di-palm-b (owner),0,Maiden Heavy,as-is,25.99,palm,G#2,104.0,-10.8,-7.41,-8.94,-12.69,-0.29,33.36,-5.76,33.31,12.67,0.71,0.38,2.18,0.76,2.74
di-palm-b (owner),0,Maiden Heavy,as-is,26.43,palm,A2,110.0,-15.6,-9.91,-10.95,-16.61,-2.97,30.74,-8.39,30.8,12.26,0.0,-1.63,-1.74,-1.74,0.12
di-palm-b (owner),0,Maiden Heavy,as-is,26.87,palm,B2,124.0,-19.4,-7.42,-8.22,-15.15,-0.9,32.92,-6.03,33.22,8.89,0.1,1.1,-0.28,0.75,2.3
di-palm-b (owner),0,Maiden Heavy,as-is,27.33,palm,C#3,138.5,-13.6,-7.59,-8.31,-15.77,-0.14,31.46,-6.33,33.11,2.61,0.86,1.01,-0.9,0.58,0.84
di-palm-b (owner),0,Maiden Heavy,as-is,28.04,palm,B1,61.5,-6.7,-10.01,-11.79,-14.73,-1.54,24.79,-9.01,1.07,18.91,0.0,-2.47,0.14,-1.84,-5.83
di-palm-b (owner),0,Maiden Heavy,as-is,28.23,palm,B1,61.0,-19.7,-7.35,-8.41,-14.01,0.54,32.31,-5.98,11.55,31.88,1.54,0.91,0.86,0.82,1.69
di-palm-b (owner),0,Maiden Heavy,as-is,28.59,palm,C#2,69.0,-6.1,-7.0,-7.81,-14.7,0.67,32.83,-5.71,14.01,33.33,1.67,1.51,0.17,1.17,2.21
di-palm-b (owner),0,Maiden Heavy,as-is,29.04,palm,D#2,77.8,-5.0,-8.84,-9.91,-15.48,0.48,29.97,-7.65,20.51,29.29,1.48,-0.59,-0.61,-0.67,-0.65
di-palm-b (owner),0,Maiden Heavy,as-is,29.44,palm,E2,82.2,-13.4,-8.77,-9.87,-15.25,-0.24,30.48,-7.57,22.19,29.93,0.76,-0.55,-0.38,-0.6,-0.14
di-palm-b (owner),0,Maiden Heavy,as-is,29.85,palm,F#2,94.5,-12.6,-12.01,-14.27,-15.93,-3.46,19.41,-10.64,16.4,15.54,0.0,-4.95,-1.06,-3.84,-11.21
di-palm-b (owner),3,Van Halen I Brown,as-is,0.07,palm,A2,110.5,-14.8,-13.5,-17.18,-15.92,-5.88,21.9,-12.47,21.86,10.78,-0.0,2.5,3.2,3.01,4.3
di-palm-b (owner),3,Van Halen I Brown,as-is,0.41,palm,B2,123.8,-15.8,-15.36,-18.4,-18.34,-5.07,22.37,-14.3,22.01,8.24,-0.0,1.28,0.78,1.15,4.77
di-palm-b (owner),3,Van Halen I Brown,as-is,0.79,palm,C#3,138.5,-14.6,-14.54,-17.41,-17.69,-7.37,22.18,-13.57,22.12,6.58,-0.0,2.27,1.43,1.97,4.58
di-palm-b (owner),3,Van Halen I Brown,as-is,1.11,ring,B1,61.0,-15.3,-18.09,-23.1,-19.73,-7.31,17.27,-17.56,7.07,11.32,-0.0,,,,-0.33
di-palm-b (owner),3,Van Halen I Brown,as-is,1.57,palm,C#2,68.5,-7.7,-16.84,-19.96,-19.75,-7.78,20.76,-16.05,7.07,20.46,-0.0,-0.28,-0.63,-0.33,3.16
di-palm-b (owner),3,Van Halen I Brown,as-is,1.96,palm,D#2,77.0,-8.0,-17.68,-21.11,-20.3,-7.88,18.3,-16.95,13.16,16.47,-0.0,-1.43,-1.18,-1.17,0.7
di-palm-b (owner),3,Van Halen I Brown,as-is,2.33,palm,E2,82.0,-11.6,-16.51,-20.12,-18.99,-7.02,19.19,-15.63,14.62,16.96,-0.0,-0.44,0.13,0.0,1.59
di-palm-b (owner),3,Van Halen I Brown,as-is,2.69,palm,F#2,92.2,-12.4,-17.01,-21.15,-19.12,-6.87,20.83,-15.64,20.31,10.4,-0.0,-1.47,0.0,-0.5,3.23
di-palm-b (owner),3,Van Halen I Brown,as-is,3.06,palm,G#2,104.0,-11.5,-14.93,-19.06,-17.05,-5.51,24.34,-13.57,24.21,7.16,-0.0,0.62,2.07,1.58,6.74
di-palm-b (owner),3,Van Halen I Brown,as-is,3.43,palm,A2,110.0,-14.8,-12.74,-16.44,-15.15,-4.22,25.83,-11.61,25.8,17.52,-0.0,3.24,3.97,3.77,8.23
di-palm-b (owner),3,Van Halen I Brown,as-is,3.79,palm,B2,123.8,-13.6,-15.39,-18.9,-17.96,-4.47,21.62,-14.46,21.28,10.97,-0.0,0.78,1.16,1.12,4.02
di-palm-b (owner),3,Van Halen I Brown,as-is,4.16,palm,C#3,138.5,-15.7,-13.61,-16.29,-16.98,-7.35,22.72,-12.58,22.69,6.82,-0.0,3.39,2.14,2.9,5.12
di-palm-b (owner),3,Van Halen I Brown,as-is,4.46,palm,B1,61.8,-7.5,-15.27,-19.15,-17.56,-6.84,13.94,-14.97,-13.37,10.07,-0.0,0.53,1.56,1.24,-3.66
di-palm-b (owner),3,Van Halen I Brown,as-is,4.63,palm,B1,61.0,-19.1,-16.64,-19.41,-19.91,-7.52,16.61,-15.74,1.4,15.38,-0.0,0.27,-0.79,-0.13,-0.99
di-palm-b (owner),3,Van Halen I Brown,as-is,4.9,palm,C#2,68.8,-13.5,-15.63,-18.79,-18.5,-7.11,21.86,-14.88,6.84,21.36,-0.0,0.89,0.62,0.88,4.26
di-palm-b (owner),3,Van Halen I Brown,as-is,5.3,palm,D#2,77.2,-8.5,-16.03,-19.52,-18.61,-6.05,16.74,-15.31,7.23,16.06,-0.0,0.16,0.51,0.48,-0.86
di-palm-b (owner),3,Van Halen I Brown,as-is,5.64,palm,E2,82.2,-12.3,-16.83,-20.22,-19.5,-7.3,19.43,-15.95,15.99,16.42,-0.0,-0.54,-0.38,-0.32,1.83
di-palm-b (owner),3,Van Halen I Brown,as-is,6.0,palm,F#2,93.0,-10.2,-17.04,-21.29,-19.09,-7.45,21.09,-15.89,20.56,9.56,-0.0,-1.61,0.03,-0.53,3.49
di-palm-b (owner),3,Van Halen I Brown,as-is,6.41,palm,G#2,104.0,-11.5,-16.35,-19.62,-19.12,-5.69,22.29,-15.09,22.24,6.63,-0.0,0.06,0.0,0.16,4.69
di-palm-b (owner),3,Van Halen I Brown,as-is,6.79,palm,A2,109.8,-13.3,-12.29,-15.83,-14.82,-4.9,26.8,-11.06,26.78,12.75,-0.0,3.85,4.3,4.22,9.2
di-palm-b (owner),3,Van Halen I Brown,as-is,7.16,palm,B2,124.0,-10.4,-16.09,-18.8,-19.43,-6.45,21.08,-15.04,21.16,6.48,-0.0,0.88,-0.31,0.42,3.48
di-palm-b (owner),3,Van Halen I Brown,as-is,7.61,palm,C#3,138.5,-14.9,-15.11,-17.96,-18.29,-8.42,24.75,-14.07,25.03,8.38,-0.0,1.72,0.83,1.4,7.15
di-palm-b (owner),3,Van Halen I Brown,as-is,8.06,palm,B1,61.5,-9.8,-16.04,-19.79,-18.41,-7.64,14.1,-15.79,-23.88,9.21,-0.0,-0.11,0.71,0.47,-3.5
di-palm-b (owner),3,Van Halen I Brown,as-is,8.22,ring,B1,61.0,-17.9,-18.62,-23.14,-20.51,-8.7,17.93,-17.66,7.24,11.51,-0.0,,,,0.33
di-palm-b (owner),3,Van Halen I Brown,as-is,8.71,palm,C#2,69.0,-3.2,-15.51,-18.34,-18.71,-7.18,23.34,-14.54,5.79,23.68,-0.0,1.34,0.41,1.0,5.74
di-palm-b (owner),3,Van Halen I Brown,as-is,9.15,palm,D#2,77.2,-7.8,-16.73,-20.13,-19.38,-6.38,16.51,-16.02,8.12,15.62,-0.0,-0.45,-0.26,-0.22,-1.09
di-palm-b (owner),3,Van Halen I Brown,as-is,9.48,palm,E2,82.2,-9.2,-16.71,-20.52,-19.04,-3.61,19.56,-15.89,16.72,16.11,-0.0,-0.84,0.08,-0.2,1.96
di-palm-b (owner),3,Van Halen I Brown,as-is,9.86,palm,F#2,93.0,-12.6,-16.51,-20.62,-18.63,-6.16,21.87,-15.18,20.9,14.73,-0.0,-0.94,0.49,0.0,4.27
di-palm-b (owner),3,Van Halen I Brown,as-is,10.3,palm,G#2,104.0,-8.2,-16.34,-19.78,-18.97,-6.99,22.45,-14.97,22.89,8.06,-0.0,-0.1,0.15,0.17,4.85
di-palm-b (owner),3,Van Halen I Brown,as-is,10.74,palm,A2,110.0,-12.9,-12.27,-15.46,-15.11,-5.89,27.29,-10.95,27.18,14.5,-0.0,4.22,4.01,4.24,9.69
di-palm-b (owner),3,Van Halen I Brown,as-is,11.17,palm,B2,123.8,-13.3,-16.26,-19.32,-19.22,-5.03,20.33,-15.3,20.45,6.86,-0.0,0.36,-0.1,0.25,2.73
di-palm-b (owner),3,Van Halen I Brown,as-is,11.61,palm,C#3,139.0,-12.5,-14.31,-17.06,-17.59,-5.7,25.95,-13.23,25.97,8.06,-0.0,2.62,1.53,2.2,8.35
di-palm-b (owner),3,Van Halen I Brown,as-is,12.02,palm,B1,61.5,-9.6,-16.48,-20.55,-18.64,-8.07,9.99,-16.47,-14.17,5.2,-0.0,-0.87,0.48,0.03,-7.61
di-palm-b (owner),3,Van Halen I Brown,as-is,12.17,palm,B1,61.0,-17.2,-18.39,-22.41,-20.58,-7.58,16.51,-17.67,8.19,9.74,-0.0,-2.73,-1.46,-1.88,-1.09
di-palm-b (owner),3,Van Halen I Brown,as-is,12.56,palm,C#2,68.8,-5.9,-16.96,-20.3,-19.67,-7.61,18.86,-16.23,9.26,20.26,-0.0,-0.62,-0.55,-0.45,1.26
di-palm-b (owner),3,Van Halen I Brown,as-is,13.04,palm,D#2,77.5,-8.7,-17.12,-20.78,-19.57,-7.67,17.84,-16.32,14.54,14.95,-0.0,-1.1,-0.45,-0.61,0.24
di-palm-b (owner),3,Van Halen I Brown,as-is,13.45,palm,E2,82.5,-9.3,-16.76,-20.06,-19.5,-6.17,19.78,-15.71,16.61,17.34,-0.0,-0.38,-0.38,-0.25,2.18
di-palm-b (owner),3,Van Halen I Brown,as-is,13.89,palm,F#2,93.0,-12.4,-16.94,-21.18,-18.99,-5.67,21.57,-15.53,20.79,11.42,-0.0,-1.5,0.13,-0.43,3.97
di-palm-b (owner),3,Van Halen I Brown,as-is,14.35,palm,G#2,104.0,-10.7,-15.44,-19.19,-17.81,-6.75,23.08,-14.04,23.36,7.51,-0.0,0.49,1.31,1.07,5.48
di-palm-b (owner),3,Van Halen I Brown,as-is,14.78,palm,A2,109.5,-13.7,-13.59,-16.93,-16.29,-4.42,25.57,-12.4,25.71,11.85,-0.0,2.75,2.83,2.92,7.97
di-palm-b (owner),3,Van Halen I Brown,as-is,15.22,palm,B2,123.8,-13.9,-15.84,-18.57,-19.15,-5.01,21.27,-14.83,21.84,9.55,-0.0,1.11,-0.03,0.67,3.67
di-palm-b (owner),3,Van Halen I Brown,as-is,15.71,palm,C#3,139.0,-12.2,-14.44,-17.26,-17.66,-7.92,24.47,-13.43,25.44,8.08,-0.0,2.42,1.46,2.07,6.87
di-palm-b (owner),3,Van Halen I Brown,as-is,16.26,palm,B1,62.0,-7.0,-16.13,-19.4,-18.89,-5.58,12.9,-15.99,-8.17,9.34,-0.0,0.28,0.23,0.38,-4.7
di-palm-b (owner),3,Van Halen I Brown,as-is,16.4,palm,B1,61.0,-16.0,-17.16,-19.38,-21.14,-7.7,20.06,-16.13,4.0,19.27,-0.0,0.3,-2.02,-0.65,2.46
di-palm-b (owner),3,Van Halen I Brown,as-is,17.24,palm,B2,123.8,-8.2,-16.2,-18.71,-19.78,-6.52,21.01,-15.37,21.77,8.5,-0.0,0.97,-0.66,0.31,3.41
di-palm-b (owner),3,Van Halen I Brown,as-is,17.85,palm,E2,84.2,-24.0,-18.66,-22.18,-21.22,-7.48,15.76,-17.82,11.13,12.32,-0.0,-2.5,-2.1,-2.15,-1.84
di-palm-b (owner),3,Van Halen I Brown,as-is,18.04,palm,B1,63.2,-29.9,-17.34,-22.07,-19.12,-8.24,9.7,-17.03,-8.27,1.33,-0.0,-2.39,0.0,-0.83,-7.9
di-palm-b (owner),3,Van Halen I Brown,as-is,18.2,palm,B1,61.2,-8.4,-17.11,-20.05,-20.19,-6.64,19.07,-16.3,2.1,19.46,-0.0,-0.37,-1.07,-0.6,1.47
di-palm-b (owner),3,Van Halen I Brown,as-is,18.76,palm,C2,65.2,-25.4,-22.43,-26.26,-24.75,-10.5,10.27,-22.28,4.25,6.37,-0.0,-6.58,-5.63,-5.92,-7.33
di-palm-b (owner),3,Van Halen I Brown,as-is,19.12,palm,B2,124.5,-12.4,-16.7,-19.25,-20.24,-8.09,20.77,-15.78,21.71,7.97,-0.0,0.43,-1.12,-0.19,3.17
di-palm-b (owner),3,Van Halen I Brown,as-is,19.93,palm,B1,61.0,-30.9,-18.09,-23.09,-19.73,-8.46,5.77,-18.05,-6.28,0.92,-0.0,-3.41,-0.61,-1.58,-11.83
di-palm-b (owner),3,Van Halen I Brown,as-is,20.07,palm,B1,61.2,-7.7,-16.48,-19.91,-19.11,-7.37,12.63,-16.05,-4.31,11.34,-0.0,-0.23,0.01,0.03,-4.97
di-palm-b (owner),3,Van Halen I Brown,as-is,20.2,palm,B1,61.0,-18.3,-17.72,-19.99,-21.62,-7.63,19.84,-16.64,3.28,18.89,-0.0,-0.31,-2.5,-1.21,2.24
di-palm-b (owner),3,Van Halen I Brown,as-is,20.61,palm,B1,62.2,-33.4,-20.57,-25.99,-22.03,-9.67,8.69,-21.26,-5.42,8.1,-0.0,-6.31,-2.91,-4.06,-8.91
di-palm-b (owner),3,Van Halen I Brown,as-is,21.04,palm,B2,123.8,-12.3,-16.61,-19.14,-20.16,-6.37,20.53,-15.75,21.5,5.17,-0.0,0.54,-1.04,-0.1,2.93
di-palm-b (owner),3,Van Halen I Brown,as-is,21.99,palm,B1,61.5,-7.7,-17.57,-20.84,-20.33,-7.07,18.34,-17.02,2.81,18.17,-0.0,-1.16,-1.21,-1.06,0.74
di-palm-b (owner),3,Van Halen I Brown,as-is,22.52,palm,C#2,69.0,-5.2,-17.82,-21.29,-20.41,-7.26,18.92,-17.02,10.55,19.67,-0.0,-1.61,-1.29,-1.31,1.32
di-palm-b (owner),3,Van Halen I Brown,as-is,23.05,palm,G2,99.5,-11.7,-14.45,-19.14,-16.25,-6.34,25.69,-12.84,26.92,7.02,-0.0,0.54,2.87,2.06,8.09
di-palm-b (owner),3,Van Halen I Brown,as-is,23.79,palm,B1,61.5,-6.4,-15.58,-19.08,-18.15,-7.94,13.94,-15.49,-7.61,11.95,-0.0,0.6,0.97,0.93,-3.66
di-palm-b (owner),3,Van Halen I Brown,as-is,23.94,palm,B1,61.2,-18.4,-18.15,-21.03,-21.29,-8.18,18.12,-17.3,6.27,16.19,-0.0,-1.35,-2.17,-1.64,0.52
di-palm-b (owner),3,Van Halen I Brown,as-is,24.3,palm,C#2,68.8,-7.9,-16.61,-19.68,-19.57,-7.48,20.35,-15.72,8.39,21.43,-0.0,0.0,-0.45,-0.1,2.75
di-palm-b (owner),3,Van Halen I Brown,as-is,24.77,palm,D#2,77.5,-7.9,-16.84,-20.45,-19.33,-6.45,18.53,-16.0,13.03,16.88,-0.0,-0.77,-0.21,-0.33,0.93
di-palm-b (owner),3,Van Halen I Brown,as-is,25.14,palm,E2,82.0,-10.9,-18.28,-21.94,-20.72,-7.4,14.9,-17.46,9.51,8.39,-0.0,-2.26,-1.6,-1.77,-2.7
di-palm-b (owner),3,Van Halen I Brown,as-is,25.38,palm,E2,83.5,-35.3,-18.48,-21.75,-21.24,-9.58,17.7,-16.87,17.02,4.99,-0.0,-2.07,-2.12,-1.97,0.1
di-palm-b (owner),3,Van Halen I Brown,as-is,25.57,palm,F#2,92.5,-11.7,-17.17,-21.28,-19.3,-7.29,21.14,-15.87,20.58,9.94,-0.0,-1.6,-0.18,-0.66,3.54
di-palm-b (owner),3,Van Halen I Brown,as-is,25.99,palm,G#2,104.0,-10.8,-15.61,-19.47,-17.92,-6.26,22.82,-14.25,23.32,8.41,-0.0,0.21,1.2,0.9,5.22
di-palm-b (owner),3,Van Halen I Brown,as-is,26.43,palm,A2,110.0,-15.6,-13.49,-16.76,-16.26,-4.97,25.83,-12.19,26.04,10.31,-0.0,2.92,2.86,3.02,8.23
di-palm-b (owner),3,Van Halen I Brown,as-is,26.87,palm,B2,124.0,-19.4,-16.43,-19.22,-19.66,-6.53,21.24,-15.44,21.91,6.32,-0.0,0.46,-0.54,0.08,3.64
di-palm-b (owner),3,Van Halen I Brown,as-is,27.33,palm,C#3,138.5,-13.6,-15.4,-18.27,-18.55,-8.16,23.4,-14.38,24.54,7.27,-0.0,1.41,0.57,1.11,5.8
di-palm-b (owner),3,Van Halen I Brown,as-is,28.04,palm,B1,61.5,-6.7,-16.07,-19.37,-18.81,-7.61,17.79,-15.71,-4.94,15.71,-0.0,0.31,0.31,0.44,0.19
di-palm-b (owner),3,Van Halen I Brown,as-is,28.23,palm,B1,61.0,-19.7,-16.89,-19.48,-20.36,-8.5,19.7,-15.98,3.95,19.08,-0.0,0.2,-1.24,-0.38,2.1
di-palm-b (owner),3,Van Halen I Brown,as-is,28.59,palm,C#2,69.0,-6.1,-16.61,-19.79,-19.46,-5.82,20.73,-15.72,6.59,21.43,-0.0,-0.11,-0.34,-0.1,3.13
di-palm-b (owner),3,Van Halen I Brown,as-is,29.04,palm,D#2,77.8,-5.0,-17.36,-20.93,-19.88,-8.36,17.67,-16.69,14.18,14.79,-0.0,-1.25,-0.76,-0.85,0.07
di-palm-b (owner),3,Van Halen I Brown,as-is,29.44,palm,E2,82.2,-13.4,-16.86,-20.2,-19.57,-7.09,19.78,-15.84,16.81,16.22,-0.0,-0.52,-0.45,-0.35,2.18
di-palm-b (owner),3,Van Halen I Brown,as-is,29.85,palm,F#2,94.5,-12.6,-16.5,-20.98,-18.42,-8.12,14.52,-15.53,12.12,9.09,-0.0,-1.3,0.7,0.01,-3.08
di-palm-b (owner),4,Van Halen 1984,as-is,0.07,palm,A2,110.5,-14.8,-15.05,-20.21,-16.63,-5.25,18.49,-14.54,18.45,12.42,-0.0,-0.08,1.5,0.93,-2.73
di-palm-b (owner),4,Van Halen 1984,as-is,0.41,palm,B2,123.8,-15.8,-11.23,-15.98,-13.0,-4.01,28.88,-10.0,28.87,6.54,-0.0,4.15,5.13,4.75,7.66
di-palm-b (owner),4,Van Halen 1984,as-is,0.79,palm,C#3,138.5,-14.6,-15.52,-18.39,-18.67,-6.25,20.21,-14.82,20.17,2.71,-0.0,1.74,-0.54,0.46,-1.0
di-palm-b (owner),4,Van Halen 1984,as-is,1.11,ring,B1,61.0,-15.3,-16.42,-21.62,-17.99,-5.3,21.59,-15.75,5.7,20.92,-0.0,,,,0.38
di-palm-b (owner),4,Van Halen 1984,as-is,1.57,palm,C#2,68.5,-7.7,-16.3,-19.67,-18.98,-6.16,21.47,-15.7,5.79,21.33,-0.0,0.46,-0.85,-0.32,0.25
di-palm-b (owner),4,Van Halen 1984,as-is,1.96,palm,D#2,77.0,-8.0,-16.77,-20.53,-19.13,-7.32,20.14,-16.26,12.56,19.27,-0.0,-0.4,-1.0,-0.79,-1.07
di-palm-b (owner),4,Van Halen 1984,as-is,2.33,palm,E2,82.0,-11.6,-16.42,-21.43,-18.07,-4.57,18.17,-15.86,13.71,16.06,-0.0,-1.3,0.06,-0.44,-3.04
di-palm-b (owner),4,Van Halen 1984,as-is,2.69,palm,F#2,92.2,-12.4,-19.03,-23.42,-20.99,-7.14,17.72,-18.35,15.68,13.31,-0.0,-3.29,-2.86,-3.05,-3.5
di-palm-b (owner),4,Van Halen 1984,as-is,3.06,palm,G#2,104.0,-11.5,-16.1,-20.59,-18.01,-6.0,22.87,-15.37,22.84,9.29,-0.0,-0.46,0.12,-0.12,1.66
di-palm-b (owner),4,Van Halen 1984,as-is,3.43,palm,A2,110.0,-14.8,-15.72,-20.83,-17.32,-3.97,21.26,-15.32,21.23,12.81,-0.0,-0.7,0.81,0.26,0.05
di-palm-b (owner),4,Van Halen 1984,as-is,3.79,palm,B2,123.8,-13.6,-11.99,-16.81,-13.72,-5.54,28.36,-10.89,28.36,8.99,-0.0,3.32,4.41,3.99,7.14
di-palm-b (owner),4,Van Halen 1984,as-is,4.16,palm,C#3,138.5,-15.7,-15.25,-17.65,-18.97,-5.46,20.25,-14.39,20.21,0.92,-0.0,2.48,-0.84,0.73,-0.96
di-palm-b (owner),4,Van Halen 1984,as-is,4.46,palm,B1,61.8,-7.5,-14.06,-19.1,-15.7,-4.78,14.28,-14.07,-9.8,11.56,-0.0,1.03,2.43,1.92,-6.94
di-palm-b (owner),4,Van Halen 1984,as-is,4.63,palm,B1,61.0,-19.1,-12.04,-17.02,-13.7,-3.52,24.32,-10.82,-0.92,23.99,-0.0,3.11,4.43,3.94,3.11
di-palm-b (owner),4,Van Halen 1984,as-is,4.9,palm,C#2,68.8,-13.5,-15.92,-19.23,-18.65,-4.16,20.72,-15.53,5.98,20.5,-0.0,0.9,-0.52,0.06,-0.5
di-palm-b (owner),4,Van Halen 1984,as-is,5.3,palm,D#2,77.2,-8.5,-16.22,-20.03,-18.55,-6.4,18.14,-15.72,9.09,17.54,-0.0,0.1,-0.42,-0.24,-3.07
di-palm-b (owner),4,Van Halen 1984,as-is,5.64,palm,E2,82.2,-12.3,-16.62,-21.41,-18.37,-5.26,19.72,-16.08,14.44,17.75,-0.0,-1.28,-0.24,-0.64,-1.5
di-palm-b (owner),4,Van Halen 1984,as-is,6.0,palm,F#2,93.0,-10.2,-18.46,-23.19,-20.23,-4.48,17.51,-18.33,15.8,12.21,-0.0,-3.06,-2.1,-2.48,-3.7
di-palm-b (owner),4,Van Halen 1984,as-is,6.41,palm,G#2,104.0,-11.5,-15.66,-19.9,-17.71,-5.9,23.6,-14.52,23.59,7.6,-0.0,0.23,0.42,0.32,2.39
di-palm-b (owner),4,Van Halen 1984,as-is,6.79,palm,A2,109.8,-13.3,-14.87,-19.95,-16.48,-4.77,22.83,-14.22,22.79,14.38,-0.0,0.18,1.65,1.11,1.61
di-palm-b (owner),4,Van Halen 1984,as-is,7.16,palm,B2,124.0,-10.4,-10.73,-15.49,-12.49,-4.07,29.02,-9.43,28.98,7.3,-0.0,4.64,5.64,5.25,7.8
di-palm-b (owner),4,Van Halen 1984,as-is,7.61,palm,C#3,138.5,-14.9,-16.28,-19.01,-19.6,-5.96,22.28,-15.52,22.58,3.58,-0.0,1.12,-1.47,-0.3,1.07
di-palm-b (owner),4,Van Halen 1984,as-is,8.06,palm,B1,61.5,-9.8,-14.35,-19.36,-15.99,-4.94,14.65,-14.23,-16.18,9.51,-0.0,0.77,2.14,1.63,-6.56
di-palm-b (owner),4,Van Halen 1984,as-is,8.22,ring,B1,61.0,-17.9,-15.63,-20.84,-17.18,-5.12,20.84,-14.41,6.38,21.46,-0.0,,,,-0.38
di-palm-b (owner),4,Van Halen 1984,as-is,8.71,palm,C#2,69.0,-3.2,-15.98,-19.11,-18.87,-6.48,21.75,-15.38,3.1,22.21,-0.0,1.02,-0.74,0.0,0.54
di-palm-b (owner),4,Van Halen 1984,as-is,9.15,palm,D#2,77.2,-7.8,-16.19,-19.83,-18.65,-6.2,18.73,-15.63,7.4,18.39,-0.0,0.3,-0.52,-0.21,-2.48
di-palm-b (owner),4,Van Halen 1984,as-is,9.48,palm,E2,82.2,-9.2,-16.79,-21.79,-18.44,-6.16,18.35,-16.43,14.3,15.86,-0.0,-1.66,-0.31,-0.81,-2.86
di-palm-b (owner),4,Van Halen 1984,as-is,9.86,palm,F#2,93.0,-12.6,-18.83,-23.24,-20.77,-5.09,17.56,-18.14,15.97,12.4,-0.0,-3.11,-2.64,-2.85,-3.66
di-palm-b (owner),4,Van Halen 1984,as-is,10.3,palm,G#2,104.0,-8.2,-16.04,-20.23,-18.12,-7.29,23.27,-14.75,23.29,8.51,-0.0,-0.1,0.01,-0.06,2.05
di-palm-b (owner),4,Van Halen 1984,as-is,10.74,palm,A2,110.0,-12.9,-15.17,-20.2,-16.81,-3.71,23.32,-14.29,23.31,11.85,-0.0,-0.07,1.32,0.81,2.11
di-palm-b (owner),4,Van Halen 1984,as-is,11.17,palm,B2,123.8,-13.3,-11.35,-16.17,-13.08,-4.32,28.56,-10.12,28.56,5.78,-0.0,3.96,5.05,4.63,7.34
di-palm-b (owner),4,Van Halen 1984,as-is,11.61,palm,C#3,139.0,-12.5,-15.93,-18.45,-19.5,-4.59,23.05,-15.1,23.07,2.72,-0.0,1.68,-1.37,0.05,1.84
di-palm-b (owner),4,Van Halen 1984,as-is,12.02,palm,B1,61.5,-9.6,-14.61,-19.67,-16.23,-4.79,13.89,-14.66,-12.29,4.55,-0.0,0.46,1.9,1.37,-7.32
di-palm-b (owner),4,Van Halen 1984,as-is,12.17,palm,B1,61.0,-17.2,-15.79,-20.88,-17.4,-6.16,20.4,-14.8,7.95,19.21,-0.0,-0.75,0.73,0.19,-0.82
di-palm-b (owner),4,Van Halen 1984,as-is,12.56,palm,C#2,68.8,-5.9,-17.09,-20.51,-19.73,-5.51,17.84,-16.55,9.29,19.16,-0.0,-0.38,-1.6,-1.11,-3.38
di-palm-b (owner),4,Van Halen 1984,as-is,13.04,palm,D#2,77.5,-8.7,-17.26,-21.35,-19.4,-5.45,18.51,-16.69,15.06,16.06,-0.0,-1.22,-1.27,-1.28,-2.7
di-palm-b (owner),4,Van Halen 1984,as-is,13.45,palm,E2,82.5,-9.3,-16.56,-21.56,-18.2,-5.69,19.9,-15.88,14.08,19.37,-0.0,-1.43,-0.07,-0.58,-1.32
di-palm-b (owner),4,Van Halen 1984,as-is,13.89,palm,F#2,93.0,-12.4,-19.48,-23.87,-21.44,-5.49,17.52,-18.83,15.82,12.51,-0.0,-3.74,-3.31,-3.5,-3.7
di-palm-b (owner),4,Van Halen 1984,as-is,14.35,palm,G#2,104.0,-10.7,-15.91,-20.13,-17.97,-5.71,23.43,-14.81,23.49,7.45,-0.0,0.0,0.16,0.07,2.21
di-palm-b (owner),4,Van Halen 1984,as-is,14.78,palm,A2,109.5,-13.7,-15.19,-20.16,-16.86,-5.13,23.02,-14.28,22.78,10.5,-0.0,-0.03,1.27,0.79,1.8
di-palm-b (owner),4,Van Halen 1984,as-is,15.22,palm,B2,123.8,-13.9,-10.82,-15.58,-12.59,-3.0,28.99,-9.54,28.81,7.57,-0.0,4.55,5.54,5.16,7.77
di-palm-b (owner),4,Van Halen 1984,as-is,15.71,palm,C#3,139.0,-12.2,-16.07,-18.61,-19.62,-6.26,22.04,-15.35,22.85,2.64,-0.0,1.52,-1.49,-0.09,0.82
di-palm-b (owner),4,Van Halen 1984,as-is,16.26,palm,B1,62.0,-7.0,-13.96,-18.91,-15.64,-5.05,14.17,-13.86,-8.57,11.51,-0.0,1.22,2.49,2.02,-7.04
di-palm-b (owner),4,Van Halen 1984,as-is,16.4,palm,B1,61.0,-16.0,-11.67,-16.69,-13.32,-4.99,27.32,-10.3,0.94,27.45,-0.0,3.44,4.81,4.31,6.11
di-palm-b (owner),4,Van Halen 1984,as-is,17.24,palm,B2,123.8,-8.2,-10.96,-15.72,-12.73,-5.24,28.9,-9.76,28.59,5.52,-0.0,4.41,5.4,5.02,7.68
di-palm-b (owner),4,Van Halen 1984,as-is,17.85,palm,E2,84.2,-24.0,-17.25,-21.95,-19.04,-7.05,16.25,-16.66,11.48,13.38,-0.0,-1.82,-0.91,-1.27,-4.96
di-palm-b (owner),4,Van Halen 1984,as-is,18.04,palm,B1,63.2,-29.9,-16.89,-22.24,-18.39,-5.19,5.44,-17.58,-6.47,1.06,-0.0,-2.11,-0.26,-0.91,-15.77
di-palm-b (owner),4,Van Halen 1984,as-is,18.2,palm,B1,61.2,-8.4,-12.67,-17.74,-14.29,-4.42,26.73,-11.48,-0.04,27.51,-0.0,2.39,3.84,3.31,5.52
di-palm-b (owner),4,Van Halen 1984,as-is,18.76,palm,C2,65.2,-25.4,-20.17,-25.12,-21.84,-6.23,8.75,-21.03,0.36,7.1,-0.0,-4.99,-3.71,-4.19,-12.46
di-palm-b (owner),4,Van Halen 1984,as-is,19.12,palm,B2,124.5,-12.4,-10.85,-15.6,-12.62,-5.33,28.98,-9.56,28.8,3.13,-0.0,4.53,5.51,5.13,7.77
di-palm-b (owner),4,Van Halen 1984,as-is,19.93,palm,B1,61.0,-30.9,-16.56,-21.88,-18.07,-7.79,8.71,-17.04,-6.64,6.87,-0.0,-1.75,0.06,-0.58,-12.5
di-palm-b (owner),4,Van Halen 1984,as-is,20.07,palm,B1,61.2,-7.7,-13.42,-18.58,-15.0,-6.55,17.36,-12.86,-8.11,15.01,-0.0,1.55,3.13,2.56,-3.86
di-palm-b (owner),4,Van Halen 1984,as-is,20.2,palm,B1,61.0,-18.3,-12.18,-17.21,-13.82,-5.89,27.48,-10.83,0.29,27.31,-0.0,2.92,4.31,3.8,6.27
di-palm-b (owner),4,Van Halen 1984,as-is,20.61,palm,B1,62.2,-33.4,-18.97,-24.8,-20.28,-8.19,-0.01,-20.9,-17.7,-1.82,-0.0,-4.67,-2.15,-2.99,-21.23
di-palm-b (owner),4,Van Halen 1984,as-is,21.04,palm,B2,123.8,-12.3,-10.83,-15.61,-12.59,-5.29,28.99,-9.55,28.84,2.56,-0.0,4.52,5.54,5.15,7.77
di-palm-b (owner),4,Van Halen 1984,as-is,21.99,palm,B1,61.5,-7.7,-13.92,-19.0,-15.53,-4.15,25.45,-12.99,3.16,25.75,-0.0,1.13,2.6,2.06,4.23
di-palm-b (owner),4,Van Halen 1984,as-is,22.52,palm,C#2,69.0,-5.2,-18.52,-22.01,-21.1,-5.07,16.35,-18.05,10.13,16.41,-0.0,-1.88,-2.97,-2.54,-4.86
di-palm-b (owner),4,Van Halen 1984,as-is,23.05,palm,G2,99.5,-11.7,-20.26,-24.79,-22.15,-7.31,15.13,-19.76,16.15,7.73,-0.0,-4.66,-4.02,-4.28,-6.08
di-palm-b (owner),4,Van Halen 1984,as-is,23.79,palm,B1,61.5,-6.4,-13.29,-18.42,-14.88,-4.2,16.05,-13.22,-17.98,13.28,-0.0,1.71,3.25,2.69,-5.16
di-palm-b (owner),4,Van Halen 1984,as-is,23.94,palm,B1,61.2,-18.4,-13.49,-18.5,-15.13,-4.44,25.75,-12.25,4.41,25.2,-0.0,1.63,3.0,2.49,4.54
di-palm-b (owner),4,Van Halen 1984,as-is,24.3,palm,C#2,68.8,-7.9,-17.22,-20.21,-20.24,-5.98,18.68,-16.5,8.6,19.85,-0.0,-0.08,-2.11,-1.24,-2.54
di-palm-b (owner),4,Van Halen 1984,as-is,24.77,palm,D#2,77.5,-7.9,-17.06,-20.85,-19.4,-4.99,19.71,-16.4,14.39,18.18,-0.0,-0.72,-1.27,-1.08,-1.5
di-palm-b (owner),4,Van Halen 1984,as-is,25.14,palm,E2,82.0,-10.9,-16.51,-21.31,-18.26,-6.29,18.88,-15.78,9.86,8.67,-0.0,-1.18,-0.13,-0.53,-2.34
di-palm-b (owner),4,Van Halen 1984,as-is,25.38,palm,E2,83.5,-35.3,-19.22,-23.41,-21.3,-8.07,14.27,-18.5,11.75,7.74,-0.0,-3.28,-3.17,-3.24,-6.95
di-palm-b (owner),4,Van Halen 1984,as-is,25.57,palm,F#2,92.5,-11.7,-18.91,-23.41,-20.82,-5.04,17.65,-18.36,15.72,12.85,-0.0,-3.28,-2.69,-2.93,-3.57
di-palm-b (owner),4,Van Halen 1984,as-is,25.99,palm,G#2,104.0,-10.8,-16.06,-20.27,-18.13,-6.33,23.27,-14.91,23.32,8.62,-0.0,-0.14,0.0,-0.08,2.05
di-palm-b (owner),4,Van Halen 1984,as-is,26.43,palm,A2,110.0,-15.6,-15.48,-20.39,-17.18,-5.83,23.63,-14.5,23.59,8.2,-0.0,-0.26,0.95,0.5,2.41
di-palm-b (owner),4,Van Halen 1984,as-is,26.87,palm,B2,124.0,-19.4,-10.93,-15.68,-12.69,-5.02,28.95,-9.64,28.92,3.17,-0.0,4.45,5.44,5.05,7.73
di-palm-b (owner),4,Van Halen 1984,as-is,27.33,palm,C#3,138.5,-13.6,-16.75,-19.49,-20.06,-5.26,21.03,-15.97,22.25,0.62,-0.0,0.64,-1.93,-0.77,-0.18
di-palm-b (owner),4,Van Halen 1984,as-is,28.04,palm,B1,61.5,-6.7,-13.64,-18.56,-15.33,-3.6,19.09,-13.24,-4.32,17.78,-0.0,1.57,2.8,2.34,-2.12
di-palm-b (owner),4,Van Halen 1984,as-is,28.23,palm,B1,61.0,-19.7,-11.85,-16.87,-13.49,-5.22,27.43,-10.59,1.12,27.21,-0.0,3.26,4.64,4.13,6.21
di-palm-b (owner),4,Van Halen 1984,as-is,28.59,palm,C#2,69.0,-6.1,-17.44,-20.67,-20.24,-6.22,18.27,-16.75,9.81,18.87,-0.0,-0.54,-2.11,-1.46,-2.95
di-palm-b (owner),4,Van Halen 1984,as-is,29.04,palm,D#2,77.8,-5.0,-17.15,-21.35,-19.22,-6.01,18.19,-16.69,15.61,14.44,-0.0,-1.22,-1.09,-1.17,-3.02
di-palm-b (owner),4,Van Halen 1984,as-is,29.44,palm,E2,82.2,-13.4,-16.91,-21.75,-18.64,-5.65,19.23,-16.26,14.97,17.03,-0.0,-1.62,-0.51,-0.93,-1.98
di-palm-b (owner),4,Van Halen 1984,as-is,29.85,palm,F#2,94.5,-12.6,-16.99,-22.35,-18.48,-5.4,11.77,-16.9,8.16,8.89,-0.0,-2.22,-0.35,-1.01,-9.45
di-palm-b (owner),5,Def Leppard Pyromania,as-is,0.07,palm,A2,110.5,-14.8,-11.13,-15.37,-13.19,-3.58,25.59,-9.77,25.56,10.4,-0.0,0.34,-0.03,0.01,2.0
di-palm-b (owner),5,Def Leppard Pyromania,as-is,0.41,palm,B2,123.8,-15.8,-11.27,-15.78,-13.16,-3.4,28.87,-9.89,28.82,3.84,-0.0,-0.07,0.0,-0.13,5.29
di-palm-b (owner),5,Def Leppard Pyromania,as-is,0.79,palm,C#3,138.5,-14.6,-11.86,-16.17,-13.88,-4.42,25.29,-10.66,25.27,2.55,-0.0,-0.46,-0.72,-0.72,1.7
di-palm-b (owner),5,Def Leppard Pyromania,as-is,1.11,ring,B1,61.0,-15.3,-14.82,-19.42,-16.67,-4.63,23.44,-13.63,12.55,21.65,-0.0,,,,-0.14
di-palm-b (owner),5,Def Leppard Pyromania,as-is,1.57,palm,C#2,68.5,-7.7,-10.88,-15.8,-12.56,-3.31,28.33,-9.58,15.89,28.04,-0.0,-0.09,0.6,0.26,4.74
di-palm-b (owner),5,Def Leppard Pyromania,as-is,1.96,palm,D#2,77.0,-8.0,-11.59,-16.5,-13.29,-2.53,27.43,-10.25,22.47,25.67,-0.0,-0.79,-0.13,-0.45,3.84
di-palm-b (owner),5,Def Leppard Pyromania,as-is,2.33,palm,E2,82.0,-11.6,-12.5,-16.96,-14.43,-2.51,26.25,-10.99,24.51,21.31,-0.0,-1.25,-1.27,-1.36,2.66
di-palm-b (owner),5,Def Leppard Pyromania,as-is,2.69,palm,F#2,92.2,-12.4,-9.37,-13.94,-11.23,-3.51,31.04,-7.47,31.0,6.76,-0.0,1.77,1.93,1.77,7.45
di-palm-b (owner),5,Def Leppard Pyromania,as-is,3.06,palm,G#2,104.0,-11.5,-9.11,-13.62,-11.01,-2.55,31.89,-7.44,31.8,6.84,-0.0,2.09,2.15,2.03,8.3
di-palm-b (owner),5,Def Leppard Pyromania,as-is,3.43,palm,A2,110.0,-14.8,-10.39,-14.85,-12.31,-2.79,30.1,-9.0,30.08,16.28,-0.0,0.86,0.85,0.75,6.52
di-palm-b (owner),5,Def Leppard Pyromania,as-is,3.79,palm,B2,123.8,-13.6,-12.17,-16.55,-14.15,-4.01,27.6,-10.86,27.48,7.78,-0.0,-0.84,-0.99,-1.03,4.02
di-palm-b (owner),5,Def Leppard Pyromania,as-is,4.16,palm,C#3,138.5,-15.7,-9.18,-13.69,-11.08,-3.5,27.88,-7.93,27.85,-5.64,-0.0,2.02,2.08,1.96,4.29
di-palm-b (owner),5,Def Leppard Pyromania,as-is,4.46,palm,B1,61.8,-7.5,-11.06,-15.63,-12.93,-2.8,20.94,-10.11,-6.64,16.83,-0.0,0.08,0.23,0.08,-2.64
di-palm-b (owner),5,Def Leppard Pyromania,as-is,4.63,palm,B1,61.0,-19.1,-9.79,-14.63,-11.51,-2.09,26.84,-8.45,5.29,25.9,-0.0,1.08,1.65,1.35,3.25
di-palm-b (owner),5,Def Leppard Pyromania,as-is,4.9,palm,C#2,68.8,-13.5,-10.6,-15.39,-12.35,-2.62,27.98,-9.34,16.32,27.58,-0.0,0.32,0.81,0.54,4.39
di-palm-b (owner),5,Def Leppard Pyromania,as-is,5.3,palm,D#2,77.2,-8.5,-10.81,-15.54,-12.6,-2.68,25.37,-9.58,17.57,24.54,-0.0,0.17,0.56,0.33,1.79
di-palm-b (owner),5,Def Leppard Pyromania,as-is,5.64,palm,E2,82.2,-12.3,-11.99,-16.55,-13.87,-3.41,27.15,-10.51,25.12,22.65,-0.0,-0.84,-0.71,-0.85,3.56
di-palm-b (owner),5,Def Leppard Pyromania,as-is,6.0,palm,F#2,93.0,-10.2,-10.45,-14.89,-12.39,-2.99,30.42,-8.6,30.4,8.58,-0.0,0.82,0.77,0.69,6.84
di-palm-b (owner),5,Def Leppard Pyromania,as-is,6.41,palm,G#2,104.0,-11.5,-8.58,-13.24,-10.4,-2.6,31.82,-6.89,31.79,2.39,-0.0,2.47,2.76,2.56,8.23
di-palm-b (owner),5,Def Leppard Pyromania,as-is,6.79,palm,A2,109.8,-13.3,-9.51,-13.84,-11.51,-2.31,30.91,-8.04,30.88,15.6,-0.0,1.87,1.65,1.63,7.32
di-palm-b (owner),5,Def Leppard Pyromania,as-is,7.16,palm,B2,124.0,-10.4,-11.33,-15.71,-13.3,-3.71,28.2,-9.96,28.63,3.27,-0.0,0.0,-0.14,-0.19,4.61
di-palm-b (owner),5,Def Leppard Pyromania,as-is,7.61,palm,C#3,138.5,-14.9,-12.19,-16.51,-14.2,-4.57,26.18,-10.98,27.24,3.27,-0.0,-0.8,-1.04,-1.05,2.59
di-palm-b (owner),5,Def Leppard Pyromania,as-is,8.06,palm,B1,61.5,-9.8,-11.14,-15.67,-13.02,-3.99,21.02,-10.2,-6.57,14.26,-0.0,0.04,0.14,0.0,-2.57
di-palm-b (owner),5,Def Leppard Pyromania,as-is,8.22,ring,B1,61.0,-17.9,-13.22,-18.32,-14.82,-3.18,23.73,-11.9,12.28,23.56,-0.0,,,,0.14
di-palm-b (owner),5,Def Leppard Pyromania,as-is,8.71,palm,C#2,69.0,-3.2,-10.24,-15.06,-11.98,-2.91,28.87,-8.94,13.31,29.36,-0.0,0.65,1.18,0.9,5.29
di-palm-b (owner),5,Def Leppard Pyromania,as-is,9.15,palm,D#2,77.2,-7.8,-10.61,-15.51,-12.31,-2.47,25.62,-9.34,17.68,24.82,-0.0,0.2,0.85,0.53,2.04
di-palm-b (owner),5,Def Leppard Pyromania,as-is,9.48,palm,E2,82.2,-9.2,-12.7,-17.14,-14.63,-2.7,26.4,-11.22,24.97,20.57,-0.0,-1.43,-1.47,-1.56,2.81
di-palm-b (owner),5,Def Leppard Pyromania,as-is,9.86,palm,F#2,93.0,-12.6,-9.49,-13.97,-11.4,-3.07,30.5,-7.67,30.45,13.7,-0.0,1.74,1.76,1.65,6.91
di-palm-b (owner),5,Def Leppard Pyromania,as-is,10.3,palm,G#2,104.0,-8.2,-8.13,-12.72,-9.98,-2.41,31.84,-6.44,31.89,5.13,-0.0,2.99,3.18,3.01,8.25
di-palm-b (owner),5,Def Leppard Pyromania,as-is,10.74,palm,A2,110.0,-12.9,-9.27,-13.62,-11.26,-3.16,31.4,-7.75,31.5,11.35,-0.0,2.09,1.9,1.87,7.81
di-palm-b (owner),5,Def Leppard Pyromania,as-is,11.17,palm,B2,123.8,-13.3,-12.64,-16.82,-14.74,-4.23,26.27,-11.3,26.8,7.52,-0.0,-1.11,-1.58,-1.5,2.68
di-palm-b (owner),5,Def Leppard Pyromania,as-is,11.61,palm,C#3,139.0,-12.5,-11.11,-15.54,-13.05,-3.35,28.44,-9.88,28.6,-5.35,-0.0,0.17,0.11,0.03,4.86
di-palm-b (owner),5,Def Leppard Pyromania,as-is,12.02,palm,B1,61.5,-9.6,-11.85,-16.51,-13.67,-3.5,20.53,-10.91,-1.32,10.65,-0.0,-0.8,-0.51,-0.71,-3.05
di-palm-b (owner),5,Def Leppard Pyromania,as-is,12.17,palm,B1,61.0,-17.2,-14.58,-19.74,-16.15,-4.18,22.07,-13.29,13.68,20.32,-0.0,-4.03,-2.99,-3.44,-1.52
di-palm-b (owner),5,Def Leppard Pyromania,as-is,12.56,palm,C#2,68.8,-5.9,-12.31,-17.52,-13.87,-3.32,24.42,-10.96,18.72,24.84,-0.0,-1.81,-0.71,-1.17,0.84
di-palm-b (owner),5,Def Leppard Pyromania,as-is,13.04,palm,D#2,77.5,-8.7,-12.0,-16.72,-13.79,-3.22,26.46,-10.56,23.58,23.47,-0.0,-1.01,-0.63,-0.86,2.88
di-palm-b (owner),5,Def Leppard Pyromania,as-is,13.45,palm,E2,82.5,-9.3,-11.5,-16.07,-13.36,-3.9,27.44,-10.0,24.85,24.16,-0.0,-0.36,-0.2,-0.36,3.86
di-palm-b (owner),5,Def Leppard Pyromania,as-is,13.89,palm,F#2,93.0,-12.4,-10.21,-14.5,-12.22,-2.49,29.82,-8.32,30.09,6.7,-0.0,1.21,0.94,0.93,6.23
di-palm-b (owner),5,Def Leppard Pyromania,as-is,14.35,palm,G#2,104.0,-10.7,-8.57,-13.23,-10.39,-2.82,31.89,-6.88,31.95,4.38,-0.0,2.48,2.77,2.57,8.3
di-palm-b (owner),5,Def Leppard Pyromania,as-is,14.78,palm,A2,109.5,-13.7,-10.6,-14.81,-12.67,-3.67,29.63,-9.13,29.87,16.76,-0.0,0.9,0.49,0.54,6.04
di-palm-b (owner),5,Def Leppard Pyromania,as-is,15.22,palm,B2,123.8,-13.9,-10.98,-15.44,-12.9,-4.03,28.27,-9.62,28.96,6.7,-0.0,0.27,0.26,0.16,4.68
di-palm-b (owner),5,Def Leppard Pyromania,as-is,15.71,palm,C#3,139.0,-12.2,-11.88,-16.23,-13.88,-3.88,25.04,-10.68,27.23,1.09,-0.0,-0.52,-0.72,-0.74,1.45
di-palm-b (owner),5,Def Leppard Pyromania,as-is,16.26,palm,B1,62.0,-7.0,-10.87,-15.47,-12.71,-4.07,20.54,-9.9,-2.15,16.2,-0.0,0.24,0.45,0.27,-3.05
di-palm-b (owner),5,Def Leppard Pyromania,as-is,16.4,palm,B1,61.0,-16.0,-8.87,-13.59,-10.66,-3.21,30.4,-7.47,4.24,30.19,-0.0,2.12,2.5,2.27,6.81
di-palm-b (owner),5,Def Leppard Pyromania,as-is,17.24,palm,B2,123.8,-8.2,-10.92,-15.42,-12.83,-3.26,28.21,-9.61,28.89,5.23,-0.0,0.29,0.33,0.22,4.62
di-palm-b (owner),5,Def Leppard Pyromania,as-is,17.85,palm,E2,84.2,-24.0,-12.88,-17.24,-14.87,-2.92,23.74,-11.12,23.02,12.48,-0.0,-1.53,-1.71,-1.74,0.15
di-palm-b (owner),5,Def Leppard Pyromania,as-is,18.04,palm,B1,63.2,-29.9,-17.32,-21.39,-19.48,-4.13,9.41,-16.36,-5.62,5.39,-0.0,-5.68,-6.32,-6.18,-14.18
di-palm-b (owner),5,Def Leppard Pyromania,as-is,18.2,palm,B1,61.2,-8.4,-10.73,-15.67,-12.4,-3.51,28.31,-9.37,8.19,28.94,-0.0,0.04,0.76,0.41,4.72
di-palm-b (owner),5,Def Leppard Pyromania,as-is,18.76,palm,C2,65.2,-25.4,-20.99,-25.85,-22.7,-6.26,11.83,-19.73,2.69,10.52,-0.0,-10.14,-9.54,-9.85,-11.76
di-palm-b (owner),5,Def Leppard Pyromania,as-is,19.12,palm,B2,124.5,-12.4,-12.13,-16.46,-14.14,-2.35,25.96,-10.78,27.55,1.08,-0.0,-0.75,-0.98,-0.99,2.38
di-palm-b (owner),5,Def Leppard Pyromania,as-is,19.93,palm,B1,61.0,-30.9,-16.81,-21.11,-18.83,-6.36,9.99,-15.95,-3.8,2.79,-0.0,-5.4,-5.67,-5.67,-13.6
di-palm-b (owner),5,Def Leppard Pyromania,as-is,20.07,palm,B1,61.2,-7.7,-10.33,-15.01,-12.13,-3.3,22.04,-9.25,-4.67,18.23,-0.0,0.7,1.03,0.81,-1.55
di-palm-b (owner),5,Def Leppard Pyromania,as-is,20.2,palm,B1,61.0,-18.3,-10.03,-14.94,-11.72,-3.82,29.48,-8.61,8.68,29.28,-0.0,0.77,1.44,1.11,5.89
di-palm-b (owner),5,Def Leppard Pyromania,as-is,20.61,palm,B1,62.2,-33.4,-24.25,-29.37,-25.84,-9.53,9.05,-23.75,-4.22,8.12,-0.0,-13.66,-12.68,-13.11,-14.54
di-palm-b (owner),5,Def Leppard Pyromania,as-is,21.04,palm,B2,123.8,-12.3,-12.08,-16.4,-14.08,-5.67,26.49,-10.72,27.82,0.52,-0.0,-0.69,-0.92,-0.94,2.9
di-palm-b (owner),5,Def Leppard Pyromania,as-is,21.99,palm,B1,61.5,-7.7,-12.9,-18.25,-14.4,-3.78,25.01,-11.71,10.91,24.28,-0.0,-2.54,-1.24,-1.76,1.43
di-palm-b (owner),5,Def Leppard Pyromania,as-is,22.52,palm,C#2,69.0,-5.2,-13.68,-18.65,-15.34,-3.39,23.22,-12.19,19.79,22.58,-0.0,-2.94,-2.18,-2.54,-0.37
di-palm-b (owner),5,Def Leppard Pyromania,as-is,23.05,palm,G2,99.5,-11.7,-12.43,-16.6,-14.53,-4.68,24.66,-10.73,27.21,4.2,-0.0,-0.89,-1.37,-1.29,1.07
di-palm-b (owner),5,Def Leppard Pyromania,as-is,23.79,palm,B1,61.5,-6.4,-10.94,-15.55,-12.79,-3.77,21.6,-10.0,-9.07,16.34,-0.0,0.16,0.37,0.2,-1.98
di-palm-b (owner),5,Def Leppard Pyromania,as-is,23.94,palm,B1,61.2,-18.4,-11.94,-16.96,-13.58,-2.84,26.58,-10.59,12.13,25.48,-0.0,-1.25,-0.42,-0.8,2.99
di-palm-b (owner),5,Def Leppard Pyromania,as-is,24.3,palm,C#2,68.8,-7.9,-11.67,-16.49,-13.41,-2.69,25.68,-10.3,17.69,26.6,-0.0,-0.78,-0.25,-0.53,2.09
di-palm-b (owner),5,Def Leppard Pyromania,as-is,24.77,palm,D#2,77.5,-7.9,-11.23,-16.03,-12.98,-1.76,27.44,-9.86,22.97,25.5,-0.0,-0.32,0.18,-0.09,3.86
di-palm-b (owner),5,Def Leppard Pyromania,as-is,25.14,palm,E2,82.0,-10.9,-12.7,-17.16,-14.62,-4.12,24.02,-11.07,21.09,14.74,-0.0,-1.45,-1.46,-1.56,0.43
di-palm-b (owner),5,Def Leppard Pyromania,as-is,25.38,palm,E2,83.5,-35.3,-15.44,-19.54,-17.57,-7.52,21.86,-13.42,21.26,7.24,-0.0,-3.83,-4.41,-4.3,-1.73
di-palm-b (owner),5,Def Leppard Pyromania,as-is,25.57,palm,F#2,92.5,-11.7,-9.83,-14.29,-11.75,-3.93,30.62,-7.94,30.62,7.44,-0.0,1.42,1.41,1.31,7.04
di-palm-b (owner),5,Def Leppard Pyromania,as-is,25.99,palm,G#2,104.0,-10.8,-8.48,-13.11,-10.32,-2.49,31.97,-6.8,32.12,6.74,-0.0,2.6,2.84,2.66,8.38
di-palm-b (owner),5,Def Leppard Pyromania,as-is,26.43,palm,A2,110.0,-15.6,-11.1,-15.32,-13.17,-3.41,28.69,-9.57,29.24,7.02,-0.0,0.39,-0.01,0.04,5.11
di-palm-b (owner),5,Def Leppard Pyromania,as-is,26.87,palm,B2,124.0,-19.4,-12.79,-17.08,-14.81,-5.09,25.58,-11.4,26.56,3.34,-0.0,-1.37,-1.65,-1.65,1.99
di-palm-b (owner),5,Def Leppard Pyromania,as-is,27.33,palm,C#3,138.5,-13.6,-12.61,-16.87,-14.65,-4.68,23.58,-11.37,26.02,-1.48,-0.0,-1.16,-1.49,-1.47,-0.01
di-palm-b (owner),5,Def Leppard Pyromania,as-is,28.04,palm,B1,61.5,-6.7,-10.89,-15.53,-12.71,-3.05,24.14,-9.73,0.54,21.67,-0.0,0.18,0.45,0.25,0.55
di-palm-b (owner),5,Def Leppard Pyromania,as-is,28.23,palm,B1,61.0,-19.7,-9.28,-14.06,-11.03,-3.16,30.56,-7.88,6.84,30.24,-0.0,1.65,2.13,1.86,6.97
di-palm-b (owner),5,Def Leppard Pyromania,as-is,28.59,palm,C#2,69.0,-6.1,-12.15,-17.18,-13.78,-1.94,25.24,-10.78,18.05,25.34,-0.0,-1.47,-0.62,-1.01,1.65
di-palm-b (owner),5,Def Leppard Pyromania,as-is,29.04,palm,D#2,77.8,-5.0,-12.37,-17.22,-14.09,-2.2,26.14,-10.94,23.84,22.01,-0.0,-1.51,-0.93,-1.23,2.55
di-palm-b (owner),5,Def Leppard Pyromania,as-is,29.44,palm,E2,82.2,-13.4,-12.25,-16.7,-14.19,-3.33,26.5,-10.75,24.55,22.01,-0.0,-0.99,-1.03,-1.11,2.91
di-palm-b (owner),5,Def Leppard Pyromania,as-is,29.85,palm,F#2,94.5,-12.6,-9.71,-14.27,-11.58,-2.97,22.91,-7.94,22.25,11.81,-0.0,1.44,1.58,1.43,-0.68
di-palm-b (owner),6,Def Leppard Hysteria,as-is,0.07,palm,A2,110.5,-14.8,-14.58,-20.22,-15.96,-5.59,-4.78,-14.06,-6.69,-0.91,-0.0,2.52,2.65,2.56,-19.39
di-palm-b (owner),6,Def Leppard Hysteria,as-is,0.41,palm,B2,123.8,-15.8,-17.69,-23.33,-19.08,-5.76,9.15,-17.18,9.14,9.73,-0.0,-0.59,-0.47,-0.55,-5.46
di-palm-b (owner),6,Def Leppard Hysteria,as-is,0.79,palm,C#3,138.5,-14.6,-18.23,-23.89,-19.61,-5.71,2.0,-17.76,1.84,7.71,-0.0,-1.15,-1.0,-1.09,-12.61
di-palm-b (owner),6,Def Leppard Hysteria,as-is,1.11,ring,B1,61.0,-15.3,-17.55,-23.23,-18.92,-5.17,14.53,-17.03,-14.41,2.36,-0.0,,,,-0.08
di-palm-b (owner),6,Def Leppard Hysteria,as-is,1.57,palm,C#2,68.5,-7.7,-16.33,-21.66,-17.83,-5.4,13.16,-15.76,-5.51,13.04,-0.0,1.08,0.78,0.81,-1.45
di-palm-b (owner),6,Def Leppard Hysteria,as-is,1.96,palm,D#2,77.0,-8.0,-17.22,-22.18,-18.89,-6.08,15.0,-16.68,-2.92,14.9,-0.0,0.56,-0.28,-0.08,0.39
di-palm-b (owner),6,Def Leppard Hysteria,as-is,2.33,palm,E2,82.0,-11.6,-15.84,-21.51,-17.21,-3.36,7.2,-15.33,-8.93,7.01,-0.0,1.23,1.4,1.3,-7.41
di-palm-b (owner),6,Def Leppard Hysteria,as-is,2.69,palm,F#2,92.2,-12.4,-17.06,-22.84,-18.4,-5.05,3.15,-16.53,0.36,-0.42,-0.0,-0.1,0.21,0.08,-11.46
di-palm-b (owner),6,Def Leppard Hysteria,as-is,3.06,palm,G#2,104.0,-11.5,-17.06,-22.69,-18.45,-4.77,3.88,-16.59,3.52,0.47,-0.0,0.05,0.16,0.08,-10.73
di-palm-b (owner),6,Def Leppard Hysteria,as-is,3.43,palm,A2,110.0,-14.8,-12.45,-18.03,-13.85,-3.62,-1.12,-11.89,-1.83,7.43,-0.0,4.71,4.76,4.69,-15.73
di-palm-b (owner),6,Def Leppard Hysteria,as-is,3.79,palm,B2,123.8,-13.6,-17.13,-23.04,-18.42,-6.0,5.2,-16.62,5.13,8.78,-0.0,-0.3,0.19,0.01,-9.41
di-palm-b (owner),6,Def Leppard Hysteria,as-is,4.16,palm,C#3,138.5,-15.7,-19.06,-24.36,-20.58,-4.83,8.8,-18.58,8.78,1.31,-0.0,-1.62,-1.97,-1.92,-5.81
di-palm-b (owner),6,Def Leppard Hysteria,as-is,4.46,palm,B1,61.8,-7.5,-14.54,-19.97,-16.0,-5.67,2.12,-14.16,-19.59,-6.63,-0.0,2.77,2.61,2.6,-12.49
di-palm-b (owner),6,Def Leppard Hysteria,as-is,4.63,palm,B1,61.0,-19.1,-16.76,-22.15,-18.24,-5.31,13.03,-16.27,-17.44,4.75,-0.0,0.59,0.37,0.38,-1.58
di-palm-b (owner),6,Def Leppard Hysteria,as-is,4.9,palm,C#2,68.8,-13.5,-16.58,-21.88,-18.1,-5.07,13.23,-16.09,-7.58,13.08,-0.0,0.86,0.51,0.56,-1.38
di-palm-b (owner),6,Def Leppard Hysteria,as-is,5.3,palm,D#2,77.2,-8.5,-17.47,-22.58,-19.08,-6.04,11.04,-16.93,-12.47,11.0,-0.0,0.16,-0.47,-0.33,-3.57
di-palm-b (owner),6,Def Leppard Hysteria,as-is,5.64,palm,E2,82.2,-12.3,-15.57,-21.2,-16.95,-5.08,8.45,-15.04,-7.37,8.07,-0.0,1.54,1.66,1.57,-6.16
di-palm-b (owner),6,Def Leppard Hysteria,as-is,6.0,palm,F#2,93.0,-10.2,-16.75,-22.4,-18.13,-5.99,2.39,-16.25,-2.63,0.47,-0.0,0.34,0.48,0.39,-12.22
di-palm-b (owner),6,Def Leppard Hysteria,as-is,6.41,palm,G#2,104.0,-11.5,-17.61,-23.2,-19.02,-3.64,10.16,-17.09,10.07,7.28,-0.0,-0.46,-0.41,-0.47,-4.45
di-palm-b (owner),6,Def Leppard Hysteria,as-is,6.79,palm,A2,109.8,-13.3,-15.19,-20.9,-16.54,-5.89,2.7,-14.71,1.72,8.36,-0.0,1.84,2.07,1.95,-11.91
di-palm-b (owner),6,Def Leppard Hysteria,as-is,7.16,palm,B2,124.0,-10.4,-17.77,-23.48,-19.13,-5.77,7.13,-17.24,7.84,9.29,-0.0,-0.74,-0.52,-0.63,-7.48
di-palm-b (owner),6,Def Leppard Hysteria,as-is,7.61,palm,C#3,138.5,-14.9,-17.72,-23.6,-19.01,-5.87,2.33,-17.17,3.33,2.77,-0.0,-0.86,-0.4,-0.58,-12.28
di-palm-b (owner),6,Def Leppard Hysteria,as-is,8.06,palm,B1,61.5,-9.8,-13.82,-19.29,-15.27,-5.3,4.38,-13.3,-20.27,-9.16,-0.0,3.45,3.34,3.32,-10.23
di-palm-b (owner),6,Def Leppard Hysteria,as-is,8.22,ring,B1,61.0,-17.9,-19.69,-25.32,-21.09,-6.46,14.7,-18.85,-12.56,7.43,-0.0,,,,0.09
di-palm-b (owner),6,Def Leppard Hysteria,as-is,8.71,palm,C#2,69.0,-3.2,-16.69,-21.83,-18.29,-5.52,13.36,-16.14,-5.02,13.62,-0.0,0.91,0.32,0.45,-1.25
di-palm-b (owner),6,Def Leppard Hysteria,as-is,9.15,palm,D#2,77.2,-7.8,-16.66,-21.58,-18.35,-6.01,12.91,-16.12,-7.7,12.86,-0.0,1.16,0.26,0.48,-1.7
di-palm-b (owner),6,Def Leppard Hysteria,as-is,9.48,palm,E2,82.2,-9.2,-16.59,-22.27,-17.95,-5.37,7.02,-16.14,-7.11,6.73,-0.0,0.47,0.66,0.55,-7.59
di-palm-b (owner),6,Def Leppard Hysteria,as-is,9.86,palm,F#2,93.0,-12.6,-19.26,-25.11,-20.57,-5.54,7.02,-18.78,-2.1,7.89,-0.0,-2.37,-1.96,-2.12,-7.59
di-palm-b (owner),6,Def Leppard Hysteria,as-is,10.3,palm,G#2,104.0,-8.2,-19.01,-25.0,-20.26,-5.34,6.97,-18.47,7.52,2.33,-0.0,-2.26,-1.65,-1.87,-7.64
di-palm-b (owner),6,Def Leppard Hysteria,as-is,10.74,palm,A2,110.0,-12.9,-16.9,-22.6,-18.26,-6.33,4.59,-16.49,4.58,6.42,-0.0,0.14,0.35,0.24,-10.02
di-palm-b (owner),6,Def Leppard Hysteria,as-is,11.17,palm,B2,123.8,-13.3,-16.19,-22.0,-17.51,-5.39,2.02,-15.65,2.57,6.9,-0.0,0.74,1.1,0.95,-12.59
di-palm-b (owner),6,Def Leppard Hysteria,as-is,11.61,palm,C#3,139.0,-12.5,-18.13,-23.76,-19.52,-5.03,6.54,-17.59,6.77,-6.7,-0.0,-1.02,-0.91,-0.99,-8.07
di-palm-b (owner),6,Def Leppard Hysteria,as-is,12.02,palm,B1,61.5,-9.6,-13.42,-18.89,-14.88,-4.94,4.31,-12.93,-24.01,-12.09,-0.0,3.85,3.73,3.72,-10.3
di-palm-b (owner),6,Def Leppard Hysteria,as-is,12.17,palm,B1,61.0,-17.2,-17.82,-23.14,-19.34,-5.43,15.27,-17.21,-9.24,9.63,-0.0,-0.4,-0.73,-0.68,0.66
di-palm-b (owner),6,Def Leppard Hysteria,as-is,12.56,palm,C#2,68.8,-5.9,-18.29,-23.32,-19.92,-5.51,10.83,-17.73,-4.07,11.63,-0.0,-0.58,-1.31,-1.15,-3.78
di-palm-b (owner),6,Def Leppard Hysteria,as-is,13.04,palm,D#2,77.5,-8.7,-18.23,-23.62,-19.71,-6.32,11.81,-17.7,-4.75,11.95,-0.0,-0.88,-1.1,-1.09,-2.8
di-palm-b (owner),6,Def Leppard Hysteria,as-is,13.45,palm,E2,82.5,-9.3,-15.52,-21.18,-16.89,-5.23,9.97,-14.94,-8.51,10.52,-0.0,1.56,1.72,1.62,-4.64
di-palm-b (owner),6,Def Leppard Hysteria,as-is,13.89,palm,F#2,93.0,-12.4,-18.21,-24.2,-19.47,-5.88,-2.08,-17.67,-4.57,-5.77,-0.0,-1.46,-0.86,-1.07,-16.7
di-palm-b (owner),6,Def Leppard Hysteria,as-is,14.35,palm,G#2,104.0,-10.7,-18.24,-23.65,-19.72,-6.16,9.58,-17.71,9.77,9.16,-0.0,-0.91,-1.11,-1.1,-5.03
di-palm-b (owner),6,Def Leppard Hysteria,as-is,14.78,palm,A2,109.5,-13.7,-15.61,-21.19,-17.02,-5.6,0.96,-15.1,0.73,9.41,-0.0,1.55,1.59,1.53,-13.65
di-palm-b (owner),6,Def Leppard Hysteria,as-is,15.22,palm,B2,123.8,-13.9,-19.47,-25.22,-20.81,-7.1,7.95,-18.97,9.3,11.02,-0.0,-2.48,-2.2,-2.33,-6.66
di-palm-b (owner),6,Def Leppard Hysteria,as-is,15.71,palm,C#3,139.0,-12.2,-18.32,-24.21,-19.61,-6.67,1.68,-17.84,4.15,1.95,-0.0,-1.47,-1.0,-1.18,-12.93
di-palm-b (owner),6,Def Leppard Hysteria,as-is,16.26,palm,B1,62.0,-7.0,-13.9,-19.13,-15.45,-6.15,1.94,-13.48,-25.18,-6.39,-0.0,3.61,3.16,3.24,-12.67
di-palm-b (owner),6,Def Leppard Hysteria,as-is,16.4,palm,B1,61.0,-16.0,-18.58,-24.51,-19.86,-4.81,17.1,-17.73,-14.03,10.03,-0.0,-1.77,-1.25,-1.44,2.49
di-palm-b (owner),6,Def Leppard Hysteria,as-is,17.24,palm,B2,123.8,-8.2,-15.4,-21.21,-16.72,-5.21,7.81,-14.87,8.45,9.29,-0.0,1.53,1.89,1.74,-6.8
di-palm-b (owner),6,Def Leppard Hysteria,as-is,17.85,palm,E2,84.2,-24.0,-17.14,-22.54,-18.61,-6.51,1.52,-16.75,-9.53,0.62,-0.0,0.2,0.0,0.0,-13.09
di-palm-b (owner),6,Def Leppard Hysteria,as-is,18.04,palm,B1,63.2,-29.9,-14.9,-20.26,-16.39,-5.99,-9.73,-14.48,-29.06,-19.2,-0.0,2.48,2.22,2.24,-24.34
di-palm-b (owner),6,Def Leppard Hysteria,as-is,18.2,palm,B1,61.2,-8.4,-18.07,-24.07,-19.33,-6.22,13.79,-17.48,-13.54,11.12,-0.0,-1.33,-0.72,-0.93,-0.82
di-palm-b (owner),6,Def Leppard Hysteria,as-is,18.76,palm,C2,65.2,-25.4,-21.39,-26.68,-22.91,-7.29,-7.63,-21.13,-27.82,-10.09,-0.0,-3.94,-4.3,-4.25,-22.24
di-palm-b (owner),6,Def Leppard Hysteria,as-is,19.12,palm,B2,124.5,-12.4,-18.58,-24.49,-19.86,-5.68,3.08,-18.09,5.11,5.77,-0.0,-1.75,-1.25,-1.44,-11.53
di-palm-b (owner),6,Def Leppard Hysteria,as-is,19.93,palm,B1,61.0,-30.9,-15.04,-20.6,-16.45,-6.05,-5.36,-14.6,-39.51,-18.14,-0.0,2.14,2.16,2.1,-19.97
di-palm-b (owner),6,Def Leppard Hysteria,as-is,20.07,palm,B1,61.2,-7.7,-13.85,-19.63,-15.19,-4.98,5.88,-13.33,-14.59,-12.54,-0.0,3.11,3.42,3.29,-8.73
di-palm-b (owner),6,Def Leppard Hysteria,as-is,20.2,palm,B1,61.0,-18.3,-20.69,-25.89,-22.25,-8.63,15.47,-19.85,-13.88,10.72,-0.0,-3.15,-3.64,-3.55,0.86
di-palm-b (owner),6,Def Leppard Hysteria,as-is,20.61,palm,B1,62.2,-33.4,-21.18,-26.92,-22.53,-8.21,-3.96,-21.02,-30.29,-9.91,-0.0,-4.18,-3.92,-4.04,-18.57
di-palm-b (owner),6,Def Leppard Hysteria,as-is,21.04,palm,B2,123.8,-12.3,-16.49,-22.33,-17.8,-5.09,3.8,-15.95,5.52,-1.95,-0.0,0.41,0.81,0.65,-10.81
di-palm-b (owner),6,Def Leppard Hysteria,as-is,21.99,palm,B1,61.5,-7.7,-16.52,-22.32,-17.85,-5.63,16.92,-15.94,-15.07,7.8,-0.0,0.42,0.76,0.62,2.31
di-palm-b (owner),6,Def Leppard Hysteria,as-is,22.52,palm,C#2,69.0,-5.2,-18.33,-23.93,-19.73,-4.97,8.57,-17.82,-3.17,10.4,-0.0,-1.19,-1.12,-1.19,-6.04
di-palm-b (owner),6,Def Leppard Hysteria,as-is,23.05,palm,G2,99.5,-11.7,-21.09,-27.83,-22.13,-5.52,-5.16,-20.73,-8.26,-1.44,-0.0,-5.09,-3.52,-3.95,-19.77
di-palm-b (owner),6,Def Leppard Hysteria,as-is,23.79,palm,B1,61.5,-6.4,-13.99,-19.47,-15.43,-5.5,7.31,-13.53,-20.24,-8.02,-0.0,3.27,3.18,3.15,-7.3
di-palm-b (owner),6,Def Leppard Hysteria,as-is,23.94,palm,B1,61.2,-18.4,-17.38,-22.74,-18.88,-6.22,16.86,-16.68,-15.37,6.75,-0.0,0.0,-0.27,-0.24,2.25
di-palm-b (owner),6,Def Leppard Hysteria,as-is,24.3,palm,C#2,68.8,-7.9,-17.97,-23.56,-19.38,-6.17,10.03,-17.44,-7.72,11.33,-0.0,-0.82,-0.77,-0.83,-4.58
di-palm-b (owner),6,Def Leppard Hysteria,as-is,24.77,palm,D#2,77.5,-7.9,-17.83,-23.05,-19.38,-4.26,14.07,-17.26,-4.3,13.99,-0.0,-0.31,-0.77,-0.69,-0.54
di-palm-b (owner),6,Def Leppard Hysteria,as-is,25.14,palm,E2,82.0,-10.9,-16.35,-22.16,-17.67,-5.55,3.51,-15.88,-10.08,1.3,-0.0,0.58,0.94,0.79,-11.1
di-palm-b (owner),6,Def Leppard Hysteria,as-is,25.38,palm,E2,83.5,-35.3,-18.57,-23.65,-20.19,-6.7,-3.57,-18.09,-12.49,-6.16,-0.0,-0.91,-1.58,-1.43,-18.18
di-palm-b (owner),6,Def Leppard Hysteria,as-is,25.57,palm,F#2,92.5,-11.7,-17.14,-22.87,-18.5,-5.04,-0.54,-16.64,-2.17,-5.21,-0.0,-0.13,0.11,0.0,-15.15
di-palm-b (owner),6,Def Leppard Hysteria,as-is,25.99,palm,G#2,104.0,-10.8,-18.27,-23.82,-19.69,-6.1,8.22,-17.73,8.75,7.96,-0.0,-1.08,-1.08,-1.13,-6.39
di-palm-b (owner),6,Def Leppard Hysteria,as-is,26.43,palm,A2,110.0,-15.6,-17.32,-22.99,-18.69,-5.73,-0.52,-16.85,-0.03,3.38,-0.0,-0.25,-0.08,-0.18,-15.13
di-palm-b (owner),6,Def Leppard Hysteria,as-is,26.87,palm,B2,124.0,-19.4,-16.32,-22.08,-17.66,-5.71,2.26,-15.77,3.43,4.04,-0.0,0.66,0.95,0.82,-12.35
di-palm-b (owner),6,Def Leppard Hysteria,as-is,27.33,palm,C#3,138.5,-13.6,-17.6,-23.4,-18.93,-5.62,-0.39,-17.04,1.99,-2.53,-0.0,-0.66,-0.32,-0.46,-15.0
di-palm-b (owner),6,Def Leppard Hysteria,as-is,28.04,palm,B1,61.5,-6.7,-14.11,-19.63,-15.54,-4.92,7.35,-13.64,-15.87,-5.62,-0.0,3.11,3.07,3.03,-7.26
di-palm-b (owner),6,Def Leppard Hysteria,as-is,28.23,palm,B1,61.0,-19.7,-18.0,-23.22,-19.55,-5.28,15.52,-17.35,-13.13,12.33,-0.0,-0.48,-0.94,-0.86,0.91
di-palm-b (owner),6,Def Leppard Hysteria,as-is,28.59,palm,C#2,69.0,-6.1,-18.58,-24.05,-20.03,-6.29,10.22,-18.07,-6.06,11.02,-0.0,-1.31,-1.42,-1.44,-4.39
di-palm-b (owner),6,Def Leppard Hysteria,as-is,29.04,palm,D#2,77.8,-5.0,-17.01,-22.23,-18.56,-5.58,13.11,-16.46,-1.32,12.93,-0.0,0.51,0.05,0.13,-1.5
di-palm-b (owner),6,Def Leppard Hysteria,as-is,29.44,palm,E2,82.2,-13.4,-17.45,-23.12,-18.82,-5.95,7.52,-16.93,-8.51,7.58,-0.0,-0.38,-0.21,-0.31,-7.09
di-palm-b (owner),6,Def Leppard Hysteria,as-is,29.85,palm,F#2,94.5,-12.6,-13.01,-19.03,-14.25,-4.47,-4.43,-12.44,-13.19,-4.3,-0.0,3.71,4.36,4.13,-19.04
di-palm-b (owner),8,Comfortably Numb,as-is,0.07,palm,A2,110.5,-14.8,-20.27,-25.39,-21.86,-8.46,13.21,-19.74,13.12,5.34,-0.0,-1.05,0.02,-0.14,-5.21
di-palm-b (owner),8,Comfortably Numb,as-is,0.41,palm,B2,123.8,-15.8,-17.44,-22.35,-19.13,-7.85,22.47,-16.18,22.45,-1.78,-0.0,1.99,2.75,2.69,4.05
di-palm-b (owner),8,Comfortably Numb,as-is,0.79,palm,C#3,138.5,-14.6,-20.5,-24.0,-23.08,-8.07,14.32,-19.85,14.18,-1.69,-0.0,0.34,-1.2,-0.37,-4.1
di-palm-b (owner),8,Comfortably Numb,as-is,1.11,ring,B1,61.0,-15.3,-20.62,-25.7,-22.23,-7.76,17.23,-20.02,1.32,15.74,-0.0,,,,-1.19
di-palm-b (owner),8,Comfortably Numb,as-is,1.57,palm,C#2,68.5,-7.7,-19.75,-23.53,-22.11,-7.26,17.26,-19.11,5.58,16.52,-0.0,0.81,-0.23,0.38,-1.16
di-palm-b (owner),8,Comfortably Numb,as-is,1.96,palm,D#2,77.0,-8.0,-19.34,-22.76,-21.97,-6.64,17.42,-18.56,8.84,16.04,-0.0,1.58,-0.09,0.79,-1.0
di-palm-b (owner),8,Comfortably Numb,as-is,2.33,palm,E2,82.0,-11.6,-20.34,-25.05,-22.14,-7.51,15.33,-19.69,5.83,13.61,-0.0,-0.71,-0.26,-0.21,-3.09
di-palm-b (owner),8,Comfortably Numb,as-is,2.69,palm,F#2,92.2,-12.4,-22.41,-26.9,-24.31,-7.64,12.96,-21.8,9.72,7.94,-0.0,-2.56,-2.43,-2.28,-5.46
di-palm-b (owner),8,Comfortably Numb,as-is,3.06,palm,G#2,104.0,-11.5,-20.76,-25.08,-22.77,-8.5,17.76,-19.76,17.51,3.61,-0.0,-0.74,-0.89,-0.63,-0.66
di-palm-b (owner),8,Comfortably Numb,as-is,3.43,palm,A2,110.0,-14.8,-19.52,-24.56,-21.16,-6.06,16.95,-19.0,16.72,8.88,-0.0,-0.22,0.72,0.61,-1.47
di-palm-b (owner),8,Comfortably Numb,as-is,3.79,palm,B2,123.8,-13.6,-18.14,-22.99,-19.87,-9.26,21.68,-17.15,21.6,3.04,-0.0,1.35,2.01,1.99,3.26
di-palm-b (owner),8,Comfortably Numb,as-is,4.16,palm,C#3,138.5,-15.7,-20.44,-22.99,-23.96,-9.55,14.45,-19.53,14.18,-7.72,-0.0,1.35,-2.08,-0.31,-3.97
di-palm-b (owner),8,Comfortably Numb,as-is,4.46,palm,B1,61.8,-7.5,-17.54,-22.22,-19.35,-5.48,13.35,-17.22,-15.1,9.72,-0.0,2.12,2.53,2.59,-5.07
di-palm-b (owner),8,Comfortably Numb,as-is,4.63,palm,B1,61.0,-19.1,-16.49,-21.51,-18.13,-7.76,20.06,-15.27,-7.9,19.2,-0.0,2.83,3.75,3.64,1.64
di-palm-b (owner),8,Comfortably Numb,as-is,4.9,palm,C#2,68.8,-13.5,-17.72,-20.81,-20.64,-7.16,19.73,-16.79,4.99,19.14,-0.0,3.53,1.24,2.41,1.31
di-palm-b (owner),8,Comfortably Numb,as-is,5.3,palm,D#2,77.2,-8.5,-19.43,-23.16,-21.83,-7.42,14.65,-18.75,3.41,13.54,-0.0,1.18,0.05,0.7,-3.77
di-palm-b (owner),8,Comfortably Numb,as-is,5.64,palm,E2,82.2,-12.3,-20.5,-25.25,-22.27,-8.24,14.72,-19.83,6.24,13.01,-0.0,-0.91,-0.39,-0.37,-3.7
di-palm-b (owner),8,Comfortably Numb,as-is,6.0,palm,F#2,93.0,-10.2,-22.61,-27.31,-24.4,-7.23,11.67,-22.16,9.29,6.43,-0.0,-2.97,-2.52,-2.48,-6.75
di-palm-b (owner),8,Comfortably Numb,as-is,6.41,palm,G#2,104.0,-11.5,-19.35,-23.68,-21.35,-5.99,19.57,-18.2,19.41,2.29,-0.0,0.66,0.53,0.78,1.15
di-palm-b (owner),8,Comfortably Numb,as-is,6.79,palm,A2,109.8,-13.3,-19.86,-24.95,-21.47,-7.9,17.31,-19.1,17.14,6.8,-0.0,-0.61,0.41,0.27,-1.11
di-palm-b (owner),8,Comfortably Numb,as-is,7.16,palm,B2,124.0,-10.4,-17.37,-22.04,-19.19,-6.28,21.67,-16.24,21.94,-1.19,-0.0,2.3,2.69,2.76,3.25
di-palm-b (owner),8,Comfortably Numb,as-is,7.61,palm,C#3,138.5,-14.9,-20.87,-24.02,-23.75,-8.64,15.81,-20.22,15.93,-0.65,-0.0,0.32,-1.87,-0.74,-2.61
di-palm-b (owner),8,Comfortably Numb,as-is,8.06,palm,B1,61.5,-9.8,-17.09,-21.74,-18.91,-5.3,12.95,-16.85,-15.17,7.66,-0.0,2.6,2.97,3.04,-5.47
di-palm-b (owner),8,Comfortably Numb,as-is,8.22,ring,B1,61.0,-17.9,-18.47,-23.32,-20.19,-9.44,19.61,-17.22,-0.59,19.81,-0.0,,,,1.19
di-palm-b (owner),8,Comfortably Numb,as-is,8.71,palm,C#2,69.0,-3.2,-20.2,-24.05,-22.51,-5.52,15.39,-19.81,4.24,14.85,-0.0,0.29,-0.63,-0.07,-3.03
di-palm-b (owner),8,Comfortably Numb,as-is,9.15,palm,D#2,77.2,-7.8,-19.16,-22.77,-21.65,-6.25,15.08,-18.5,4.78,14.13,-0.0,1.57,0.23,0.97,-3.34
di-palm-b (owner),8,Comfortably Numb,as-is,9.48,palm,E2,82.2,-9.2,-20.0,-24.69,-21.8,-7.77,15.33,-19.47,4.97,13.4,-0.0,-0.35,0.08,0.13,-3.09
di-palm-b (owner),8,Comfortably Numb,as-is,9.86,palm,F#2,93.0,-12.6,-21.46,-26.22,-23.23,-7.88,13.6,-20.78,9.18,11.0,-0.0,-1.88,-1.35,-1.33,-4.82
di-palm-b (owner),8,Comfortably Numb,as-is,10.3,palm,G#2,104.0,-8.2,-20.13,-24.42,-22.15,-7.85,18.73,-18.96,18.64,2.73,-0.0,-0.08,-0.27,0.0,0.31
di-palm-b (owner),8,Comfortably Numb,as-is,10.74,palm,A2,110.0,-12.9,-20.14,-25.04,-21.84,-8.85,17.28,-19.26,17.38,4.2,-0.0,-0.7,0.04,-0.01,-1.14
di-palm-b (owner),8,Comfortably Numb,as-is,11.17,palm,B2,123.8,-13.3,-18.04,-23.1,-19.67,-7.07,21.31,-17.0,21.58,0.16,-0.0,1.24,2.21,2.09,2.89
di-palm-b (owner),8,Comfortably Numb,as-is,11.61,palm,C#3,139.0,-12.5,-20.95,-24.01,-23.92,-8.45,15.72,-20.23,15.62,-5.48,-0.0,0.33,-2.04,-0.82,-2.7
di-palm-b (owner),8,Comfortably Numb,as-is,12.02,palm,B1,61.5,-9.6,-17.95,-22.6,-19.77,-8.29,12.93,-17.5,-9.52,9.32,-0.0,1.74,2.11,2.18,-5.49
di-palm-b (owner),8,Comfortably Numb,as-is,12.17,palm,B1,61.0,-17.2,-19.62,-24.41,-21.37,-6.53,17.63,-18.59,2.27,17.17,-0.0,-0.07,0.51,0.51,-0.79
di-palm-b (owner),8,Comfortably Numb,as-is,12.56,palm,C#2,68.8,-5.9,-21.49,-25.02,-24.04,-7.95,13.34,-20.95,8.12,12.42,-0.0,-0.68,-2.16,-1.36,-5.08
di-palm-b (owner),8,Comfortably Numb,as-is,13.04,palm,D#2,77.5,-8.7,-20.98,-25.28,-23.0,-7.94,14.83,-20.41,9.06,13.19,-0.0,-0.94,-1.12,-0.85,-3.59
di-palm-b (owner),8,Comfortably Numb,as-is,13.45,palm,E2,82.5,-9.3,-20.2,-25.15,-21.87,-7.35,14.88,-19.57,5.84,14.7,-0.0,-0.81,0.01,-0.07,-3.54
di-palm-b (owner),8,Comfortably Numb,as-is,13.89,palm,F#2,93.0,-12.4,-23.47,-28.06,-25.33,-8.69,11.08,-22.98,9.02,4.49,-0.0,-3.72,-3.45,-3.34,-7.34
di-palm-b (owner),8,Comfortably Numb,as-is,14.35,palm,G#2,104.0,-10.7,-19.85,-24.15,-21.88,-8.01,19.16,-18.69,19.14,3.36,-0.0,0.19,0.0,0.28,0.74
di-palm-b (owner),8,Comfortably Numb,as-is,14.78,palm,A2,109.5,-13.7,-20.16,-25.25,-21.77,-7.8,16.29,-19.34,16.62,7.11,-0.0,-0.91,0.11,-0.03,-2.13
di-palm-b (owner),8,Comfortably Numb,as-is,15.22,palm,B2,123.8,-13.9,-17.35,-22.18,-19.09,-7.29,21.66,-16.13,22.11,0.99,-0.0,2.16,2.79,2.78,3.24
di-palm-b (owner),8,Comfortably Numb,as-is,15.71,palm,C#3,139.0,-12.2,-20.84,-24.34,-23.42,-6.82,14.75,-20.23,15.6,-1.03,-0.0,0.0,-1.54,-0.71,-3.67
di-palm-b (owner),8,Comfortably Numb,as-is,16.26,palm,B1,62.0,-7.0,-17.16,-22.13,-18.83,-5.98,12.16,-17.18,-16.72,6.12,-0.0,2.21,3.05,2.97,-6.26
di-palm-b (owner),8,Comfortably Numb,as-is,16.4,palm,B1,61.0,-16.0,-15.32,-20.45,-16.91,-8.19,23.91,-14.03,-8.19,23.75,-0.0,3.89,4.97,4.81,5.49
di-palm-b (owner),8,Comfortably Numb,as-is,17.24,palm,B2,123.8,-8.2,-17.7,-22.56,-19.42,-5.96,20.47,-16.66,20.46,3.13,-0.0,1.78,2.46,2.43,2.05
di-palm-b (owner),8,Comfortably Numb,as-is,17.85,palm,E2,84.2,-24.0,-22.59,-27.13,-24.47,-10.47,9.71,-21.83,1.93,3.25,-0.0,-2.79,-2.59,-2.46,-8.71
di-palm-b (owner),8,Comfortably Numb,as-is,18.04,palm,B1,63.2,-29.9,-21.02,-25.85,-22.75,-9.75,7.82,-20.72,-9.94,6.03,-0.0,-1.51,-0.87,-0.89,-10.6
di-palm-b (owner),8,Comfortably Numb,as-is,18.2,palm,B1,61.2,-8.4,-17.11,-22.07,-18.77,-5.47,21.97,-16.06,-3.92,22.18,-0.0,2.27,3.11,3.02,3.55
di-palm-b (owner),8,Comfortably Numb,as-is,18.76,palm,C2,65.2,-25.4,-25.27,-29.22,-27.51,-13.63,10.92,-24.32,-2.86,9.17,-0.0,-4.88,-5.63,-5.14,-7.5
di-palm-b (owner),8,Comfortably Numb,as-is,19.12,palm,B2,124.5,-12.4,-17.89,-22.65,-19.66,-6.97,19.96,-16.8,21.09,-1.54,-0.0,1.69,2.22,2.24,1.54
di-palm-b (owner),8,Comfortably Numb,as-is,19.93,palm,B1,61.0,-30.9,-20.73,-25.52,-22.48,-11.02,9.55,-20.13,-11.44,7.84,-0.0,-1.18,-0.6,-0.6,-8.87
di-palm-b (owner),8,Comfortably Numb,as-is,20.07,palm,B1,61.2,-7.7,-16.89,-21.93,-18.52,-7.47,14.08,-16.42,-19.12,12.25,-0.0,2.41,3.36,3.24,-4.34
di-palm-b (owner),8,Comfortably Numb,as-is,20.2,palm,B1,61.0,-18.3,-16.63,-21.59,-18.31,-8.86,22.63,-15.36,-4.77,22.51,-0.0,2.75,3.57,3.5,4.21
di-palm-b (owner),8,Comfortably Numb,as-is,20.61,palm,B1,62.2,-33.4,-24.45,-29.57,-26.04,-8.25,11.64,-23.92,-20.73,11.06,-0.0,-5.23,-4.16,-4.32,-6.78
di-palm-b (owner),8,Comfortably Numb,as-is,21.04,palm,B2,123.8,-12.3,-18.41,-23.11,-20.22,-8.48,20.49,-17.31,20.61,-3.23,-0.0,1.23,1.66,1.72,2.07
di-palm-b (owner),8,Comfortably Numb,as-is,21.99,palm,B1,61.5,-7.7,-18.44,-23.5,-20.07,-7.26,19.77,-17.76,-1.21,19.88,-0.0,0.84,1.81,1.69,1.35
di-palm-b (owner),8,Comfortably Numb,as-is,22.52,palm,C#2,69.0,-5.2,-21.33,-24.99,-23.78,-7.73,13.61,-20.68,7.96,13.16,-0.0,-0.65,-1.9,-1.2,-4.81
di-palm-b (owner),8,Comfortably Numb,as-is,23.05,palm,G2,99.5,-11.7,-23.48,-27.9,-25.42,-9.38,12.04,-22.69,11.12,3.99,-0.0,-3.56,-3.54,-3.35,-6.38
di-palm-b (owner),8,Comfortably Numb,as-is,23.79,palm,B1,61.5,-6.4,-16.38,-21.38,-18.02,-6.05,15.04,-15.98,-24.54,12.7,-0.0,2.96,3.86,3.75,-3.38
di-palm-b (owner),8,Comfortably Numb,as-is,23.94,palm,B1,61.2,-18.4,-18.26,-23.3,-19.89,-9.86,20.23,-17.17,-1.54,19.18,-0.0,1.04,1.99,1.87,1.81
di-palm-b (owner),8,Comfortably Numb,as-is,24.3,palm,C#2,68.8,-7.9,-21.08,-24.26,-23.92,-8.86,14.87,-20.35,6.04,14.68,-0.0,0.08,-2.04,-0.95,-3.55
di-palm-b (owner),8,Comfortably Numb,as-is,24.77,palm,D#2,77.5,-7.9,-20.5,-24.43,-22.74,-7.96,15.93,-19.97,9.12,13.85,-0.0,-0.09,-0.86,-0.37,-2.49
di-palm-b (owner),8,Comfortably Numb,as-is,25.14,palm,E2,82.0,-10.9,-20.99,-25.56,-22.85,-9.99,13.85,-20.37,2.17,8.88,-0.0,-1.22,-0.97,-0.86,-4.57
di-palm-b (owner),8,Comfortably Numb,as-is,25.38,palm,E2,83.5,-35.3,-25.06,-29.18,-27.19,-13.69,9.03,-24.15,2.19,1.61,-0.0,-4.84,-5.31,-4.93,-9.39
di-palm-b (owner),8,Comfortably Numb,as-is,25.57,palm,F#2,92.5,-11.7,-23.33,-28.04,-25.13,-8.61,11.24,-22.83,9.23,4.69,-0.0,-3.7,-3.25,-3.2,-7.18
di-palm-b (owner),8,Comfortably Numb,as-is,25.99,palm,G#2,104.0,-10.8,-20.07,-24.35,-22.09,-7.37,18.71,-18.98,18.55,4.84,-0.0,-0.01,-0.21,0.06,0.29
di-palm-b (owner),8,Comfortably Numb,as-is,26.43,palm,A2,110.0,-15.6,-21.02,-25.91,-22.72,-7.9,16.31,-20.05,16.23,2.45,-0.0,-1.57,-0.84,-0.89,-2.11
di-palm-b (owner),8,Comfortably Numb,as-is,26.87,palm,B2,124.0,-19.4,-17.91,-22.75,-19.63,-9.43,21.14,-16.64,21.44,-4.58,-0.0,1.59,2.25,2.22,2.72
di-palm-b (owner),8,Comfortably Numb,as-is,27.33,palm,C#3,138.5,-13.6,-21.32,-24.54,-24.14,-9.34,14.74,-20.57,15.69,-2.57,-0.0,-0.2,-2.26,-1.19,-3.68
di-palm-b (owner),8,Comfortably Numb,as-is,28.04,palm,B1,61.5,-6.7,-17.07,-21.91,-18.8,-7.04,17.16,-16.4,-10.97,15.83,-0.0,2.43,3.08,3.06,-1.26
di-palm-b (owner),8,Comfortably Numb,as-is,28.23,palm,B1,61.0,-19.7,-15.9,-20.77,-17.61,-8.61,23.43,-14.64,-5.24,23.18,-0.0,3.57,4.27,4.23,5.01
di-palm-b (owner),8,Comfortably Numb,as-is,28.59,palm,C#2,69.0,-6.1,-20.89,-24.75,-23.2,-9.02,14.6,-20.34,6.67,12.74,-0.0,-0.41,-1.32,-0.76,-3.82
di-palm-b (owner),8,Comfortably Numb,as-is,29.04,palm,D#2,77.8,-5.0,-20.31,-24.53,-22.37,-7.62,15.18,-19.82,10.17,10.45,-0.0,-0.19,-0.49,-0.18,-3.24
di-palm-b (owner),8,Comfortably Numb,as-is,29.44,palm,E2,82.2,-13.4,-20.71,-25.36,-22.53,-8.35,14.54,-20.02,5.55,12.93,-0.0,-1.02,-0.65,-0.58,-3.88
di-palm-b (owner),8,Comfortably Numb,as-is,29.85,palm,F#2,94.5,-12.6,-19.73,-24.98,-21.28,-7.15,10.22,-19.53,2.86,8.8,-0.0,-0.64,0.6,0.4,-8.2
di-palm-b (owner),9,Radiohead,as-is,0.07,palm,A2,110.5,-14.8,-19.11,-20.05,-26.25,-9.56,12.07,-18.16,11.9,6.99,-0.0,-2.83,-4.76,-3.64,-10.14
di-palm-b (owner),9,Radiohead,as-is,0.41,palm,B2,123.8,-15.8,-15.56,-16.71,-21.88,-7.84,24.65,-14.22,24.65,3.8,-0.0,0.51,-0.39,-0.09,2.44
di-palm-b (owner),9,Radiohead,as-is,0.79,palm,C#3,138.5,-14.6,-19.15,-19.97,-26.81,-8.92,17.23,-18.01,17.21,1.29,-0.0,-2.75,-5.32,-3.68,-4.98
di-palm-b (owner),9,Radiohead,as-is,1.11,ring,B1,61.0,-15.3,-17.64,-18.76,-24.09,-7.78,21.08,-16.32,11.08,16.48,-0.0,,,,-1.13
di-palm-b (owner),9,Radiohead,as-is,1.57,palm,C#2,68.5,-7.7,-13.15,-14.65,-18.51,-6.03,26.94,-11.89,10.33,26.83,-0.0,2.57,2.98,2.32,4.73
di-palm-b (owner),9,Radiohead,as-is,1.96,palm,D#2,77.0,-8.0,-14.2,-15.39,-20.43,-5.5,25.42,-12.96,16.12,24.85,-0.0,1.83,1.06,1.27,3.21
di-palm-b (owner),9,Radiohead,as-is,2.33,palm,E2,82.0,-11.6,-17.47,-18.56,-23.99,-6.64,20.34,-16.24,16.17,18.17,-0.0,-1.34,-2.5,-2.0,-1.87
di-palm-b (owner),9,Radiohead,as-is,2.69,palm,F#2,92.2,-12.4,-15.25,-16.43,-21.49,-7.48,24.95,-13.53,24.88,5.5,-0.0,0.79,0.0,0.22,2.74
di-palm-b (owner),9,Radiohead,as-is,3.06,palm,G#2,104.0,-11.5,-15.47,-17.22,-20.28,-7.66,24.96,-13.88,24.94,1.75,-0.0,0.0,1.21,0.0,2.75
di-palm-b (owner),9,Radiohead,as-is,3.43,palm,A2,110.0,-14.8,-17.49,-19.05,-22.71,-8.01,18.33,-16.43,18.24,15.9,-0.0,-1.83,-1.22,-2.02,-3.88
di-palm-b (owner),9,Radiohead,as-is,3.79,palm,B2,123.8,-13.6,-17.9,-19.11,-24.05,-6.57,20.5,-16.73,20.48,6.62,-0.0,-1.89,-2.56,-2.43,-1.71
di-palm-b (owner),9,Radiohead,as-is,4.16,palm,C#3,138.5,-15.7,-14.63,-15.54,-21.85,-7.97,22.55,-13.38,22.54,-5.96,-0.0,1.68,-0.36,0.84,0.34
di-palm-b (owner),9,Radiohead,as-is,4.46,palm,B1,61.8,-7.5,-15.19,-17.79,-18.64,-6.9,15.87,-14.13,-3.53,11.69,-0.0,-0.57,2.85,0.28,-6.34
di-palm-b (owner),9,Radiohead,as-is,4.63,palm,B1,61.0,-19.1,-14.13,-15.91,-18.87,-5.73,22.2,-12.76,10.52,20.38,-0.0,1.31,2.62,1.34,-0.01
di-palm-b (owner),9,Radiohead,as-is,4.9,palm,C#2,68.8,-13.5,-13.26,-14.74,-18.68,-6.01,26.52,-11.99,11.17,26.37,-0.0,2.48,2.81,2.21,4.31
di-palm-b (owner),9,Radiohead,as-is,5.3,palm,D#2,77.2,-8.5,-14.32,-15.67,-20.05,-5.28,21.59,-13.15,10.53,21.22,-0.0,1.55,1.44,1.15,-0.62
di-palm-b (owner),9,Radiohead,as-is,5.64,palm,E2,82.2,-12.3,-16.52,-17.83,-22.38,-5.85,21.24,-15.35,16.08,19.55,-0.0,-0.61,-0.89,-1.05,-0.97
di-palm-b (owner),9,Radiohead,as-is,6.0,palm,F#2,93.0,-10.2,-17.58,-18.81,-23.63,-5.56,22.27,-16.02,22.29,4.1,-0.0,-1.59,-2.14,-2.11,0.06
di-palm-b (owner),9,Radiohead,as-is,6.41,palm,G#2,104.0,-11.5,-10.83,-13.57,-14.13,-5.49,29.75,-9.15,29.74,3.77,-0.0,3.65,7.36,4.64,7.54
di-palm-b (owner),9,Radiohead,as-is,6.79,palm,A2,109.8,-13.3,-18.13,-19.37,-24.19,-7.29,18.94,-17.01,18.81,12.39,-0.0,-2.15,-2.7,-2.66,-3.27
di-palm-b (owner),9,Radiohead,as-is,7.16,palm,B2,124.0,-10.4,-15.83,-17.24,-21.4,-4.82,23.21,-14.57,23.84,6.08,-0.0,-0.02,0.09,-0.36,1.0
di-palm-b (owner),9,Radiohead,as-is,7.61,palm,C#3,138.5,-14.9,-19.54,-20.4,-27.0,-7.97,18.03,-18.4,19.2,-1.65,-0.0,-3.18,-5.51,-4.07,-4.18
di-palm-b (owner),9,Radiohead,as-is,8.06,palm,B1,61.5,-9.8,-14.33,-17.06,-17.64,-6.27,17.54,-13.28,-2.91,13.86,-0.0,0.16,3.85,1.14,-4.67
di-palm-b (owner),9,Radiohead,as-is,8.22,ring,B1,61.0,-17.9,-15.09,-16.56,-20.5,-7.24,23.34,-13.72,9.48,21.97,-0.0,,,,1.13
di-palm-b (owner),9,Radiohead,as-is,8.71,palm,C#2,69.0,-3.2,-12.28,-14.19,-16.78,-4.26,27.48,-11.03,9.36,27.86,-0.0,3.03,4.71,3.19,5.27
di-palm-b (owner),9,Radiohead,as-is,9.15,palm,D#2,77.2,-7.8,-13.32,-14.63,-19.16,-5.31,23.56,-12.11,11.5,23.27,-0.0,2.59,2.33,2.15,1.35
di-palm-b (owner),9,Radiohead,as-is,9.48,palm,E2,82.2,-9.2,-17.81,-19.03,-23.93,-6.57,20.1,-16.57,16.87,17.06,-0.0,-1.81,-2.44,-2.34,-2.11
di-palm-b (owner),9,Radiohead,as-is,9.86,palm,F#2,93.0,-12.6,-16.41,-17.42,-23.24,-7.33,23.06,-14.73,23.17,9.84,-0.0,-0.2,-1.75,-0.94,0.85
di-palm-b (owner),9,Radiohead,as-is,10.3,palm,G#2,104.0,-8.2,-12.26,-14.33,-16.48,-6.55,27.54,-10.6,27.94,3.5,-0.0,2.89,5.01,3.21,5.33
di-palm-b (owner),9,Radiohead,as-is,10.74,palm,A2,110.0,-12.9,-17.78,-18.94,-24.09,-8.06,21.39,-16.44,21.62,11.11,-0.0,-1.72,-2.6,-2.31,-0.82
di-palm-b (owner),9,Radiohead,as-is,11.17,palm,B2,123.8,-13.3,-18.73,-20.4,-23.69,-5.79,18.5,-17.66,19.1,5.18,-0.0,-3.18,-2.2,-3.26,-3.71
di-palm-b (owner),9,Radiohead,as-is,11.61,palm,C#3,139.0,-12.5,-17.51,-18.54,-24.24,-8.13,21.58,-16.29,21.82,-12.09,-0.0,-1.32,-2.75,-2.04,-0.63
di-palm-b (owner),9,Radiohead,as-is,12.02,palm,B1,61.5,-9.6,-14.51,-17.5,-17.55,-7.39,16.86,-13.42,-1.52,12.93,-0.0,-0.28,3.94,0.96,-5.35
di-palm-b (owner),9,Radiohead,as-is,12.17,palm,B1,61.0,-17.2,-14.4,-16.19,-19.11,-7.01,24.96,-12.98,13.62,23.94,-0.0,1.03,2.38,1.07,2.75
di-palm-b (owner),9,Radiohead,as-is,12.56,palm,C#2,68.8,-5.9,-13.36,-14.97,-18.45,-4.92,25.28,-12.04,12.73,26.08,-0.0,2.25,3.04,2.11,3.07
di-palm-b (owner),9,Radiohead,as-is,13.04,palm,D#2,77.5,-8.7,-15.12,-16.43,-20.95,-5.51,23.22,-13.85,17.11,22.23,-0.0,0.79,0.54,0.35,1.01
di-palm-b (owner),9,Radiohead,as-is,13.45,palm,E2,82.5,-9.3,-15.68,-16.95,-21.66,-5.76,22.0,-14.5,15.48,21.37,-0.0,0.27,-0.17,-0.21,-0.21
di-palm-b (owner),9,Radiohead,as-is,13.89,palm,F#2,93.0,-12.4,-18.18,-19.29,-24.64,-6.09,20.31,-16.64,20.92,-3.61,-0.0,-2.07,-3.15,-2.71,-1.9
di-palm-b (owner),9,Radiohead,as-is,14.35,palm,G#2,104.0,-10.7,-11.01,-13.72,-14.33,-6.22,29.5,-9.33,29.73,6.13,-0.0,3.5,7.16,4.46,7.29
di-palm-b (owner),9,Radiohead,as-is,14.78,palm,A2,109.5,-13.7,-19.26,-20.39,-25.65,-8.82,17.24,-18.14,17.35,13.59,-0.0,-3.17,-4.16,-3.79,-4.97
di-palm-b (owner),9,Radiohead,as-is,15.22,palm,B2,123.8,-13.9,-15.42,-16.54,-21.83,-8.22,23.87,-14.09,24.82,7.24,-0.0,0.68,-0.34,0.05,1.66
di-palm-b (owner),9,Radiohead,as-is,15.71,palm,C#3,139.0,-12.2,-18.82,-19.79,-25.79,-7.87,16.94,-17.65,19.51,-4.08,-0.0,-2.57,-4.3,-3.35,-5.27
di-palm-b (owner),9,Radiohead,as-is,16.26,palm,B1,62.0,-7.0,-14.0,-17.04,-16.98,-6.5,17.05,-12.92,-1.61,14.29,-0.0,0.18,4.51,1.47,-5.16
di-palm-b (owner),9,Radiohead,as-is,16.4,palm,B1,61.0,-16.0,-12.92,-14.85,-17.36,-5.7,25.91,-11.52,13.69,25.21,-0.0,2.37,4.13,2.55,3.7
di-palm-b (owner),9,Radiohead,as-is,17.24,palm,B2,123.8,-8.2,-14.86,-16.62,-19.62,-4.19,23.9,-13.64,24.47,9.01,-0.0,0.6,1.87,0.61,1.69
di-palm-b (owner),9,Radiohead,as-is,17.85,palm,E2,84.2,-24.0,-19.17,-19.9,-27.22,-7.98,16.12,-17.71,13.57,11.68,-0.0,-2.68,-5.73,-3.7,-6.09
di-palm-b (owner),9,Radiohead,as-is,18.04,palm,B1,63.2,-29.9,-23.98,-24.36,-34.8,-11.49,-0.89,-23.09,-9.94,-6.43,-0.0,-7.14,-13.31,-8.51,-23.1
di-palm-b (owner),9,Radiohead,as-is,18.2,palm,B1,61.2,-8.4,-14.13,-15.8,-19.07,-6.9,24.87,-12.72,11.37,25.44,-0.0,1.42,2.42,1.34,2.66
di-palm-b (owner),9,Radiohead,as-is,18.76,palm,C2,65.2,-25.4,-26.92,-27.79,-34.32,-11.71,-0.25,-25.47,-6.51,-2.29,-0.0,-10.57,-12.83,-11.45,-22.46
di-palm-b (owner),9,Radiohead,as-is,19.12,palm,B2,124.5,-12.4,-17.35,-18.61,-23.34,-6.95,19.98,-16.1,21.6,2.22,-0.0,-1.39,-1.85,-1.88,-2.23
di-palm-b (owner),9,Radiohead,as-is,19.93,palm,B1,61.0,-30.9,-22.77,-23.06,-34.69,-10.76,0.45,-21.96,-14.22,-5.35,-0.0,-5.84,-13.2,-7.3,-21.76
di-palm-b (owner),9,Radiohead,as-is,20.07,palm,B1,61.2,-7.7,-13.07,-16.25,-15.92,-7.56,18.64,-11.97,-6.32,15.06,-0.0,0.97,5.57,2.4,-3.57
di-palm-b (owner),9,Radiohead,as-is,20.2,palm,B1,61.0,-18.3,-13.76,-15.47,-18.65,-5.74,25.69,-12.31,13.25,25.0,-0.0,1.75,2.84,1.71,3.48
di-palm-b (owner),9,Radiohead,as-is,20.61,palm,B1,62.2,-33.4,-32.8,-33.99,-38.99,-14.75,-1.83,-32.09,-15.52,-1.9,-0.0,-16.77,-17.5,-17.33,-24.04
di-palm-b (owner),9,Radiohead,as-is,21.04,palm,B2,123.8,-12.3,-17.27,-18.43,-23.56,-6.96,20.83,-16.01,22.26,-1.88,-0.0,-1.21,-2.07,-1.8,-1.38
di-palm-b (owner),9,Radiohead,as-is,21.99,palm,B1,61.5,-7.7,-13.29,-15.65,-17.07,-4.95,26.07,-11.97,9.71,24.97,-0.0,1.57,4.42,2.18,3.86
di-palm-b (owner),9,Radiohead,as-is,22.52,palm,C#2,69.0,-5.2,-14.83,-16.05,-20.94,-6.31,23.21,-13.43,16.27,24.08,-0.0,1.17,0.55,0.64,1.0
di-palm-b (owner),9,Radiohead,as-is,23.05,palm,G2,99.5,-11.7,-21.65,-23.11,-27.1,-9.54,12.48,-20.13,15.16,-0.05,-0.0,-5.89,-5.61,-6.18,-9.73
di-palm-b (owner),9,Radiohead,as-is,23.79,palm,B1,61.5,-6.4,-13.74,-16.91,-16.61,-6.36,18.78,-12.63,-3.43,15.46,-0.0,0.31,4.88,1.73,-3.43
di-palm-b (owner),9,Radiohead,as-is,23.94,palm,B1,61.2,-18.4,-14.64,-16.33,-19.57,-6.59,24.33,-13.3,11.36,22.46,-0.0,0.89,1.92,0.83,2.12
di-palm-b (owner),9,Radiohead,as-is,24.3,palm,C#2,68.8,-7.9,-14.4,-15.81,-19.97,-4.53,24.03,-13.05,13.52,24.96,-0.0,1.41,1.52,1.07,1.82
di-palm-b (owner),9,Radiohead,as-is,24.77,palm,D#2,77.5,-7.9,-14.14,-15.57,-19.66,-5.62,24.76,-12.87,17.17,23.92,-0.0,1.65,1.83,1.33,2.55
di-palm-b (owner),9,Radiohead,as-is,25.14,palm,E2,82.0,-10.9,-18.14,-19.24,-24.66,-7.9,17.98,-16.76,13.03,12.0,-0.0,-2.02,-3.17,-2.67,-4.23
di-palm-b (owner),9,Radiohead,as-is,25.38,palm,E2,83.5,-35.3,-23.39,-23.66,-35.54,-12.09,12.64,-21.61,11.57,-0.91,-0.0,-6.44,-14.05,-7.92,-9.57
di-palm-b (owner),9,Radiohead,as-is,25.57,palm,F#2,92.5,-11.7,-17.1,-18.17,-23.7,-5.82,22.87,-15.41,23.01,-1.37,-0.0,-0.95,-2.21,-1.63,0.66
di-palm-b (owner),9,Radiohead,as-is,25.99,palm,G#2,104.0,-10.8,-12.12,-14.53,-15.83,-6.67,28.29,-10.45,28.68,6.28,-0.0,2.69,5.66,3.35,6.08
di-palm-b (owner),9,Radiohead,as-is,26.43,palm,A2,110.0,-15.6,-20.9,-22.09,-27.13,-9.8,16.74,-19.6,17.33,7.18,-0.0,-4.87,-5.64,-5.43,-5.47
di-palm-b (owner),9,Radiohead,as-is,26.87,palm,B2,124.0,-19.4,-18.64,-19.77,-25.07,-8.81,19.43,-17.4,20.46,1.89,-0.0,-2.55,-3.58,-3.17,-2.78
di-palm-b (owner),9,Radiohead,as-is,27.33,palm,C#3,138.5,-13.6,-20.05,-21.13,-26.65,-7.73,15.1,-18.89,17.76,-8.59,-0.0,-3.91,-5.16,-4.58,-7.11
di-palm-b (owner),9,Radiohead,as-is,28.04,palm,B1,61.5,-6.7,-13.73,-16.88,-16.6,-5.4,21.29,-12.54,3.56,18.28,-0.0,0.34,4.89,1.74,-0.92
di-palm-b (owner),9,Radiohead,as-is,28.23,palm,B1,61.0,-19.7,-12.71,-14.4,-17.63,-5.03,26.79,-11.24,12.68,26.23,-0.0,2.82,3.86,2.76,4.58
di-palm-b (owner),9,Radiohead,as-is,28.59,palm,C#2,69.0,-6.1,-13.81,-15.47,-18.8,-3.68,24.78,-12.44,14.72,25.2,-0.0,1.75,2.69,1.66,2.57
di-palm-b (owner),9,Radiohead,as-is,29.04,palm,D#2,77.8,-5.0,-13.95,-15.57,-19.02,-5.08,25.16,-12.63,19.67,23.65,-0.0,1.65,2.47,1.52,2.95
di-palm-b (owner),9,Radiohead,as-is,29.44,palm,E2,82.2,-13.4,-17.42,-18.47,-24.09,-7.41,19.96,-16.22,15.22,18.38,-0.0,-1.25,-2.6,-1.95,-2.25
di-palm-b (owner),9,Radiohead,as-is,29.85,palm,F#2,94.5,-12.6,-15.71,-17.3,-20.84,-6.36,13.23,-14.44,12.35,3.53,-0.0,-0.08,0.65,-0.24,-8.98
di-palm-b (owner),10,Nirvana,as-is,0.07,palm,A2,110.5,-14.8,-16.72,-20.0,-19.47,-6.53,14.37,-16.3,14.25,9.15,-0.0,1.67,-0.35,0.35,-5.26
di-palm-b (owner),10,Nirvana,as-is,0.41,palm,B2,123.8,-15.8,-16.42,-21.3,-18.13,-6.43,22.13,-15.53,22.13,-1.9,-0.0,0.37,0.99,0.65,2.5
di-palm-b (owner),10,Nirvana,as-is,0.79,palm,C#3,138.5,-14.6,-15.76,-21.24,-17.21,-7.01,20.24,-14.84,20.24,-2.76,-0.0,0.43,1.91,1.31,0.61
di-palm-b (owner),10,Nirvana,as-is,1.11,ring,B1,61.0,-15.3,-17.93,-21.3,-20.6,-6.97,19.18,-17.5,-9.44,17.17,-0.0,,,,-0.45
di-palm-b (owner),10,Nirvana,as-is,1.57,palm,C#2,68.5,-7.7,-16.0,-20.65,-17.82,-6.77,22.72,-15.32,-9.55,22.71,-0.0,1.02,1.3,1.07,3.09
di-palm-b (owner),10,Nirvana,as-is,1.96,palm,D#2,77.0,-8.0,-16.62,-20.71,-18.77,-7.39,21.01,-15.95,1.22,20.94,-0.0,0.96,0.35,0.45,1.38
di-palm-b (owner),10,Nirvana,as-is,2.33,palm,E2,82.0,-11.6,-18.1,-21.47,-20.78,-7.31,17.07,-17.72,7.64,16.5,-0.0,0.2,-1.66,-1.03,-2.56
di-palm-b (owner),10,Nirvana,as-is,2.69,palm,F#2,92.2,-12.4,-20.03,-23.63,-22.52,-6.97,14.19,-19.51,14.04,-2.96,-0.0,-1.96,-3.4,-2.96,-5.44
di-palm-b (owner),10,Nirvana,as-is,3.06,palm,G#2,104.0,-11.5,-18.34,-21.73,-21.0,-6.52,18.16,-17.83,18.13,0.5,-0.0,-0.06,-1.88,-1.27,-1.47
di-palm-b (owner),10,Nirvana,as-is,3.43,palm,A2,110.0,-14.8,-16.59,-19.68,-19.53,-6.62,18.79,-16.3,18.76,11.03,-0.0,1.99,-0.41,0.48,-0.84
di-palm-b (owner),10,Nirvana,as-is,3.79,palm,B2,123.8,-13.6,-16.63,-21.12,-18.53,-6.38,22.01,-15.9,22.0,1.85,-0.0,0.55,0.59,0.44,2.38
di-palm-b (owner),10,Nirvana,as-is,4.16,palm,C#3,138.5,-15.7,-15.36,-21.18,-16.68,-6.22,20.41,-14.4,20.41,-8.26,-0.0,0.49,2.44,1.71,0.78
di-palm-b (owner),10,Nirvana,as-is,4.46,palm,B1,61.8,-7.5,-15.28,-18.46,-18.13,-6.24,12.11,-15.73,-23.91,6.06,-0.0,3.21,0.99,1.79,-7.52
di-palm-b (owner),10,Nirvana,as-is,4.63,palm,B1,61.0,-19.1,-16.94,-21.91,-18.6,-7.92,18.42,-15.97,-20.66,17.95,-0.0,-0.24,0.52,0.13,-1.21
di-palm-b (owner),10,Nirvana,as-is,4.9,palm,C#2,68.8,-13.5,-15.6,-20.22,-17.45,-7.01,22.48,-14.98,-8.47,22.42,-0.0,1.45,1.67,1.47,2.85
di-palm-b (owner),10,Nirvana,as-is,5.3,palm,D#2,77.2,-8.5,-16.72,-20.6,-19.02,-6.64,18.18,-16.17,-1.87,18.12,-0.0,1.07,0.1,0.35,-1.45
di-palm-b (owner),10,Nirvana,as-is,5.64,palm,E2,82.2,-12.3,-17.63,-21.21,-20.14,-6.53,18.31,-17.23,6.24,17.89,-0.0,0.46,-1.02,-0.56,-1.32
di-palm-b (owner),10,Nirvana,as-is,6.0,palm,F#2,93.0,-10.2,-19.8,-23.03,-22.6,-6.71,14.39,-19.42,14.11,-0.75,-0.0,-1.36,-3.48,-2.73,-5.24
di-palm-b (owner),10,Nirvana,as-is,6.41,palm,G#2,104.0,-11.5,-18.38,-22.18,-20.72,-6.62,18.48,-17.69,18.46,-3.61,-0.0,-0.51,-1.6,-1.31,-1.15
di-palm-b (owner),10,Nirvana,as-is,6.79,palm,A2,109.8,-13.3,-17.21,-20.8,-19.72,-6.53,18.51,-16.72,18.37,10.89,-0.0,0.87,-0.6,-0.14,-1.12
di-palm-b (owner),10,Nirvana,as-is,7.16,palm,B2,124.0,-10.4,-16.45,-21.93,-17.89,-5.59,22.02,-15.44,22.05,-0.76,-0.0,-0.26,1.23,0.62,2.39
di-palm-b (owner),10,Nirvana,as-is,7.61,palm,C#3,138.5,-14.9,-15.98,-21.63,-17.36,-6.45,23.04,-15.03,23.16,-2.26,-0.0,0.04,1.76,1.09,3.41
di-palm-b (owner),10,Nirvana,as-is,8.06,palm,B1,61.5,-9.8,-15.58,-19.09,-18.14,-7.08,12.5,-15.79,-25.84,6.5,-0.0,2.58,0.98,1.49,-7.13
di-palm-b (owner),10,Nirvana,as-is,8.22,ring,B1,61.0,-17.9,-17.83,-21.93,-19.97,-8.63,20.09,-16.85,-12.16,19.11,-0.0,,,,0.46
di-palm-b (owner),10,Nirvana,as-is,8.71,palm,C#2,69.0,-3.2,-15.82,-20.82,-17.47,-7.01,22.88,-15.11,-11.15,23.06,-0.0,0.85,1.65,1.25,3.25
di-palm-b (owner),10,Nirvana,as-is,9.15,palm,D#2,77.2,-7.8,-15.88,-20.06,-17.98,-6.9,19.32,-15.3,-5.88,19.3,-0.0,1.61,1.14,1.19,-0.31
di-palm-b (owner),10,Nirvana,as-is,9.48,palm,E2,82.2,-9.2,-18.23,-21.63,-20.88,-6.72,16.17,-17.9,8.24,15.21,-0.0,0.04,-1.76,-1.16,-3.46
di-palm-b (owner),10,Nirvana,as-is,9.86,palm,F#2,93.0,-12.6,-20.26,-23.89,-22.73,-7.21,14.38,-19.64,13.9,4.89,-0.0,-2.22,-3.61,-3.19,-5.25
di-palm-b (owner),10,Nirvana,as-is,10.3,palm,G#2,104.0,-8.2,-18.8,-22.95,-20.91,-6.32,18.35,-17.83,18.34,-1.19,-0.0,-1.28,-1.79,-1.73,-1.28
di-palm-b (owner),10,Nirvana,as-is,10.74,palm,A2,110.0,-12.9,-17.37,-21.55,-19.46,-6.52,19.77,-16.79,19.67,4.04,-0.0,0.12,-0.34,-0.3,0.14
di-palm-b (owner),10,Nirvana,as-is,11.17,palm,B2,123.8,-13.3,-16.62,-22.07,-18.07,-6.95,21.93,-15.64,21.9,0.5,-0.0,-0.4,1.05,0.45,2.3
di-palm-b (owner),10,Nirvana,as-is,11.61,palm,C#3,139.0,-12.5,-15.86,-21.77,-17.15,-6.76,23.31,-14.84,23.33,-5.07,-0.0,-0.1,1.97,1.21,3.68
di-palm-b (owner),10,Nirvana,as-is,12.02,palm,B1,61.5,-9.6,-15.35,-18.69,-18.05,-7.11,11.99,-15.73,-21.43,2.18,-0.0,2.98,1.07,1.72,-7.64
di-palm-b (owner),10,Nirvana,as-is,12.17,palm,B1,61.0,-17.2,-17.08,-21.2,-19.2,-7.04,20.77,-16.46,-10.95,20.13,-0.0,0.47,-0.08,-0.01,1.14
di-palm-b (owner),10,Nirvana,as-is,12.56,palm,C#2,68.8,-5.9,-16.82,-21.67,-18.54,-7.04,20.59,-16.14,-5.52,21.98,-0.0,0.0,0.58,0.25,0.96
di-palm-b (owner),10,Nirvana,as-is,13.04,palm,D#2,77.5,-8.7,-17.98,-21.88,-20.25,-6.69,17.87,-17.46,4.93,17.93,-0.0,-0.21,-1.13,-0.91,-1.76
di-palm-b (owner),10,Nirvana,as-is,13.45,palm,E2,82.5,-9.3,-17.59,-21.2,-20.08,-6.89,19.0,-17.08,4.04,19.7,-0.0,0.47,-0.96,-0.52,-0.63
di-palm-b (owner),10,Nirvana,as-is,13.89,palm,F#2,93.0,-12.4,-20.65,-24.01,-23.33,-7.11,14.28,-20.05,14.14,-2.99,-0.0,-2.34,-4.21,-3.58,-5.35
di-palm-b (owner),10,Nirvana,as-is,14.35,palm,G#2,104.0,-10.7,-18.48,-22.2,-20.88,-6.39,18.32,-17.8,18.33,-1.67,-0.0,-0.53,-1.76,-1.41,-1.31
di-palm-b (owner),10,Nirvana,as-is,14.78,palm,A2,109.5,-13.7,-17.79,-21.71,-20.04,-6.75,19.09,-17.11,18.75,8.6,-0.0,-0.04,-0.92,-0.72,-0.54
di-palm-b (owner),10,Nirvana,as-is,15.22,palm,B2,123.8,-13.9,-16.27,-21.52,-17.8,-6.06,22.07,-15.34,22.1,1.3,-0.0,0.15,1.32,0.8,2.44
di-palm-b (owner),10,Nirvana,as-is,15.71,palm,C#3,139.0,-12.2,-15.85,-21.67,-17.17,-6.97,22.86,-14.87,23.21,-3.26,-0.0,0.0,1.95,1.22,3.23
di-palm-b (owner),10,Nirvana,as-is,16.26,palm,B1,62.0,-7.0,-15.03,-18.48,-17.65,-6.39,12.02,-15.48,-31.21,7.18,-0.0,3.19,1.47,2.04,-7.61
di-palm-b (owner),10,Nirvana,as-is,16.4,palm,B1,61.0,-16.0,-17.04,-22.42,-18.53,-9.43,21.51,-15.92,-17.1,20.97,-0.0,-0.75,0.59,0.03,1.88
di-palm-b (owner),10,Nirvana,as-is,17.24,palm,B2,123.8,-8.2,-16.26,-21.32,-17.88,-5.78,22.01,-15.37,22.0,3.38,-0.0,0.35,1.24,0.81,2.38
di-palm-b (owner),10,Nirvana,as-is,17.85,palm,E2,84.2,-24.0,-18.96,-21.95,-21.98,-7.4,10.68,-18.53,6.42,5.2,-0.0,-0.28,-2.86,-1.89,-8.95
di-palm-b (owner),10,Nirvana,as-is,18.04,palm,B1,63.2,-29.9,-17.72,-20.21,-21.32,-7.51,7.67,-17.89,-15.65,5.25,-0.0,1.46,-2.2,-0.65,-11.96
di-palm-b (owner),10,Nirvana,as-is,18.2,palm,B1,61.2,-8.4,-16.75,-21.58,-18.48,-6.63,21.42,-15.93,-17.95,21.41,-0.0,0.09,0.64,0.32,1.79
di-palm-b (owner),10,Nirvana,as-is,18.76,palm,C2,65.2,-25.4,-22.3,-24.67,-26.06,-9.32,8.31,-22.7,-7.76,6.88,-0.0,-3.0,-6.94,-5.23,-11.32
di-palm-b (owner),10,Nirvana,as-is,19.12,palm,B2,124.5,-12.4,-16.61,-22.07,-18.06,-6.69,21.99,-15.55,22.05,-0.96,-0.0,-0.4,1.06,0.46,2.36
di-palm-b (owner),10,Nirvana,as-is,19.93,palm,B1,61.0,-30.9,-17.6,-19.86,-21.52,-8.49,8.05,-17.62,-18.28,3.24,-0.0,1.81,-2.4,-0.53,-11.58
di-palm-b (owner),10,Nirvana,as-is,20.07,palm,B1,61.2,-7.7,-15.88,-19.3,-18.52,-5.79,13.51,-15.77,-26.88,8.52,-0.0,2.37,0.6,1.19,-6.12
di-palm-b (owner),10,Nirvana,as-is,20.2,palm,B1,61.0,-18.3,-17.07,-22.39,-18.59,-8.04,21.67,-15.99,-18.5,21.42,-0.0,-0.72,0.53,0.0,2.04
di-palm-b (owner),10,Nirvana,as-is,20.61,palm,B1,62.2,-33.4,-22.09,-23.62,-27.38,-8.58,0.72,-23.4,-26.66,-4.14,-0.0,-1.95,-8.26,-5.02,-18.91
di-palm-b (owner),10,Nirvana,as-is,21.04,palm,B2,123.8,-12.3,-16.46,-21.94,-17.9,-6.43,22.0,-15.48,22.05,-1.88,-0.0,-0.27,1.22,0.61,2.37
di-palm-b (owner),10,Nirvana,as-is,21.99,palm,B1,61.5,-7.7,-16.73,-21.11,-18.71,-6.7,21.03,-16.24,-17.78,20.33,-0.0,0.56,0.41,0.34,1.4
di-palm-b (owner),10,Nirvana,as-is,22.52,palm,C#2,69.0,-5.2,-17.84,-22.62,-19.6,-6.36,17.27,-17.19,-1.12,19.75,-0.0,-0.95,-0.48,-0.77,-2.36
di-palm-b (owner),10,Nirvana,as-is,23.05,palm,G2,99.5,-11.7,-21.48,-25.63,-23.59,-7.31,15.09,-20.72,15.83,-5.7,-0.0,-3.96,-4.47,-4.41,-4.54
di-palm-b (owner),10,Nirvana,as-is,23.79,palm,B1,61.5,-6.4,-14.97,-18.31,-17.67,-6.38,12.66,-15.49,-35.55,6.94,-0.0,3.36,1.45,2.1,-6.97
di-palm-b (owner),10,Nirvana,as-is,23.94,palm,B1,61.2,-18.4,-17.57,-21.98,-19.52,-7.83,20.92,-16.67,-15.0,20.27,-0.0,-0.31,-0.4,-0.5,1.29
di-palm-b (owner),10,Nirvana,as-is,24.3,palm,C#2,68.8,-7.9,-17.16,-22.19,-18.79,-6.69,20.35,-16.37,-4.65,21.75,-0.0,-0.52,0.33,-0.09,0.72
di-palm-b (owner),10,Nirvana,as-is,24.77,palm,D#2,77.5,-7.9,-17.74,-21.82,-19.89,-6.92,19.41,-17.2,3.93,19.28,-0.0,-0.15,-0.77,-0.67,-0.22
di-palm-b (owner),10,Nirvana,as-is,25.14,palm,E2,82.0,-10.9,-18.51,-22.24,-20.89,-7.04,15.21,-18.24,2.72,10.21,-0.0,-0.57,-1.77,-1.44,-4.42
di-palm-b (owner),10,Nirvana,as-is,25.38,palm,E2,83.5,-35.3,-21.48,-24.06,-24.98,-9.27,9.24,-20.91,5.98,1.78,-0.0,-2.39,-5.86,-4.41,-10.39
di-palm-b (owner),10,Nirvana,as-is,25.57,palm,F#2,92.5,-11.7,-20.01,-23.24,-22.81,-7.13,14.22,-19.59,14.02,-1.3,-0.0,-1.57,-3.69,-2.94,-5.41
di-palm-b (owner),10,Nirvana,as-is,25.99,palm,G#2,104.0,-10.8,-18.54,-22.44,-20.81,-6.33,18.33,-17.81,18.34,0.02,-0.0,-0.77,-1.69,-1.47,-1.3
di-palm-b (owner),10,Nirvana,as-is,26.43,palm,A2,110.0,-15.6,-18.19,-22.14,-20.43,-6.7,19.59,-17.41,19.53,2.79,-0.0,-0.47,-1.31,-1.12,-0.04
di-palm-b (owner),10,Nirvana,as-is,26.87,palm,B2,124.0,-19.4,-16.54,-22.02,-17.98,-5.87,21.95,-15.53,22.0,-0.92,-0.0,-0.35,1.14,0.53,2.32
di-palm-b (owner),10,Nirvana,as-is,27.33,palm,C#3,138.5,-13.6,-16.45,-22.2,-17.8,-6.07,22.3,-15.45,23.01,-4.63,-0.0,-0.53,1.32,0.62,2.67
di-palm-b (owner),10,Nirvana,as-is,28.04,palm,B1,61.5,-6.7,-15.68,-19.29,-18.16,-7.45,16.09,-15.81,-24.89,13.9,-0.0,2.38,0.96,1.39,-3.54
di-palm-b (owner),10,Nirvana,as-is,28.23,palm,B1,61.0,-19.7,-16.46,-21.52,-18.09,-6.72,21.82,-15.56,-18.12,21.61,-0.0,0.15,1.03,0.61,2.19
di-palm-b (owner),10,Nirvana,as-is,28.59,palm,C#2,69.0,-6.1,-17.47,-22.48,-19.12,-6.04,19.76,-16.74,-2.35,20.9,-0.0,-0.81,0.0,-0.4,0.13
di-palm-b (owner),10,Nirvana,as-is,29.04,palm,D#2,77.8,-5.0,-17.58,-21.35,-19.95,-7.57,17.45,-17.17,5.54,17.05,-0.0,0.32,-0.83,-0.51,-2.18
di-palm-b (owner),10,Nirvana,as-is,29.44,palm,E2,82.2,-13.4,-18.24,-21.75,-20.8,-7.24,17.11,-17.8,7.1,16.85,-0.0,-0.08,-1.68,-1.17,-2.52
di-palm-b (owner),10,Nirvana,as-is,29.85,palm,F#2,94.5,-12.6,-18.11,-20.92,-21.33,-7.11,9.24,-18.15,5.35,6.22,-0.0,0.75,-2.21,-1.04,-10.39
di-palm-b (owner),11,Djent,as-is,0.07,palm,A2,110.5,-14.8,-13.19,-16.43,-15.97,-5.43,14.61,-13.07,13.95,12.25,-0.0,-2.06,0.34,-0.88,-11.51
di-palm-b (owner),11,Djent,as-is,0.41,palm,B2,123.8,-15.8,-11.36,-13.07,-16.24,-3.23,28.29,-10.44,28.29,12.7,-0.0,1.3,0.07,0.95,2.17
di-palm-b (owner),11,Djent,as-is,0.79,palm,C#3,138.5,-14.6,-13.41,-16.53,-16.31,-4.54,21.35,-12.95,21.31,10.85,-0.0,-2.16,0.0,-1.1,-4.77
di-palm-b (owner),11,Djent,as-is,1.11,ring,B1,61.0,-15.3,-12.77,-15.31,-16.29,-3.2,26.0,-12.05,11.16,20.31,-0.0,,,,-0.12
di-palm-b (owner),11,Djent,as-is,1.57,palm,C#2,68.5,-7.7,-12.41,-15.21,-15.63,-3.45,26.23,-11.6,14.17,25.92,-0.0,-0.84,0.68,-0.1,0.11
di-palm-b (owner),11,Djent,as-is,1.96,palm,D#2,77.0,-8.0,-11.6,-13.87,-15.5,-3.58,27.65,-10.73,19.15,26.96,-0.0,0.5,0.81,0.71,1.53
di-palm-b (owner),11,Djent,as-is,2.33,palm,E2,82.0,-11.6,-12.5,-14.9,-16.21,-3.69,24.26,-11.81,20.61,21.67,-0.0,-0.53,0.1,-0.19,-1.86
di-palm-b (owner),11,Djent,as-is,2.69,palm,F#2,92.2,-12.4,-11.97,-13.31,-17.75,-3.86,27.83,-10.66,27.72,11.27,-0.0,1.06,-1.44,0.34,1.71
di-palm-b (owner),11,Djent,as-is,3.06,palm,G#2,104.0,-11.5,-11.51,-12.94,-17.03,-3.88,28.39,-10.47,28.35,11.31,-0.0,1.43,-0.72,0.8,2.27
di-palm-b (owner),11,Djent,as-is,3.43,palm,A2,110.0,-14.8,-12.98,-15.4,-16.66,-4.71,21.92,-12.7,21.75,17.61,-0.0,-1.03,-0.35,-0.67,-4.2
di-palm-b (owner),11,Djent,as-is,3.79,palm,B2,123.8,-13.6,-12.31,-14.37,-16.53,-4.28,26.37,-11.68,26.34,15.49,-0.0,0.0,-0.22,0.0,0.25
di-palm-b (owner),11,Djent,as-is,4.16,palm,C#3,138.5,-15.7,-12.54,-15.36,-15.76,-4.52,23.51,-11.77,23.5,5.88,-0.0,-0.99,0.55,-0.23,-2.61
di-palm-b (owner),11,Djent,as-is,4.46,palm,B1,61.8,-7.5,-13.04,-15.74,-16.4,-4.25,14.1,-13.01,-2.91,7.03,-0.0,-1.37,-0.09,-0.73,-12.02
di-palm-b (owner),11,Djent,as-is,4.63,palm,B1,61.0,-19.1,-11.11,-12.94,-15.74,-2.79,24.68,-10.23,5.74,22.85,-0.0,1.43,0.57,1.2,-1.44
di-palm-b (owner),11,Djent,as-is,4.9,palm,C#2,68.8,-13.5,-12.41,-15.17,-15.69,-3.81,26.14,-11.67,14.6,25.76,-0.0,-0.8,0.62,-0.1,0.02
di-palm-b (owner),11,Djent,as-is,5.3,palm,D#2,77.2,-8.5,-11.79,-14.0,-15.78,-3.19,24.1,-10.93,17.25,23.05,-0.0,0.37,0.53,0.52,-2.02
di-palm-b (owner),11,Djent,as-is,5.64,palm,E2,82.2,-12.3,-12.1,-14.58,-15.72,-3.32,24.95,-11.32,21.91,21.78,-0.0,-0.21,0.59,0.21,-1.17
di-palm-b (owner),11,Djent,as-is,6.0,palm,F#2,93.0,-10.2,-12.57,-14.23,-17.54,-4.03,27.24,-11.57,27.09,12.17,-0.0,0.14,-1.23,-0.26,1.12
di-palm-b (owner),11,Djent,as-is,6.41,palm,G#2,104.0,-11.5,-10.92,-12.13,-17.08,-3.44,28.96,-9.65,28.95,12.47,-0.0,2.24,-0.77,1.39,2.84
di-palm-b (owner),11,Djent,as-is,6.79,palm,A2,109.8,-13.3,-12.32,-14.56,-16.28,-3.88,24.72,-11.73,24.56,17.13,-0.0,-0.19,0.03,-0.01,-1.4
di-palm-b (owner),11,Djent,as-is,7.16,palm,B2,124.0,-10.4,-11.39,-13.08,-16.31,-4.02,27.72,-10.44,27.96,13.99,-0.0,1.29,0.0,0.92,1.6
di-palm-b (owner),11,Djent,as-is,7.61,palm,C#3,138.5,-14.9,-13.72,-17.02,-16.46,-3.9,23.4,-13.28,23.9,11.16,-0.0,-2.65,-0.15,-1.41,-2.72
di-palm-b (owner),11,Djent,as-is,8.06,palm,B1,61.5,-9.8,-12.89,-15.64,-16.18,-4.75,14.57,-12.62,-7.11,5.0,-0.0,-1.27,0.13,-0.58,-11.55
di-palm-b (owner),11,Djent,as-is,8.22,ring,B1,61.0,-17.9,-11.59,-13.65,-15.8,-2.05,26.23,-10.56,13.29,23.43,-0.0,,,,0.11
di-palm-b (owner),11,Djent,as-is,8.71,palm,C#2,69.0,-3.2,-12.35,-15.12,-15.62,-3.6,26.15,-11.52,13.66,26.09,-0.0,-0.75,0.69,-0.04,0.03
di-palm-b (owner),11,Djent,as-is,9.15,palm,D#2,77.2,-7.8,-11.23,-13.29,-15.46,-3.06,25.13,-10.37,11.62,24.92,-0.0,1.08,0.85,1.08,-0.99
di-palm-b (owner),11,Djent,as-is,9.48,palm,E2,82.2,-9.2,-12.54,-14.87,-16.36,-3.96,24.81,-11.88,21.65,21.58,-0.0,-0.5,-0.05,-0.23,-1.31
di-palm-b (owner),11,Djent,as-is,9.86,palm,F#2,93.0,-12.6,-11.57,-12.92,-17.29,-3.62,27.52,-10.29,27.28,15.06,-0.0,1.45,-0.98,0.74,1.4
di-palm-b (owner),11,Djent,as-is,10.3,palm,G#2,104.0,-8.2,-10.69,-11.81,-17.12,-3.35,28.82,-9.36,28.85,12.32,-0.0,2.56,-0.81,1.62,2.7
di-palm-b (owner),11,Djent,as-is,10.74,palm,A2,110.0,-12.9,-11.39,-12.96,-16.56,-3.02,27.84,-10.48,27.78,14.53,-0.0,1.41,-0.25,0.92,1.72
di-palm-b (owner),11,Djent,as-is,11.17,palm,B2,123.8,-13.3,-12.45,-14.47,-16.74,-5.24,25.8,-11.72,26.1,13.51,-0.0,-0.1,-0.43,-0.14,-0.32
di-palm-b (owner),11,Djent,as-is,11.61,palm,C#3,139.0,-12.5,-13.28,-16.47,-16.11,-4.77,24.83,-12.71,24.92,10.33,-0.0,-2.1,0.2,-0.97,-1.29
di-palm-b (owner),11,Djent,as-is,12.02,palm,B1,61.5,-9.6,-13.09,-15.84,-16.37,-4.51,14.12,-12.9,-4.29,3.48,-0.0,-1.47,-0.06,-0.78,-12.0
di-palm-b (owner),11,Djent,as-is,12.17,palm,B1,61.0,-17.2,-12.11,-14.14,-16.4,-2.03,26.23,-11.16,15.91,24.86,-0.0,0.23,-0.09,0.2,0.11
di-palm-b (owner),11,Djent,as-is,12.56,palm,C#2,68.8,-5.9,-12.55,-15.43,-15.69,-4.22,24.84,-11.53,17.4,24.64,-0.0,-1.06,0.62,-0.24,-1.28
di-palm-b (owner),11,Djent,as-is,13.04,palm,D#2,77.5,-8.7,-12.19,-14.37,-16.21,-3.84,26.17,-11.17,22.63,23.74,-0.0,0.0,0.1,0.12,0.05
di-palm-b (owner),11,Djent,as-is,13.45,palm,E2,82.5,-9.3,-12.06,-14.33,-15.96,-2.93,25.57,-11.19,20.82,23.8,-0.0,0.04,0.35,0.25,-0.55
di-palm-b (owner),11,Djent,as-is,13.89,palm,F#2,93.0,-12.4,-12.28,-13.82,-17.54,-2.88,27.07,-11.06,26.88,13.3,-0.0,0.55,-1.23,0.03,0.95
di-palm-b (owner),11,Djent,as-is,14.35,palm,G#2,104.0,-10.7,-10.97,-12.25,-16.91,-4.49,28.84,-9.73,28.9,12.99,-0.0,2.12,-0.6,1.34,2.72
di-palm-b (owner),11,Djent,as-is,14.78,palm,A2,109.5,-13.7,-12.09,-14.24,-16.17,-4.59,24.48,-11.43,24.11,20.77,-0.0,0.13,0.14,0.22,-1.64
di-palm-b (owner),11,Djent,as-is,15.22,palm,B2,123.8,-13.9,-11.05,-12.68,-16.11,-4.23,28.03,-10.06,28.37,13.81,-0.0,1.69,0.2,1.26,1.91
di-palm-b (owner),11,Djent,as-is,15.71,palm,C#3,139.0,-12.2,-13.59,-16.84,-16.37,-4.36,23.29,-12.99,24.09,11.3,-0.0,-2.47,-0.06,-1.28,-2.83
di-palm-b (owner),11,Djent,as-is,16.26,palm,B1,62.0,-7.0,-13.01,-15.76,-16.28,-3.85,14.79,-12.92,-4.19,9.51,-0.0,-1.39,0.03,-0.7,-11.33
di-palm-b (owner),11,Djent,as-is,16.4,palm,B1,61.0,-16.0,-10.7,-12.34,-15.73,-2.53,28.1,-9.57,8.91,27.33,-0.0,2.03,0.58,1.61,1.98
di-palm-b (owner),11,Djent,as-is,17.24,palm,B2,123.8,-8.2,-11.42,-13.17,-16.23,-3.13,27.76,-10.47,27.66,15.81,-0.0,1.2,0.08,0.89,1.64
di-palm-b (owner),11,Djent,as-is,17.85,palm,E2,84.2,-24.0,-12.86,-15.33,-16.48,-2.83,21.66,-12.44,17.34,18.9,-0.0,-0.96,-0.17,-0.55,-4.46
di-palm-b (owner),11,Djent,as-is,18.04,palm,B1,63.2,-29.9,-14.76,-18.2,-17.37,-7.38,4.64,-15.46,-5.91,-2.68,-0.0,-3.83,-1.06,-2.45,-21.48
di-palm-b (owner),11,Djent,as-is,18.2,palm,B1,61.2,-8.4,-11.51,-13.37,-16.09,-1.68,27.05,-10.48,12.71,26.77,-0.0,1.0,0.22,0.8,0.93
di-palm-b (owner),11,Djent,as-is,18.76,palm,C2,65.2,-25.4,-15.91,-20.23,-17.92,-5.8,12.07,-16.13,1.95,9.39,-0.0,-5.86,-1.61,-3.6,-14.05
di-palm-b (owner),11,Djent,as-is,19.12,palm,B2,124.5,-12.4,-11.68,-13.49,-16.37,-4.3,26.41,-10.79,27.17,15.26,-0.0,0.88,-0.06,0.63,0.29
di-palm-b (owner),11,Djent,as-is,19.93,palm,B1,61.0,-30.9,-14.21,-17.69,-16.81,-5.95,7.84,-14.65,-12.65,-4.22,-0.0,-3.32,-0.5,-1.9,-18.28
di-palm-b (owner),11,Djent,as-is,20.07,palm,B1,61.2,-7.7,-12.21,-14.98,-15.47,-4.21,18.01,-11.75,-1.02,8.42,-0.0,-0.61,0.84,0.1,-8.11
di-palm-b (owner),11,Djent,as-is,20.2,palm,B1,61.0,-18.3,-10.97,-12.66,-15.87,-1.93,27.77,-9.82,12.07,27.07,-0.0,1.71,0.44,1.34,1.65
di-palm-b (owner),11,Djent,as-is,20.61,palm,B1,62.2,-33.4,-16.68,-21.57,-18.39,-8.3,4.13,-17.98,-10.45,-3.31,-0.0,-7.2,-2.08,-4.37,-21.99
di-palm-b (owner),11,Djent,as-is,21.04,palm,B2,123.8,-12.3,-11.75,-13.49,-16.55,-5.0,26.82,-10.87,27.53,13.22,-0.0,0.88,-0.24,0.56,0.7
di-palm-b (owner),11,Djent,as-is,21.99,palm,B1,61.5,-7.7,-11.89,-14.14,-15.84,-4.23,26.86,-11.07,5.04,23.37,-0.0,0.23,0.47,0.42,0.74
di-palm-b (owner),11,Djent,as-is,22.52,palm,C#2,69.0,-5.2,-12.93,-15.67,-16.22,-3.46,25.05,-11.83,19.62,24.25,-0.0,-1.3,0.09,-0.62,-1.07
di-palm-b (owner),11,Djent,as-is,23.05,palm,G2,99.5,-11.7,-13.79,-16.0,-17.78,-3.63,22.57,-12.99,23.95,14.34,-0.0,-1.63,-1.47,-1.48,-3.55
di-palm-b (owner),11,Djent,as-is,23.79,palm,B1,61.5,-6.4,-12.51,-15.02,-16.09,-3.96,17.33,-12.28,-5.22,8.66,-0.0,-0.65,0.22,-0.2,-8.79
di-palm-b (owner),11,Djent,as-is,23.94,palm,B1,61.2,-18.4,-11.37,-13.35,-15.73,-3.56,27.67,-10.41,11.82,25.46,-0.0,1.02,0.58,0.94,1.55
di-palm-b (owner),11,Djent,as-is,24.3,palm,C#2,68.8,-7.9,-12.95,-15.67,-16.26,-3.87,25.24,-11.91,16.94,25.17,-0.0,-1.3,0.05,-0.64,-0.88
di-palm-b (owner),11,Djent,as-is,24.77,palm,D#2,77.5,-7.9,-12.06,-14.26,-16.07,-4.27,26.39,-11.01,22.15,24.31,-0.0,0.11,0.24,0.25,0.27
di-palm-b (owner),11,Djent,as-is,25.14,palm,E2,82.0,-10.9,-12.39,-14.28,-16.92,-2.09,23.1,-11.45,17.87,16.17,-0.0,0.09,-0.61,-0.08,-3.02
di-palm-b (owner),11,Djent,as-is,25.38,palm,E2,83.5,-35.3,-13.42,-15.61,-17.44,-4.08,21.06,-12.62,19.57,8.64,-0.0,-1.24,-1.13,-1.11,-5.06
di-palm-b (owner),11,Djent,as-is,25.57,palm,F#2,92.5,-11.7,-12.09,-13.48,-17.71,-3.04,27.46,-10.89,27.35,10.54,-0.0,0.89,-1.4,0.22,1.34
di-palm-b (owner),11,Djent,as-is,25.99,palm,G#2,104.0,-10.8,-11.03,-12.34,-16.87,-3.44,28.75,-9.82,28.8,14.55,-0.0,2.03,-0.56,1.28,2.63
di-palm-b (owner),11,Djent,as-is,26.43,palm,A2,110.0,-15.6,-12.3,-14.3,-16.63,-4.87,25.75,-11.61,25.9,18.47,-0.0,0.07,-0.32,0.01,-0.37
di-palm-b (owner),11,Djent,as-is,26.87,palm,B2,124.0,-19.4,-12.14,-14.04,-16.64,-4.7,26.26,-11.31,26.81,14.28,-0.0,0.33,-0.33,0.17,0.14
di-palm-b (owner),11,Djent,as-is,27.33,palm,C#3,138.5,-13.6,-13.93,-17.29,-16.62,-4.22,23.05,-13.35,23.66,11.02,-0.0,-2.92,-0.31,-1.62,-3.07
di-palm-b (owner),11,Djent,as-is,28.04,palm,B1,61.5,-6.7,-12.86,-15.34,-16.46,-3.15,18.97,-12.57,3.54,13.37,-0.0,-0.97,-0.15,-0.55,-7.15
di-palm-b (owner),11,Djent,as-is,28.23,palm,B1,61.0,-19.7,-10.73,-12.34,-15.81,-2.74,28.46,-9.6,11.68,27.77,-0.0,2.03,0.5,1.58,2.34
di-palm-b (owner),11,Djent,as-is,28.59,palm,C#2,69.0,-6.1,-12.8,-15.58,-16.06,-4.26,25.21,-11.74,17.75,24.77,-0.0,-1.21,0.25,-0.49,-0.91
di-palm-b (owner),11,Djent,as-is,29.04,palm,D#2,77.8,-5.0,-12.1,-14.32,-16.09,-3.47,26.38,-11.19,22.62,23.85,-0.0,0.05,0.22,0.21,0.26
di-palm-b (owner),11,Djent,as-is,29.44,palm,E2,82.2,-13.4,-12.37,-14.54,-16.41,-2.78,25.34,-11.46,22.92,21.27,-0.0,-0.17,-0.1,-0.06,-0.78
di-palm-b (owner),11,Djent,as-is,29.85,palm,F#2,94.5,-12.6,-13.8,-16.16,-17.57,-4.47,12.37,-13.15,11.3,4.04,-0.0,-1.79,-1.26,-1.49,-13.75
di-palm-b (owner),13,Satan Full Rig,as-is,0.07,palm,A2,110.5,-14.8,-7.4,-10.41,-10.41,-0.4,29.17,-5.97,29.04,6.12,0.6,-2.78,-2.78,-2.78,-5.94
di-palm-b (owner),13,Satan Full Rig,as-is,0.41,palm,B2,123.8,-15.8,-2.3,-5.31,-5.31,2.16,38.95,-0.89,38.94,8.43,3.16,2.32,2.32,2.32,3.84
di-palm-b (owner),13,Satan Full Rig,as-is,0.79,palm,C#3,138.5,-14.6,-5.14,-8.16,-8.16,1.13,33.24,-3.92,33.22,6.75,2.13,-0.53,-0.53,-0.52,-1.87
di-palm-b (owner),13,Satan Full Rig,as-is,1.11,ring,B1,61.0,-15.3,-6.63,-9.64,-9.64,0.48,34.04,-5.17,20.87,32.95,1.48,,,,-1.07
di-palm-b (owner),13,Satan Full Rig,as-is,1.57,palm,C#2,68.5,-7.7,-3.09,-6.1,-6.1,2.12,37.84,-1.8,20.09,37.76,3.12,1.53,1.53,1.53,2.73
di-palm-b (owner),13,Satan Full Rig,as-is,1.96,palm,D#2,77.0,-8.0,-5.65,-8.67,-8.67,1.33,34.88,-4.29,28.04,33.8,2.33,-1.04,-1.04,-1.03,-0.23
di-palm-b (owner),13,Satan Full Rig,as-is,2.33,palm,E2,82.0,-11.6,-8.19,-11.2,-11.2,-1.01,32.01,-6.46,30.5,25.82,0.0,-3.57,-3.57,-3.57,-3.1
di-palm-b (owner),13,Satan Full Rig,as-is,2.69,palm,F#2,92.2,-12.4,-3.27,-6.28,-6.28,1.56,37.96,-1.33,37.94,9.73,2.56,1.35,1.35,1.35,2.85
di-palm-b (owner),13,Satan Full Rig,as-is,3.06,palm,G#2,104.0,-11.5,-3.02,-6.03,-6.03,1.73,38.79,-1.33,38.78,4.29,2.73,1.6,1.6,1.6,3.68
di-palm-b (owner),13,Satan Full Rig,as-is,3.43,palm,A2,110.0,-14.8,-4.4,-7.41,-7.41,2.68,35.69,-2.91,35.63,13.0,3.68,0.22,0.22,0.22,0.58
di-palm-b (owner),13,Satan Full Rig,as-is,3.79,palm,B2,123.8,-13.6,-3.94,-6.95,-6.95,1.13,37.69,-2.56,37.67,9.63,2.13,0.68,0.68,0.68,2.58
di-palm-b (owner),13,Satan Full Rig,as-is,4.16,palm,C#3,138.5,-15.7,-2.11,-5.12,-5.12,1.28,35.38,-0.85,35.37,1.6,2.28,2.51,2.51,2.51,0.27
di-palm-b (owner),13,Satan Full Rig,as-is,4.46,palm,B1,61.8,-7.5,-10.15,-13.17,-13.17,-1.34,22.04,-9.12,7.18,19.06,0.01,-5.54,-5.54,-5.53,-13.07
di-palm-b (owner),13,Satan Full Rig,as-is,4.63,palm,B1,61.0,-19.1,-4.01,-7.02,-7.02,2.48,33.1,-2.65,10.03,32.76,3.48,0.61,0.61,0.61,-2.01
di-palm-b (owner),13,Satan Full Rig,as-is,4.9,palm,C#2,68.8,-13.5,-2.93,-5.94,-5.94,1.61,37.9,-1.62,19.66,37.8,2.61,1.69,1.69,1.69,2.79
di-palm-b (owner),13,Satan Full Rig,as-is,5.3,palm,D#2,77.2,-8.5,-5.34,-8.35,-8.35,1.27,32.05,-4.05,23.09,31.42,2.27,-0.72,-0.72,-0.72,-3.06
di-palm-b (owner),13,Satan Full Rig,as-is,5.64,palm,E2,82.2,-12.3,-7.44,-10.45,-10.45,-0.51,33.06,-5.68,31.79,25.73,0.49,-2.82,-2.82,-2.82,-2.05
di-palm-b (owner),13,Satan Full Rig,as-is,6.0,palm,F#2,93.0,-10.2,-4.58,-7.59,-7.59,0.87,37.46,-2.7,37.44,11.18,1.87,0.04,0.04,0.04,2.35
di-palm-b (owner),13,Satan Full Rig,as-is,6.41,palm,G#2,104.0,-11.5,-2.0,-5.01,-5.01,1.97,38.95,-0.29,38.95,13.93,2.97,2.62,2.62,2.62,3.84
di-palm-b (owner),13,Satan Full Rig,as-is,6.79,palm,A2,109.8,-13.3,-5.53,-8.54,-8.54,0.73,34.43,-4.04,34.3,13.81,1.73,-0.91,-0.91,-0.91,-0.68
di-palm-b (owner),13,Satan Full Rig,as-is,7.16,palm,B2,124.0,-10.4,-2.16,-5.17,-5.17,1.72,38.55,-0.74,38.55,10.61,2.72,2.46,2.46,2.46,3.44
di-palm-b (owner),13,Satan Full Rig,as-is,7.61,palm,C#3,138.5,-14.9,-6.05,-9.06,-9.06,0.5,34.61,-4.83,35.34,2.98,1.5,-1.43,-1.43,-1.43,-0.5
di-palm-b (owner),13,Satan Full Rig,as-is,8.06,palm,B1,61.5,-9.8,-10.27,-13.28,-13.28,-1.66,21.52,-9.13,7.2,16.21,0.0,-5.65,-5.65,-5.65,-13.59
di-palm-b (owner),13,Satan Full Rig,as-is,8.22,ring,B1,61.0,-17.9,-3.43,-6.44,-6.44,1.62,36.17,-2.0,19.29,35.8,2.62,,,,1.06
di-palm-b (owner),13,Satan Full Rig,as-is,8.71,palm,C#2,69.0,-3.2,-2.72,-5.73,-5.73,1.9,37.94,-1.42,18.6,38.03,2.9,1.9,1.9,1.9,2.83
di-palm-b (owner),13,Satan Full Rig,as-is,9.15,palm,D#2,77.2,-7.8,-5.21,-8.22,-8.22,1.28,32.58,-3.88,23.6,31.95,2.28,-0.59,-0.59,-0.59,-2.53
di-palm-b (owner),13,Satan Full Rig,as-is,9.48,palm,E2,82.2,-9.2,-8.44,-11.45,-11.45,-1.0,31.72,-6.76,30.32,23.84,0.0,-3.82,-3.82,-3.82,-3.39
di-palm-b (owner),13,Satan Full Rig,as-is,9.86,palm,F#2,93.0,-12.6,-2.85,-5.86,-5.86,1.49,37.96,-0.91,37.88,16.97,2.49,1.77,1.77,1.77,2.85
di-palm-b (owner),13,Satan Full Rig,as-is,10.3,palm,G#2,104.0,-8.2,-1.49,-4.51,-4.51,1.66,39.19,0.22,39.16,7.56,2.66,3.12,3.12,3.13,4.08
di-palm-b (owner),13,Satan Full Rig,as-is,10.74,palm,A2,110.0,-12.9,-3.26,-6.27,-6.27,1.48,38.03,-1.68,37.88,11.81,2.48,1.36,1.36,1.36,2.92
di-palm-b (owner),13,Satan Full Rig,as-is,11.17,palm,B2,123.8,-13.3,-4.29,-7.3,-7.3,0.93,36.81,-2.91,36.97,11.75,1.93,0.33,0.33,0.33,1.7
di-palm-b (owner),13,Satan Full Rig,as-is,11.61,palm,C#3,139.0,-12.5,-4.7,-7.71,-7.71,1.03,36.69,-3.47,36.82,3.81,2.03,-0.08,-0.08,-0.08,1.58
di-palm-b (owner),13,Satan Full Rig,as-is,12.02,palm,B1,61.5,-9.6,-10.66,-13.67,-13.67,-2.95,21.02,-9.54,10.46,15.56,0.0,-6.04,-6.04,-6.04,-14.09
di-palm-b (owner),13,Satan Full Rig,as-is,12.17,palm,B1,61.0,-17.2,-3.92,-6.93,-6.93,1.15,36.25,-2.49,21.07,35.89,2.15,0.7,0.7,0.7,1.14
di-palm-b (owner),13,Satan Full Rig,as-is,12.56,palm,C#2,68.8,-5.9,-3.57,-6.58,-6.58,2.08,36.34,-2.18,22.83,36.83,3.08,1.05,1.05,1.05,1.23
di-palm-b (owner),13,Satan Full Rig,as-is,13.04,palm,D#2,77.5,-8.7,-5.88,-8.89,-8.89,-0.46,34.23,-4.28,30.61,31.76,0.54,-1.26,-1.26,-1.26,-0.88
di-palm-b (owner),13,Satan Full Rig,as-is,13.45,palm,E2,82.5,-9.3,-7.2,-10.21,-10.21,-0.44,32.91,-5.41,30.64,27.14,0.56,-2.58,-2.58,-2.58,-2.2
di-palm-b (owner),13,Satan Full Rig,as-is,13.89,palm,F#2,93.0,-12.4,-3.54,-6.55,-6.55,0.9,37.48,-1.59,37.43,5.88,1.9,1.08,1.08,1.08,2.37
di-palm-b (owner),13,Satan Full Rig,as-is,14.35,palm,G#2,104.0,-10.7,-2.48,-5.49,-5.49,1.64,38.77,-0.78,38.77,15.71,2.64,2.14,2.14,2.14,3.66
di-palm-b (owner),13,Satan Full Rig,as-is,14.78,palm,A2,109.5,-13.7,-4.99,-8.0,-8.0,0.99,35.11,-3.45,34.92,16.64,1.99,-0.37,-0.37,-0.37,0.0
di-palm-b (owner),13,Satan Full Rig,as-is,15.22,palm,B2,123.8,-13.9,-1.52,-4.53,-4.53,1.97,39.04,-0.1,38.95,10.14,2.97,3.1,3.1,3.1,3.93
di-palm-b (owner),13,Satan Full Rig,as-is,15.71,palm,C#3,139.0,-12.2,-5.95,-8.96,-8.96,0.51,33.53,-4.73,35.3,5.84,1.51,-1.33,-1.33,-1.33,-1.58
di-palm-b (owner),13,Satan Full Rig,as-is,16.26,palm,B1,62.0,-7.0,-10.0,-13.01,-13.01,-1.53,22.48,-8.96,7.86,17.29,0.0,-5.38,-5.38,-5.38,-12.63
di-palm-b (owner),13,Satan Full Rig,as-is,16.4,palm,B1,61.0,-16.0,-1.68,-4.69,-4.69,2.19,38.18,-0.23,13.26,37.8,3.19,2.94,2.94,2.94,3.07
di-palm-b (owner),13,Satan Full Rig,as-is,17.24,palm,B2,123.8,-8.2,-2.41,-5.42,-5.42,1.53,38.01,-1.01,37.09,8.37,2.53,2.21,2.21,2.21,2.9
di-palm-b (owner),13,Satan Full Rig,as-is,17.85,palm,E2,84.2,-24.0,-8.02,-11.03,-11.03,0.6,30.1,-6.51,28.39,20.15,1.6,-3.4,-3.4,-3.4,-5.01
di-palm-b (owner),13,Satan Full Rig,as-is,18.04,palm,B1,63.2,-29.9,-13.72,-16.73,-16.73,-3.26,14.37,-13.2,-1.57,9.86,0.0,-9.1,-9.1,-9.1,-20.74
di-palm-b (owner),13,Satan Full Rig,as-is,18.2,palm,B1,61.2,-8.4,-1.81,-4.82,-4.82,2.04,38.65,-0.35,16.06,38.65,3.04,2.81,2.81,2.81,3.54
di-palm-b (owner),13,Satan Full Rig,as-is,18.76,palm,C2,65.2,-25.4,-14.12,-17.13,-17.13,-2.27,17.19,-13.51,6.73,14.6,0.01,-9.5,-9.5,-9.5,-17.92
di-palm-b (owner),13,Satan Full Rig,as-is,19.12,palm,B2,124.5,-12.4,-2.47,-5.48,-5.48,1.83,37.91,-1.07,38.38,6.16,2.83,2.15,2.15,2.15,2.8
di-palm-b (owner),13,Satan Full Rig,as-is,19.93,palm,B1,61.0,-30.9,-13.11,-16.12,-16.12,-3.62,15.59,-12.32,-4.09,8.5,0.0,-8.49,-8.49,-8.49,-19.52
di-palm-b (owner),13,Satan Full Rig,as-is,20.07,palm,B1,61.2,-7.7,-9.65,-12.66,-12.66,-2.17,22.2,-8.36,14.7,18.13,0.0,-5.03,-5.03,-5.03,-12.91
di-palm-b (owner),13,Satan Full Rig,as-is,20.2,palm,B1,61.0,-18.3,-1.74,-4.75,-4.75,2.83,38.28,-0.31,13.46,38.15,3.83,2.88,2.88,2.88,3.17
di-palm-b (owner),13,Satan Full Rig,as-is,20.61,palm,B1,62.2,-33.4,-16.1,-19.11,-19.11,-3.57,15.82,-16.68,-4.06,11.16,0.1,-11.48,-11.48,-11.48,-19.29
di-palm-b (owner),13,Satan Full Rig,as-is,21.04,palm,B2,123.8,-12.3,-2.36,-5.37,-5.37,2.04,38.24,-0.95,38.58,4.54,3.04,2.26,2.26,2.26,3.13
di-palm-b (owner),13,Satan Full Rig,as-is,21.99,palm,B1,61.5,-7.7,-4.01,-7.02,-7.02,0.96,36.35,-2.6,15.61,34.35,1.96,0.61,0.61,0.61,1.24
di-palm-b (owner),13,Satan Full Rig,as-is,22.52,palm,C#2,69.0,-5.2,-4.91,-7.92,-7.92,1.94,34.5,-3.45,26.46,35.31,2.94,-0.29,-0.29,-0.29,-0.61
di-palm-b (owner),13,Satan Full Rig,as-is,23.05,palm,G2,99.5,-11.7,-6.49,-9.5,-9.5,1.06,32.51,-4.77,34.69,11.08,2.06,-1.87,-1.87,-1.87,-2.6
di-palm-b (owner),13,Satan Full Rig,as-is,23.79,palm,B1,61.5,-6.4,-8.98,-11.99,-11.99,-0.9,22.95,-7.88,8.26,17.97,0.1,-4.36,-4.36,-4.36,-12.16
di-palm-b (owner),13,Satan Full Rig,as-is,23.94,palm,B1,61.2,-18.4,-3.27,-6.28,-6.28,1.99,37.09,-1.87,18.37,36.65,2.99,1.35,1.35,1.35,1.98
di-palm-b (owner),13,Satan Full Rig,as-is,24.3,palm,C#2,68.8,-7.9,-3.8,-6.81,-6.81,1.38,36.37,-2.41,22.63,37.07,2.38,0.82,0.82,0.82,1.26
di-palm-b (owner),13,Satan Full Rig,as-is,24.77,palm,D#2,77.5,-7.9,-5.73,-8.74,-8.74,0.82,34.63,-4.22,29.54,32.99,1.82,-1.11,-1.11,-1.11,-0.48
di-palm-b (owner),13,Satan Full Rig,as-is,25.14,palm,E2,82.0,-10.9,-5.72,-8.73,-8.73,1.09,31.69,-4.09,26.6,17.27,2.09,-1.1,-1.1,-1.1,-3.42
di-palm-b (owner),13,Satan Full Rig,as-is,25.38,palm,E2,83.5,-35.3,-7.44,-10.45,-10.45,0.35,30.07,-5.46,29.28,6.73,1.35,-2.82,-2.82,-2.82,-5.04
di-palm-b (owner),13,Satan Full Rig,as-is,25.57,palm,F#2,92.5,-11.7,-3.49,-6.5,-6.5,1.13,37.73,-1.57,37.68,5.08,2.13,1.13,1.13,1.13,2.62
di-palm-b (owner),13,Satan Full Rig,as-is,25.99,palm,G#2,104.0,-10.8,-2.27,-5.28,-5.28,2.1,38.93,-0.57,38.92,12.91,3.1,2.35,2.35,2.35,3.82
di-palm-b (owner),13,Satan Full Rig,as-is,26.43,palm,A2,110.0,-15.6,-4.62,-7.63,-7.63,0.45,36.52,-3.06,36.68,12.87,1.45,0.0,0.0,0.0,1.41
di-palm-b (owner),13,Satan Full Rig,as-is,26.87,palm,B2,124.0,-19.4,-3.52,-6.53,-6.53,1.82,37.45,-2.12,37.86,9.39,2.82,1.1,1.1,1.1,2.34
di-palm-b (owner),13,Satan Full Rig,as-is,27.33,palm,C#3,138.5,-13.6,-7.16,-10.17,-10.17,0.54,32.09,-5.94,33.91,0.18,1.54,-2.54,-2.54,-2.54,-3.02
di-palm-b (owner),13,Satan Full Rig,as-is,28.04,palm,B1,61.5,-6.7,-8.74,-11.75,-11.75,1.04,23.11,-7.45,14.45,17.27,2.04,-4.12,-4.12,-4.12,-12.0
di-palm-b (owner),13,Satan Full Rig,as-is,28.23,palm,B1,61.0,-19.7,-1.43,-4.44,-4.44,2.83,38.64,-0.0,15.02,38.55,3.83,3.19,3.19,3.19,3.53
di-palm-b (owner),13,Satan Full Rig,as-is,28.59,palm,C#2,69.0,-6.1,-4.45,-7.46,-7.46,1.35,35.66,-3.06,24.35,35.95,2.35,0.17,0.17,0.17,0.55
di-palm-b (owner),13,Satan Full Rig,as-is,29.04,palm,D#2,77.8,-5.0,-6.11,-9.12,-9.12,1.45,34.37,-4.51,31.44,31.12,2.45,-1.49,-1.49,-1.49,-0.74
di-palm-b (owner),13,Satan Full Rig,as-is,29.44,palm,E2,82.2,-13.4,-6.99,-10.0,-10.0,0.13,33.61,-5.11,32.63,25.4,1.13,-2.37,-2.37,-2.37,-1.5
di-palm-b (owner),13,Satan Full Rig,as-is,29.85,palm,F#2,94.5,-12.6,-7.5,-10.51,-10.51,-0.95,23.98,-5.7,23.43,6.08,0.05,-2.88,-2.88,-2.88,-11.13
di-palm-b (owner),14,Satan 50 Modern,as-is,0.07,palm,A2,110.5,-14.8,-12.7,-15.71,-15.71,-6.33,19.96,-12.16,19.76,7.91,-0.0,-2.88,-2.88,-2.89,-8.82
di-palm-b (owner),14,Satan 50 Modern,as-is,0.41,palm,B2,123.8,-15.8,-7.27,-10.28,-10.28,-2.35,34.07,-5.97,34.06,12.05,-0.0,2.55,2.55,2.54,5.29
di-palm-b (owner),14,Satan 50 Modern,as-is,0.79,palm,C#3,138.5,-14.6,-9.91,-12.92,-12.92,-3.56,28.09,-8.86,28.07,8.01,-0.0,-0.09,-0.09,-0.1,-0.69
di-palm-b (owner),14,Satan 50 Modern,as-is,1.11,ring,B1,61.0,-15.3,-11.65,-14.66,-14.66,-4.75,28.16,-10.54,17.16,24.08,-0.0,,,,-0.62
di-palm-b (owner),14,Satan 50 Modern,as-is,1.57,palm,C#2,68.5,-7.7,-7.43,-10.44,-10.44,-1.44,33.29,-6.27,16.34,33.19,-0.0,2.39,2.39,2.38,4.51
di-palm-b (owner),14,Satan 50 Modern,as-is,1.96,palm,D#2,77.0,-8.0,-8.99,-12.01,-12.01,-2.29,31.01,-7.94,20.85,30.53,-0.0,0.82,0.82,0.82,2.23
di-palm-b (owner),14,Satan 50 Modern,as-is,2.33,palm,E2,82.0,-11.6,-12.3,-15.31,-15.31,-5.59,25.69,-11.59,20.54,23.96,-0.0,-2.48,-2.48,-2.49,-3.09
di-palm-b (owner),14,Satan 50 Modern,as-is,2.69,palm,F#2,92.2,-12.4,-9.55,-12.57,-12.57,-3.54,31.6,-7.84,31.54,12.63,-0.0,0.26,0.26,0.26,2.82
di-palm-b (owner),14,Satan 50 Modern,as-is,3.06,palm,G#2,104.0,-11.5,-8.07,-11.08,-11.08,-2.24,33.64,-6.56,33.63,11.61,-0.0,1.75,1.75,1.74,4.86
di-palm-b (owner),14,Satan 50 Modern,as-is,3.43,palm,A2,110.0,-14.8,-11.85,-14.86,-14.86,-4.76,25.26,-11.18,25.16,14.54,-0.0,-2.03,-2.03,-2.04,-3.52
di-palm-b (owner),14,Satan 50 Modern,as-is,3.79,palm,B2,123.8,-13.6,-9.6,-12.61,-12.61,-3.87,31.64,-8.47,31.62,13.98,-0.0,0.22,0.22,0.21,2.86
di-palm-b (owner),14,Satan 50 Modern,as-is,4.16,palm,C#3,138.5,-15.7,-6.55,-9.56,-9.56,-2.14,30.98,-5.34,30.97,5.29,-0.0,3.27,3.27,3.26,2.2
di-palm-b (owner),14,Satan 50 Modern,as-is,4.46,palm,B1,61.8,-7.5,-12.68,-15.69,-15.69,-4.47,13.33,-12.61,0.56,8.88,-0.0,-2.86,-2.86,-2.87,-15.45
di-palm-b (owner),14,Satan 50 Modern,as-is,4.63,palm,B1,61.0,-19.1,-9.38,-12.39,-12.39,-2.74,26.75,-8.48,4.83,25.25,-0.0,0.44,0.44,0.43,-2.03
di-palm-b (owner),14,Satan 50 Modern,as-is,4.9,palm,C#2,68.8,-13.5,-7.29,-10.3,-10.3,-1.91,33.28,-6.13,16.02,33.18,-0.0,2.53,2.53,2.52,4.5
di-palm-b (owner),14,Satan 50 Modern,as-is,5.3,palm,D#2,77.2,-8.5,-8.84,-11.85,-11.85,-3.13,28.25,-7.79,16.46,27.94,-0.0,0.98,0.98,0.97,-0.53
di-palm-b (owner),14,Satan 50 Modern,as-is,5.64,palm,E2,82.2,-12.3,-11.88,-14.89,-14.89,-4.35,26.46,-11.09,22.23,24.15,-0.0,-2.06,-2.06,-2.07,-2.32
di-palm-b (owner),14,Satan 50 Modern,as-is,6.0,palm,F#2,93.0,-10.2,-10.99,-14.0,-14.0,-4.29,30.47,-9.5,30.33,15.71,-0.0,-1.17,-1.17,-1.18,1.69
di-palm-b (owner),14,Satan 50 Modern,as-is,6.41,palm,G#2,104.0,-11.5,-6.0,-9.01,-9.01,-0.83,35.01,-4.39,35.0,17.99,0.17,3.82,3.82,3.81,6.23
di-palm-b (owner),14,Satan 50 Modern,as-is,6.79,palm,A2,109.8,-13.3,-11.58,-14.59,-14.59,-3.85,25.97,-10.79,25.8,14.77,0.0,-1.76,-1.76,-1.77,-2.81
di-palm-b (owner),14,Satan 50 Modern,as-is,7.16,palm,B2,124.0,-10.4,-7.55,-10.56,-10.56,-2.8,33.12,-6.24,33.28,12.44,0.0,2.27,2.27,2.26,4.34
di-palm-b (owner),14,Satan 50 Modern,as-is,7.61,palm,C#3,138.5,-14.9,-10.66,-13.67,-13.67,-3.98,29.49,-9.64,30.19,3.87,0.0,-0.84,-0.84,-0.85,0.71
di-palm-b (owner),14,Satan 50 Modern,as-is,8.06,palm,B1,61.5,-9.8,-12.23,-15.24,-15.24,-6.26,14.88,-11.77,1.67,7.99,0.0,-2.41,-2.41,-2.42,-13.9
di-palm-b (owner),14,Satan 50 Modern,as-is,8.22,ring,B1,61.0,-17.9,-9.26,-12.27,-12.27,-3.34,29.4,-7.97,16.05,27.64,0.0,,,,0.62
di-palm-b (owner),14,Satan 50 Modern,as-is,8.71,palm,C#2,69.0,-3.2,-7.01,-10.02,-10.02,-1.63,33.54,-5.84,14.07,33.82,0.0,2.81,2.81,2.8,4.76
di-palm-b (owner),14,Satan 50 Modern,as-is,9.15,palm,D#2,77.2,-7.8,-8.47,-11.48,-11.48,-2.84,29.18,-7.42,15.5,28.98,0.0,1.35,1.35,1.34,0.4
di-palm-b (owner),14,Satan 50 Modern,as-is,9.48,palm,E2,82.2,-9.2,-12.64,-15.65,-15.65,-4.97,25.25,-12.05,20.73,22.96,0.0,-2.82,-2.82,-2.83,-3.53
di-palm-b (owner),14,Satan 50 Modern,as-is,9.86,palm,F#2,93.0,-12.6,-9.28,-12.29,-12.29,-3.74,31.3,-7.55,31.24,15.87,0.0,0.54,0.54,0.53,2.52
di-palm-b (owner),14,Satan 50 Modern,as-is,10.3,palm,G#2,104.0,-8.2,-6.01,-9.03,-9.03,-1.73,34.81,-4.37,34.85,12.91,0.0,3.8,3.8,3.8,6.03
di-palm-b (owner),14,Satan 50 Modern,as-is,10.74,palm,A2,110.0,-12.9,-9.21,-12.22,-12.22,-2.63,31.6,-7.9,31.43,14.6,0.0,0.61,0.61,0.6,2.82
di-palm-b (owner),14,Satan 50 Modern,as-is,11.17,palm,B2,123.8,-13.3,-9.95,-12.96,-12.96,-3.93,30.6,-8.76,30.74,13.95,0.0,-0.13,-0.13,-0.14,1.82
di-palm-b (owner),14,Satan 50 Modern,as-is,11.61,palm,C#3,139.0,-12.5,-9.05,-12.06,-12.06,-2.89,31.86,-7.95,32.01,2.46,0.0,0.77,0.77,0.76,3.08
di-palm-b (owner),14,Satan 50 Modern,as-is,12.02,palm,B1,61.5,-9.6,-12.57,-15.58,-15.58,-4.82,13.38,-12.34,3.42,6.22,0.0,-2.75,-2.75,-2.76,-15.4
di-palm-b (owner),14,Satan 50 Modern,as-is,12.17,palm,B1,61.0,-17.2,-9.91,-12.92,-12.92,-3.3,29.05,-8.7,19.28,27.4,0.0,-0.09,-0.09,-0.1,0.27
di-palm-b (owner),14,Satan 50 Modern,as-is,12.56,palm,C#2,68.8,-5.9,-8.29,-11.3,-11.3,-1.66,31.04,-7.04,19.13,31.6,0.0,1.53,1.53,1.52,2.26
di-palm-b (owner),14,Satan 50 Modern,as-is,13.04,palm,D#2,77.5,-8.7,-10.12,-13.13,-13.13,-3.42,29.44,-8.94,23.83,28.21,0.0,-0.3,-0.3,-0.31,0.66
di-palm-b (owner),14,Satan 50 Modern,as-is,13.45,palm,E2,82.5,-9.3,-11.3,-14.31,-14.31,-4.0,27.32,-10.33,21.71,25.98,0.0,-1.48,-1.48,-1.49,-1.46
di-palm-b (owner),14,Satan 50 Modern,as-is,13.89,palm,F#2,93.0,-12.4,-10.74,-13.75,-13.75,-4.89,30.0,-9.01,30.11,10.42,0.0,-0.92,-0.92,-0.93,1.22
di-palm-b (owner),14,Satan 50 Modern,as-is,14.35,palm,G#2,104.0,-10.7,-6.41,-9.42,-9.42,-0.95,34.72,-4.83,34.75,19.84,0.05,3.41,3.41,3.4,5.94
di-palm-b (owner),14,Satan 50 Modern,as-is,14.78,palm,A2,109.5,-13.7,-11.56,-14.57,-14.57,-5.35,26.3,-10.62,25.95,17.66,0.0,-1.74,-1.74,-1.75,-2.48
di-palm-b (owner),14,Satan 50 Modern,as-is,15.22,palm,B2,123.8,-13.9,-6.48,-9.49,-9.49,-2.14,34.01,-5.13,34.19,14.22,0.0,3.34,3.34,3.33,5.23
di-palm-b (owner),14,Satan 50 Modern,as-is,15.71,palm,C#3,139.0,-12.2,-10.5,-13.51,-13.51,-3.69,28.42,-9.45,30.11,5.37,0.0,-0.68,-0.68,-0.69,-0.36
di-palm-b (owner),14,Satan 50 Modern,as-is,16.26,palm,B1,62.0,-7.0,-12.73,-15.74,-15.74,-6.38,15.63,-12.66,0.82,8.85,0.0,-2.91,-2.91,-2.92,-13.15
di-palm-b (owner),14,Satan 50 Modern,as-is,16.4,palm,B1,61.0,-16.0,-6.65,-9.66,-9.66,-2.25,33.04,-5.31,11.35,31.92,0.0,3.17,3.17,3.16,4.26
di-palm-b (owner),14,Satan 50 Modern,as-is,17.24,palm,B2,123.8,-8.2,-8.1,-11.11,-11.11,-3.37,32.04,-6.83,30.77,11.25,0.0,1.72,1.72,1.71,3.26
di-palm-b (owner),14,Satan 50 Modern,as-is,17.85,palm,E2,84.2,-24.0,-12.95,-15.96,-15.96,-4.04,22.15,-12.61,17.8,18.68,0.0,-3.13,-3.13,-3.14,-6.63
di-palm-b (owner),14,Satan 50 Modern,as-is,18.04,palm,B1,63.2,-29.9,-14.97,-17.98,-17.98,-8.07,6.48,-15.62,-12.07,0.81,0.0,-5.15,-5.15,-5.16,-22.3
di-palm-b (owner),14,Satan 50 Modern,as-is,18.2,palm,B1,61.2,-8.4,-7.23,-10.24,-10.24,-2.02,33.1,-5.87,12.89,33.18,0.0,2.59,2.59,2.58,4.32
di-palm-b (owner),14,Satan 50 Modern,as-is,18.76,palm,C2,65.2,-25.4,-16.72,-19.73,-19.73,-7.32,10.89,-17.29,-0.23,8.87,0.0,-6.9,-6.9,-6.91,-17.89
di-palm-b (owner),14,Satan 50 Modern,as-is,19.12,palm,B2,124.5,-12.4,-8.23,-11.24,-11.24,-3.45,31.95,-6.93,32.51,9.28,0.0,1.59,1.59,1.58,3.17
di-palm-b (owner),14,Satan 50 Modern,as-is,19.93,palm,B1,61.0,-30.9,-14.62,-17.63,-17.63,-8.48,7.14,-15.05,-13.4,-1.84,0.0,-4.8,-4.8,-4.81,-21.64
di-palm-b (owner),14,Satan 50 Modern,as-is,20.07,palm,B1,61.2,-7.7,-12.27,-15.28,-15.28,-4.47,16.76,-11.66,7.33,5.69,0.0,-2.45,-2.45,-2.46,-12.02
di-palm-b (owner),14,Satan 50 Modern,as-is,20.2,palm,B1,61.0,-18.3,-7.02,-10.03,-10.03,-2.35,32.92,-5.69,11.2,32.48,0.0,2.8,2.8,2.79,4.14
di-palm-b (owner),14,Satan 50 Modern,as-is,20.61,palm,B1,62.2,-33.4,-17.35,-20.36,-20.36,-6.37,5.63,-18.73,-11.9,-0.02,0.0,-7.53,-7.53,-7.54,-23.15
di-palm-b (owner),14,Satan 50 Modern,as-is,21.04,palm,B2,123.8,-12.3,-7.94,-10.95,-10.95,-2.76,32.45,-6.63,32.95,6.81,0.0,1.88,1.88,1.87,3.67
di-palm-b (owner),14,Satan 50 Modern,as-is,21.99,palm,B1,61.5,-7.7,-9.58,-12.59,-12.59,-3.5,30.22,-8.37,12.92,26.75,0.0,0.24,0.24,0.23,1.44
di-palm-b (owner),14,Satan 50 Modern,as-is,22.52,palm,C#2,69.0,-5.2,-9.62,-12.63,-12.63,-2.44,28.78,-8.39,21.14,29.78,0.0,0.2,0.2,0.19,0.0
di-palm-b (owner),14,Satan 50 Modern,as-is,23.05,palm,G2,99.5,-11.7,-12.88,-15.89,-15.89,-3.89,24.89,-11.57,27.14,11.4,0.0,-3.06,-3.06,-3.07,-3.89
di-palm-b (owner),14,Satan 50 Modern,as-is,23.79,palm,B1,61.5,-6.4,-11.84,-14.85,-14.85,-4.51,16.6,-11.46,1.63,7.72,0.0,-2.02,-2.02,-2.03,-12.18
di-palm-b (owner),14,Satan 50 Modern,as-is,23.94,palm,B1,61.2,-18.4,-8.44,-11.45,-11.45,-2.76,31.34,-7.25,15.26,29.72,0.0,1.38,1.38,1.37,2.56
di-palm-b (owner),14,Satan 50 Modern,as-is,24.3,palm,C#2,68.8,-7.9,-8.46,-11.47,-11.47,-2.46,31.23,-7.17,19.0,32.08,0.0,1.36,1.36,1.35,2.45
di-palm-b (owner),14,Satan 50 Modern,as-is,24.77,palm,D#2,77.5,-7.9,-9.49,-12.5,-12.5,-2.88,30.42,-8.33,23.32,29.46,0.0,0.33,0.33,0.32,1.64
di-palm-b (owner),14,Satan 50 Modern,as-is,25.14,palm,E2,82.0,-10.9,-11.89,-14.9,-14.9,-3.98,24.1,-10.9,17.4,16.26,0.0,-2.07,-2.07,-2.08,-4.68
di-palm-b (owner),14,Satan 50 Modern,as-is,25.38,palm,E2,83.5,-35.3,-13.72,-16.73,-16.73,-6.13,21.15,-12.62,19.33,8.06,0.0,-3.9,-3.9,-3.91,-7.63
di-palm-b (owner),14,Satan 50 Modern,as-is,25.57,palm,F#2,92.5,-11.7,-10.19,-13.21,-13.21,-4.64,30.83,-8.52,30.77,10.77,0.0,-0.38,-0.38,-0.38,2.05
di-palm-b (owner),14,Satan 50 Modern,as-is,25.99,palm,G#2,104.0,-10.8,-6.41,-9.42,-9.42,-1.06,34.74,-4.8,34.8,17.17,0.0,3.41,3.41,3.4,5.96
di-palm-b (owner),14,Satan 50 Modern,as-is,26.43,palm,A2,110.0,-15.6,-11.66,-14.67,-14.67,-5.28,28.07,-10.61,28.16,14.96,0.0,-1.84,-1.84,-1.85,-0.71
di-palm-b (owner),14,Satan 50 Modern,as-is,26.87,palm,B2,124.0,-19.4,-9.2,-12.21,-12.21,-3.56,31.35,-7.96,31.8,12.17,0.0,0.62,0.62,0.61,2.57
di-palm-b (owner),14,Satan 50 Modern,as-is,27.33,palm,C#3,138.5,-13.6,-11.81,-14.82,-14.82,-4.91,27.0,-10.85,28.56,1.84,0.0,-1.99,-1.99,-2.0,-1.78
di-palm-b (owner),14,Satan 50 Modern,as-is,28.04,palm,B1,61.5,-6.7,-11.81,-14.82,-14.82,-2.73,17.04,-11.31,6.15,8.17,0.0,-1.99,-1.99,-2.0,-11.74
di-palm-b (owner),14,Satan 50 Modern,as-is,28.23,palm,B1,61.0,-19.7,-6.39,-9.4,-9.4,-1.67,33.69,-5.07,11.86,33.24,0.0,3.43,3.43,3.42,4.91
di-palm-b (owner),14,Satan 50 Modern,as-is,28.59,palm,C#2,69.0,-6.1,-9.05,-12.06,-12.06,-1.67,30.42,-7.84,19.31,30.86,0.0,0.77,0.77,0.76,1.64
di-palm-b (owner),14,Satan 50 Modern,as-is,29.04,palm,D#2,77.8,-5.0,-9.81,-12.83,-12.83,-3.33,29.84,-8.65,24.91,28.08,0.0,0.0,0.0,0.0,1.06
di-palm-b (owner),14,Satan 50 Modern,as-is,29.44,palm,E2,82.2,-13.4,-11.83,-14.84,-14.84,-3.64,26.82,-10.84,23.49,24.02,0.0,-2.01,-2.01,-2.02,-1.96
di-palm-b (owner),14,Satan 50 Modern,as-is,29.85,palm,F#2,94.5,-12.6,-13.12,-16.13,-16.13,-7.06,14.07,-12.05,13.15,4.31,0.0,-3.3,-3.3,-3.31,-14.71
di-palm-b (owner),15,Satan 50 Low Tuned,as-is,0.07,palm,A2,110.5,-14.8,-13.78,-16.79,-16.79,-7.24,13.94,-15.08,12.86,6.17,-0.0,-1.89,-1.89,-1.89,-14.23
di-palm-b (owner),15,Satan 50 Low Tuned,as-is,0.41,palm,B2,123.8,-15.8,-9.29,-12.3,-12.3,-2.64,31.57,-8.51,31.55,14.64,-0.0,2.6,2.6,2.6,3.4
di-palm-b (owner),15,Satan 50 Low Tuned,as-is,0.79,palm,C#3,138.5,-14.6,-11.36,-14.37,-14.37,-4.91,24.22,-11.5,24.16,8.57,-0.0,0.53,0.53,0.53,-3.95
di-palm-b (owner),15,Satan 50 Low Tuned,as-is,1.11,ring,B1,61.0,-15.3,-11.41,-14.42,-14.42,-3.81,27.49,-11.28,-3.92,23.56,-0.0,,,,-0.68
di-palm-b (owner),15,Satan 50 Low Tuned,as-is,1.57,palm,C#2,68.5,-7.7,-8.54,-11.55,-11.55,-2.06,32.1,-7.68,8.73,32.05,-0.0,3.35,3.35,3.35,3.93
di-palm-b (owner),15,Satan 50 Low Tuned,as-is,1.96,palm,D#2,77.0,-8.0,-9.29,-12.3,-12.3,-2.82,30.96,-8.64,9.1,30.9,-0.0,2.6,2.6,2.6,2.79
di-palm-b (owner),15,Satan 50 Low Tuned,as-is,2.33,palm,E2,82.0,-11.6,-13.06,-16.07,-16.07,-5.56,23.29,-13.65,12.53,22.61,-0.0,-1.17,-1.17,-1.17,-4.88
di-palm-b (owner),15,Satan 50 Low Tuned,as-is,2.69,palm,F#2,92.2,-12.4,-12.64,-15.65,-15.65,-5.31,24.73,-12.95,23.34,18.14,-0.0,-0.75,-0.75,-0.75,-3.44
di-palm-b (owner),15,Satan 50 Low Tuned,as-is,3.06,palm,G#2,104.0,-11.5,-11.56,-14.57,-14.57,-2.6,27.43,-11.44,27.31,16.65,-0.0,0.33,0.33,0.33,-0.74
di-palm-b (owner),15,Satan 50 Low Tuned,as-is,3.43,palm,A2,110.0,-14.8,-13.91,-16.92,-16.92,-6.56,15.67,-15.25,14.68,12.03,-0.0,-2.02,-2.02,-2.02,-12.5
di-palm-b (owner),15,Satan 50 Low Tuned,as-is,3.79,palm,B2,123.8,-13.6,-12.66,-15.67,-15.67,-5.46,24.58,-13.18,24.41,13.47,-0.0,-0.77,-0.77,-0.77,-3.59
di-palm-b (owner),15,Satan 50 Low Tuned,as-is,4.16,palm,C#3,138.5,-15.7,-7.81,-10.82,-10.82,-2.39,29.53,-6.9,29.5,11.79,-0.0,4.08,4.08,4.08,1.36
di-palm-b (owner),15,Satan 50 Low Tuned,as-is,4.46,palm,B1,61.8,-7.5,-12.82,-15.83,-15.83,-5.83,10.7,-13.78,-9.41,8.14,-0.0,-0.93,-0.93,-0.93,-17.47
di-palm-b (owner),15,Satan 50 Low Tuned,as-is,4.63,palm,B1,61.0,-19.1,-11.87,-14.88,-14.88,-5.21,21.57,-11.98,-3.07,17.95,-0.0,0.02,0.02,0.02,-6.6
di-palm-b (owner),15,Satan 50 Low Tuned,as-is,4.9,palm,C#2,68.8,-13.5,-7.72,-10.73,-10.73,-1.89,33.07,-6.78,5.94,33.04,-0.0,4.17,4.17,4.17,4.9
di-palm-b (owner),15,Satan 50 Low Tuned,as-is,5.3,palm,D#2,77.2,-8.5,-9.22,-12.23,-12.23,-3.5,27.88,-8.6,2.67,27.84,-0.0,2.67,2.67,2.67,-0.29
di-palm-b (owner),15,Satan 50 Low Tuned,as-is,5.64,palm,E2,82.2,-12.3,-13.59,-16.6,-16.6,-7.04,20.78,-14.3,10.35,19.64,-0.0,-1.7,-1.7,-1.7,-7.39
di-palm-b (owner),15,Satan 50 Low Tuned,as-is,6.0,palm,F#2,93.0,-10.2,-13.3,-16.31,-16.31,-5.73,21.28,-14.44,19.45,15.4,-0.0,-1.41,-1.41,-1.41,-6.89
di-palm-b (owner),15,Satan 50 Low Tuned,as-is,6.41,palm,G#2,104.0,-11.5,-8.44,-11.45,-11.45,-1.54,32.03,-7.23,31.99,19.22,-0.0,3.45,3.45,3.45,3.86
di-palm-b (owner),15,Satan 50 Low Tuned,as-is,6.79,palm,A2,109.8,-13.3,-13.43,-16.44,-16.44,-6.87,20.81,-14.31,20.29,14.36,-0.0,-1.54,-1.54,-1.54,-7.36
di-palm-b (owner),15,Satan 50 Low Tuned,as-is,7.16,palm,B2,124.0,-10.4,-10.61,-13.62,-13.62,-3.53,28.72,-10.3,29.05,14.25,-0.0,1.28,1.28,1.28,0.55
di-palm-b (owner),15,Satan 50 Low Tuned,as-is,7.61,palm,C#3,138.5,-14.9,-12.03,-15.04,-15.04,-4.54,25.37,-12.34,26.15,8.83,-0.0,-0.14,-0.14,-0.14,-2.8
di-palm-b (owner),15,Satan 50 Low Tuned,as-is,8.06,palm,B1,61.5,-9.8,-12.72,-15.73,-15.73,-5.31,14.16,-12.96,-8.34,11.51,-0.0,-0.83,-0.83,-0.83,-14.01
di-palm-b (owner),15,Satan 50 Low Tuned,as-is,8.22,ring,B1,61.0,-17.9,-9.65,-12.66,-12.66,-3.49,28.86,-8.86,-4.11,26.83,-0.0,,,,0.69
di-palm-b (owner),15,Satan 50 Low Tuned,as-is,8.71,palm,C#2,69.0,-3.2,-8.51,-11.52,-11.52,-1.99,31.7,-7.66,10.05,32.01,-0.0,3.38,3.38,3.38,3.53
di-palm-b (owner),15,Satan 50 Low Tuned,as-is,9.15,palm,D#2,77.2,-7.8,-8.44,-11.45,-11.45,-3.2,29.14,-7.63,6.6,29.1,-0.0,3.45,3.45,3.45,0.97
di-palm-b (owner),15,Satan 50 Low Tuned,as-is,9.48,palm,E2,82.2,-9.2,-13.78,-16.79,-16.79,-6.61,20.86,-14.72,8.63,20.18,-0.0,-1.89,-1.89,-1.89,-7.31
di-palm-b (owner),15,Satan 50 Low Tuned,as-is,9.86,palm,F#2,93.0,-12.6,-12.59,-15.6,-15.6,-5.41,22.66,-13.18,21.78,17.08,-0.0,-0.7,-0.7,-0.7,-5.51
di-palm-b (owner),15,Satan 50 Low Tuned,as-is,10.3,palm,G#2,104.0,-8.2,-8.7,-11.71,-11.71,-0.6,31.37,-7.56,31.65,18.31,0.4,3.19,3.19,3.19,3.2
di-palm-b (owner),15,Satan 50 Low Tuned,as-is,10.74,palm,A2,110.0,-12.9,-12.63,-15.64,-15.64,-5.92,23.94,-13.18,23.6,15.55,0.0,-0.74,-0.74,-0.74,-4.23
di-palm-b (owner),15,Satan 50 Low Tuned,as-is,11.17,palm,B2,123.8,-13.3,-12.32,-15.33,-15.33,-5.64,24.19,-12.91,24.38,14.57,0.0,-0.43,-0.43,-0.43,-3.98
di-palm-b (owner),15,Satan 50 Low Tuned,as-is,11.61,palm,C#3,139.0,-12.5,-10.23,-13.24,-13.24,-2.77,29.24,-9.9,29.39,14.2,0.0,1.66,1.66,1.66,1.07
di-palm-b (owner),15,Satan 50 Low Tuned,as-is,12.02,palm,B1,61.5,-9.6,-12.88,-15.89,-15.89,-5.47,13.68,-13.41,-9.59,10.28,0.0,-0.99,-0.99,-0.99,-14.49
di-palm-b (owner),15,Satan 50 Low Tuned,as-is,12.17,palm,B1,61.0,-17.2,-9.69,-12.7,-12.7,-2.97,29.92,-8.96,-4.32,28.8,0.0,2.2,2.2,2.2,1.75
di-palm-b (owner),15,Satan 50 Low Tuned,as-is,12.56,palm,C#2,68.8,-5.9,-9.11,-12.12,-12.12,-2.18,29.69,-8.35,11.33,30.57,0.0,2.78,2.78,2.78,1.52
di-palm-b (owner),15,Satan 50 Low Tuned,as-is,13.04,palm,D#2,77.5,-8.7,-9.89,-12.9,-12.9,-3.07,29.13,-9.49,8.56,29.28,0.0,2.0,2.0,2.0,0.96
di-palm-b (owner),15,Satan 50 Low Tuned,as-is,13.45,palm,E2,82.5,-9.3,-12.35,-15.36,-15.36,-5.12,24.73,-12.48,12.93,24.67,0.0,-0.46,-0.46,-0.46,-3.44
di-palm-b (owner),15,Satan 50 Low Tuned,as-is,13.89,palm,F#2,93.0,-12.4,-13.37,-16.38,-16.38,-6.17,19.61,-14.64,19.47,8.91,0.0,-1.48,-1.48,-1.48,-8.56
di-palm-b (owner),15,Satan 50 Low Tuned,as-is,14.35,palm,G#2,104.0,-10.7,-9.26,-12.27,-12.27,-1.72,30.94,-8.18,30.96,20.54,0.0,2.63,2.63,2.63,2.77
di-palm-b (owner),15,Satan 50 Low Tuned,as-is,14.78,palm,A2,109.5,-13.7,-13.65,-16.66,-16.66,-5.67,18.38,-14.64,17.64,14.84,0.0,-1.76,-1.76,-1.76,-9.79
di-palm-b (owner),15,Satan 50 Low Tuned,as-is,15.22,palm,B2,123.8,-13.9,-9.11,-12.12,-12.12,-2.08,30.71,-8.31,31.24,16.15,0.0,2.78,2.78,2.78,2.54
di-palm-b (owner),15,Satan 50 Low Tuned,as-is,15.71,palm,C#3,139.0,-12.2,-11.67,-14.69,-14.69,-5.16,23.97,-11.86,25.75,9.12,0.0,0.21,0.21,0.22,-4.2
di-palm-b (owner),15,Satan 50 Low Tuned,as-is,16.26,palm,B1,62.0,-7.0,-13.09,-16.1,-16.1,-6.16,12.7,-14.04,-12.42,9.53,0.0,-1.2,-1.2,-1.2,-15.47
di-palm-b (owner),15,Satan 50 Low Tuned,as-is,16.4,palm,B1,61.0,-16.0,-8.97,-11.98,-11.98,-2.59,29.92,-8.01,-2.41,27.42,0.0,2.92,2.92,2.92,1.75
di-palm-b (owner),15,Satan 50 Low Tuned,as-is,17.24,palm,B2,123.8,-8.2,-11.19,-14.2,-14.2,-4.67,27.34,-10.81,25.62,14.38,0.0,0.7,0.7,0.7,-0.83
di-palm-b (owner),15,Satan 50 Low Tuned,as-is,17.85,palm,E2,84.2,-24.0,-13.08,-16.09,-16.09,-6.07,17.71,-14.35,9.48,15.58,0.0,-1.19,-1.19,-1.19,-10.46
di-palm-b (owner),15,Satan 50 Low Tuned,as-is,18.04,palm,B1,63.2,-29.9,-14.16,-17.17,-17.17,-9.33,8.68,-16.25,-18.94,4.57,0.0,-2.27,-2.27,-2.27,-19.49
di-palm-b (owner),15,Satan 50 Low Tuned,as-is,18.2,palm,B1,61.2,-8.4,-9.11,-12.12,-12.12,-2.31,30.14,-8.31,-3.84,30.24,0.0,2.78,2.78,2.78,1.97
di-palm-b (owner),15,Satan 50 Low Tuned,as-is,18.76,palm,C2,65.2,-25.4,-13.93,-16.94,-16.94,-8.38,11.58,-16.21,-7.73,9.19,0.0,-2.04,-2.04,-2.04,-16.59
di-palm-b (owner),15,Satan 50 Low Tuned,as-is,19.12,palm,B2,124.5,-12.4,-11.56,-14.57,-14.57,-4.98,25.28,-11.7,26.17,11.61,0.0,0.33,0.33,0.33,-2.89
di-palm-b (owner),15,Satan 50 Low Tuned,as-is,19.93,palm,B1,61.0,-30.9,-13.9,-16.91,-16.91,-8.73,8.21,-15.9,-23.5,4.5,0.0,-2.01,-2.01,-2.01,-19.96
di-palm-b (owner),15,Satan 50 Low Tuned,as-is,20.07,palm,B1,61.2,-7.7,-12.38,-15.39,-15.39,-5.98,16.16,-12.51,-8.2,9.54,0.0,-0.49,-0.49,-0.49,-12.01
di-palm-b (owner),15,Satan 50 Low Tuned,as-is,20.2,palm,B1,61.0,-18.3,-9.68,-12.69,-12.69,-2.92,28.56,-9.04,-2.6,27.58,0.0,2.21,2.21,2.21,0.39
di-palm-b (owner),15,Satan 50 Low Tuned,as-is,20.61,palm,B1,62.2,-33.4,-13.81,-16.82,-16.82,-9.63,10.46,-16.21,-15.35,6.62,0.0,-1.92,-1.92,-1.92,-17.71
di-palm-b (owner),15,Satan 50 Low Tuned,as-is,21.04,palm,B2,123.8,-12.3,-11.12,-14.13,-14.13,-3.73,26.46,-11.05,27.54,13.24,0.0,0.77,0.77,0.77,-1.71
di-palm-b (owner),15,Satan 50 Low Tuned,as-is,21.99,palm,B1,61.5,-7.7,-10.13,-13.14,-13.14,-2.5,29.28,-9.54,0.29,27.01,0.0,1.76,1.76,1.76,1.11
di-palm-b (owner),15,Satan 50 Low Tuned,as-is,22.52,palm,C#2,69.0,-5.2,-9.99,-13.0,-13.0,-2.48,27.2,-9.45,3.57,29.18,0.0,1.9,1.9,1.9,-0.97
di-palm-b (owner),15,Satan 50 Low Tuned,as-is,23.05,palm,G2,99.5,-11.7,-13.98,-16.99,-16.99,-8.24,14.1,-15.87,13.76,8.04,0.0,-2.09,-2.09,-2.09,-14.07
di-palm-b (owner),15,Satan 50 Low Tuned,as-is,23.79,palm,B1,61.5,-6.4,-12.11,-15.12,-15.12,-3.87,15.76,-12.26,-8.87,12.43,0.0,-0.22,-0.22,-0.22,-12.41
di-palm-b (owner),15,Satan 50 Low Tuned,as-is,23.94,palm,B1,61.2,-18.4,-10.18,-13.19,-13.19,-3.27,28.93,-9.56,-5.74,25.89,0.0,1.71,1.71,1.71,0.76
di-palm-b (owner),15,Satan 50 Low Tuned,as-is,24.3,palm,C#2,68.8,-7.9,-8.57,-11.58,-11.58,-2.22,30.91,-7.79,1.11,32.03,0.0,3.32,3.32,3.32,2.74
di-palm-b (owner),15,Satan 50 Low Tuned,as-is,24.77,palm,D#2,77.5,-7.9,-9.51,-12.52,-12.52,-2.48,30.48,-8.92,8.7,30.41,0.0,2.38,2.38,2.38,2.31
di-palm-b (owner),15,Satan 50 Low Tuned,as-is,25.14,palm,E2,82.0,-10.9,-13.34,-16.35,-16.35,-6.93,18.64,-14.32,7.0,14.77,0.0,-1.45,-1.45,-1.45,-9.53
di-palm-b (owner),15,Satan 50 Low Tuned,as-is,25.38,palm,E2,83.5,-35.3,-13.89,-16.9,-16.9,-7.94,13.82,-15.65,4.98,4.17,0.0,-2.0,-2.0,-2.0,-14.35
di-palm-b (owner),15,Satan 50 Low Tuned,as-is,25.57,palm,F#2,92.5,-11.7,-13.02,-16.03,-16.03,-4.8,21.57,-14.13,20.18,13.35,0.0,-1.13,-1.13,-1.13,-6.6
di-palm-b (owner),15,Satan 50 Low Tuned,as-is,25.99,palm,G#2,104.0,-10.8,-9.86,-12.87,-12.87,-2.14,29.68,-9.03,29.73,20.77,0.0,2.03,2.03,2.03,1.51
di-palm-b (owner),15,Satan 50 Low Tuned,as-is,26.43,palm,A2,110.0,-15.6,-13.16,-16.17,-16.17,-6.02,22.16,-14.09,22.27,10.6,0.0,-1.27,-1.27,-1.27,-6.01
di-palm-b (owner),15,Satan 50 Low Tuned,as-is,26.87,palm,B2,124.0,-19.4,-11.89,-14.9,-14.9,-5.48,25.35,-12.2,26.01,12.41,0.0,0.0,0.0,0.0,-2.82
di-palm-b (owner),15,Satan 50 Low Tuned,as-is,27.33,palm,C#3,138.5,-13.6,-12.53,-15.54,-15.54,-5.59,22.13,-13.22,24.07,4.57,0.0,-0.64,-0.64,-0.64,-6.04
di-palm-b (owner),15,Satan 50 Low Tuned,as-is,28.04,palm,B1,61.5,-6.7,-11.94,-14.95,-14.95,-3.78,17.0,-12.12,-3.64,14.18,0.0,-0.05,-0.05,-0.05,-11.17
di-palm-b (owner),15,Satan 50 Low Tuned,as-is,28.23,palm,B1,61.0,-19.7,-9.6,-12.61,-12.61,-3.51,29.45,-8.79,-8.66,28.31,0.0,2.29,2.29,2.29,1.28
di-palm-b (owner),15,Satan 50 Low Tuned,as-is,28.59,palm,C#2,69.0,-6.1,-10.23,-13.24,-13.24,-3.48,26.66,-9.89,8.32,27.62,0.0,1.66,1.66,1.66,-1.51
di-palm-b (owner),15,Satan 50 Low Tuned,as-is,29.04,palm,D#2,77.8,-5.0,-9.5,-12.51,-12.51,-2.68,30.19,-8.92,11.53,30.09,0.0,2.39,2.39,2.39,2.02
di-palm-b (owner),15,Satan 50 Low Tuned,as-is,29.44,palm,E2,82.2,-13.4,-13.06,-16.07,-16.07,-5.11,22.05,-13.77,14.54,20.89,0.0,-1.17,-1.17,-1.17,-6.12
di-palm-b (owner),15,Satan 50 Low Tuned,as-is,29.85,palm,F#2,94.5,-12.6,-13.92,-16.93,-16.93,-5.58,7.2,-14.68,4.77,-0.2,0.0,-2.03,-2.03,-2.03,-20.97
di-palm-b (owner),16,Satan 50 Lead,as-is,0.07,palm,A2,110.5,-14.8,-11.69,-14.7,-14.7,-2.78,17.66,-11.29,16.85,14.96,-0.0,-3.73,-3.73,-3.73,-16.72
di-palm-b (owner),16,Satan 50 Lead,as-is,0.41,palm,B2,123.8,-15.8,-3.91,-6.92,-6.92,0.97,37.19,-2.57,37.18,12.78,1.97,4.05,4.05,4.05,2.81
di-palm-b (owner),16,Satan 50 Lead,as-is,0.79,palm,C#3,138.5,-14.6,-6.35,-9.36,-9.36,-0.93,31.33,-5.26,31.31,10.04,0.07,1.61,1.61,1.61,-3.05
di-palm-b (owner),16,Satan 50 Lead,as-is,1.11,ring,B1,61.0,-15.3,-5.9,-8.91,-8.91,-0.02,34.14,-4.86,-9.46,28.34,0.98,,,,-0.24
di-palm-b (owner),16,Satan 50 Lead,as-is,1.57,palm,C#2,68.5,-7.7,-5.64,-8.65,-8.65,-0.14,35.0,-4.48,0.69,34.97,0.86,2.32,2.32,2.32,0.62
di-palm-b (owner),16,Satan 50 Lead,as-is,1.96,palm,D#2,77.0,-8.0,-5.3,-8.31,-8.31,0.04,35.13,-4.24,9.56,35.09,1.04,2.66,2.66,2.66,0.75
di-palm-b (owner),16,Satan 50 Lead,as-is,2.33,palm,E2,82.0,-11.6,-9.25,-12.26,-12.26,-2.43,28.73,-8.48,13.0,28.55,0.0,-1.29,-1.29,-1.29,-5.65
di-palm-b (owner),16,Satan 50 Lead,as-is,2.69,palm,F#2,92.2,-12.4,-13.42,-16.43,-16.43,-3.05,23.41,-12.64,22.5,14.31,0.0,-5.46,-5.46,-5.46,-10.97
di-palm-b (owner),16,Satan 50 Lead,as-is,3.06,palm,G#2,104.0,-11.5,-11.11,-14.12,-14.12,-3.06,28.63,-10.09,28.38,12.22,0.0,-3.15,-3.15,-3.15,-5.75
di-palm-b (owner),16,Satan 50 Lead,as-is,3.43,palm,A2,110.0,-14.8,-11.95,-14.96,-14.96,-3.55,21.58,-11.57,20.89,21.07,0.0,-3.99,-3.99,-3.99,-12.8
di-palm-b (owner),16,Satan 50 Lead,as-is,3.79,palm,B2,123.8,-13.6,-5.19,-8.2,-8.2,0.76,36.23,-3.92,36.21,16.37,1.76,2.77,2.77,2.77,1.85
di-palm-b (owner),16,Satan 50 Lead,as-is,4.16,palm,C#3,138.5,-15.7,-4.95,-7.96,-7.96,-0.45,32.21,-3.74,32.21,-0.26,0.55,3.01,3.01,3.01,-2.17
di-palm-b (owner),16,Satan 50 Lead,as-is,4.46,palm,B1,61.8,-7.5,-9.99,-13.01,-13.01,-1.69,17.27,-9.58,-13.28,12.32,0.0,-2.04,-2.04,-2.03,-17.11
di-palm-b (owner),16,Satan 50 Lead,as-is,4.63,palm,B1,61.0,-19.1,-5.97,-8.98,-8.98,0.6,30.58,-4.88,-13.52,28.02,1.6,1.99,1.99,1.99,-3.8
di-palm-b (owner),16,Satan 50 Lead,as-is,4.9,palm,C#2,68.8,-13.5,-5.57,-8.59,-8.59,-0.19,35.05,-4.41,0.52,35.02,0.81,2.38,2.38,2.39,0.67
di-palm-b (owner),16,Satan 50 Lead,as-is,5.3,palm,D#2,77.2,-8.5,-5.07,-8.08,-8.08,-0.28,32.56,-4.01,1.93,32.53,0.72,2.89,2.89,2.89,-1.82
di-palm-b (owner),16,Satan 50 Lead,as-is,5.64,palm,E2,82.2,-12.3,-9.9,-12.91,-12.91,-2.87,27.68,-9.23,13.29,27.18,0.0,-1.94,-1.94,-1.94,-6.7
di-palm-b (owner),16,Satan 50 Lead,as-is,6.0,palm,F#2,93.0,-10.2,-13.35,-16.36,-16.36,-4.61,23.82,-12.89,21.77,18.96,0.0,-5.39,-5.39,-5.39,-10.56
di-palm-b (owner),16,Satan 50 Lead,as-is,6.41,palm,G#2,104.0,-11.5,-10.1,-13.11,-13.11,-1.69,28.93,-8.81,28.84,12.32,0.0,-2.14,-2.14,-2.14,-5.45
di-palm-b (owner),16,Satan 50 Lead,as-is,6.79,palm,A2,109.8,-13.3,-10.77,-13.78,-13.78,-2.55,24.88,-10.15,23.98,20.14,0.0,-2.81,-2.81,-2.81,-9.5
di-palm-b (owner),16,Satan 50 Lead,as-is,7.16,palm,B2,124.0,-10.4,-3.54,-6.55,-6.55,1.08,37.02,-2.17,36.91,15.78,2.08,4.42,4.42,4.42,2.64
di-palm-b (owner),16,Satan 50 Lead,as-is,7.61,palm,C#3,138.5,-14.9,-6.79,-9.8,-9.8,-0.62,33.79,-5.75,34.08,6.36,0.38,1.17,1.17,1.17,-0.59
di-palm-b (owner),16,Satan 50 Lead,as-is,8.06,palm,B1,61.5,-9.8,-8.71,-11.72,-11.72,-1.32,20.7,-8.02,-11.49,12.58,0.0,-0.75,-0.75,-0.75,-13.68
di-palm-b (owner),16,Satan 50 Lead,as-is,8.22,ring,B1,61.0,-17.9,-4.21,-7.22,-7.22,0.25,34.62,-3.0,-11.51,30.65,1.25,,,,0.24
di-palm-b (owner),16,Satan 50 Lead,as-is,8.71,palm,C#2,69.0,-3.2,-5.67,-8.68,-8.68,-0.23,34.81,-4.51,0.1,34.85,0.77,2.29,2.29,2.29,0.43
di-palm-b (owner),16,Satan 50 Lead,as-is,9.15,palm,D#2,77.2,-7.8,-4.82,-7.83,-7.83,-0.45,32.61,-3.74,3.39,32.59,0.55,3.14,3.14,3.14,-1.77
di-palm-b (owner),16,Satan 50 Lead,as-is,9.48,palm,E2,82.2,-9.2,-9.81,-12.82,-12.82,-1.96,28.15,-9.15,12.99,27.73,0.0,-1.85,-1.85,-1.85,-6.23
di-palm-b (owner),16,Satan 50 Lead,as-is,9.86,palm,F#2,93.0,-12.6,-10.47,-13.48,-13.48,-1.92,25.11,-9.53,22.28,23.01,0.0,-2.51,-2.51,-2.51,-9.27
di-palm-b (owner),16,Satan 50 Lead,as-is,10.3,palm,G#2,104.0,-8.2,-10.13,-13.14,-13.14,-3.97,28.8,-8.78,28.75,13.73,0.0,-2.17,-2.17,-2.17,-5.58
di-palm-b (owner),16,Satan 50 Lead,as-is,10.74,palm,A2,110.0,-12.9,-8.64,-11.65,-11.65,-0.92,31.53,-7.44,31.23,20.87,0.08,-0.68,-0.68,-0.68,-2.85
di-palm-b (owner),16,Satan 50 Lead,as-is,11.17,palm,B2,123.8,-13.3,-4.88,-7.89,-7.89,0.52,35.75,-3.6,35.65,17.6,1.52,3.08,3.08,3.08,1.37
di-palm-b (owner),16,Satan 50 Lead,as-is,11.61,palm,C#3,139.0,-12.5,-6.25,-9.26,-9.26,-0.91,34.55,-5.16,34.61,2.38,0.09,1.71,1.71,1.71,0.17
di-palm-b (owner),16,Satan 50 Lead,as-is,12.02,palm,B1,61.5,-9.6,-9.51,-12.52,-12.52,-1.22,19.91,-8.85,-13.59,14.5,0.0,-1.55,-1.55,-1.55,-14.47
di-palm-b (owner),16,Satan 50 Lead,as-is,12.17,palm,B1,61.0,-17.2,-4.46,-7.47,-7.47,0.65,35.54,-3.22,-5.22,34.87,1.65,3.5,3.5,3.5,1.16
di-palm-b (owner),16,Satan 50 Lead,as-is,12.56,palm,C#2,68.8,-5.9,-5.54,-8.55,-8.55,0.61,34.1,-4.37,5.27,34.62,1.61,2.42,2.42,2.42,-0.28
di-palm-b (owner),16,Satan 50 Lead,as-is,13.04,palm,D#2,77.5,-8.7,-6.17,-9.18,-9.18,-0.72,34.03,-5.13,14.28,34.09,0.28,1.79,1.79,1.79,-0.35
di-palm-b (owner),16,Satan 50 Lead,as-is,13.45,palm,E2,82.5,-9.3,-8.64,-11.65,-11.65,-1.9,30.02,-7.8,12.79,30.39,0.0,-0.68,-0.68,-0.68,-4.36
di-palm-b (owner),16,Satan 50 Lead,as-is,13.89,palm,F#2,93.0,-12.4,-13.65,-16.66,-16.66,-4.54,23.22,-13.06,21.84,15.93,0.0,-5.69,-5.69,-5.69,-11.16
di-palm-b (owner),16,Satan 50 Lead,as-is,14.35,palm,G#2,104.0,-10.7,-10.05,-13.06,-13.06,-1.27,28.63,-8.87,28.59,16.75,0.0,-2.09,-2.09,-2.09,-5.75
di-palm-b (owner),16,Satan 50 Lead,as-is,14.78,palm,A2,109.5,-13.7,-10.51,-13.52,-13.52,-2.75,24.39,-9.84,23.67,23.98,0.0,-2.55,-2.55,-2.55,-9.99
di-palm-b (owner),16,Satan 50 Lead,as-is,15.22,palm,B2,123.8,-13.9,-3.11,-6.12,-6.12,0.54,37.3,-1.73,37.13,15.16,1.54,4.85,4.85,4.85,2.92
di-palm-b (owner),16,Satan 50 Lead,as-is,15.71,palm,C#3,139.0,-12.2,-6.38,-9.39,-9.39,-1.1,33.19,-5.3,33.93,8.49,0.0,1.58,1.58,1.58,-1.19
di-palm-b (owner),16,Satan 50 Lead,as-is,16.26,palm,B1,62.0,-7.0,-10.78,-13.79,-13.79,-2.46,16.75,-10.42,-16.25,9.46,0.0,-2.82,-2.82,-2.82,-17.63
di-palm-b (owner),16,Satan 50 Lead,as-is,16.4,palm,B1,61.0,-16.0,-4.13,-7.14,-7.14,1.48,35.01,-2.92,-9.34,31.91,2.48,3.83,3.83,3.83,0.63
di-palm-b (owner),16,Satan 50 Lead,as-is,17.24,palm,B2,123.8,-8.2,-4.18,-7.19,-7.19,1.13,36.39,-2.84,35.48,17.94,2.13,3.78,3.78,3.78,2.01
di-palm-b (owner),16,Satan 50 Lead,as-is,17.85,palm,E2,84.2,-24.0,-9.72,-12.73,-12.73,-1.74,26.27,-9.07,11.24,25.32,0.0,-1.76,-1.76,-1.76,-8.11
di-palm-b (owner),16,Satan 50 Lead,as-is,18.04,palm,B1,63.2,-29.9,-14.03,-17.04,-17.04,-6.93,11.4,-14.65,-22.18,6.43,0.0,-6.07,-6.07,-6.07,-22.98
di-palm-b (owner),16,Satan 50 Lead,as-is,18.2,palm,B1,61.2,-8.4,-3.67,-6.68,-6.68,0.8,36.67,-2.31,-4.8,36.2,1.8,4.29,4.29,4.29,2.29
di-palm-b (owner),16,Satan 50 Lead,as-is,18.76,palm,C2,65.2,-25.4,-12.61,-15.62,-15.62,-3.5,17.65,-13.13,-12.91,15.72,0.0,-4.65,-4.65,-4.65,-16.73
di-palm-b (owner),16,Satan 50 Lead,as-is,19.12,palm,B2,124.5,-12.4,-3.74,-6.75,-6.75,0.57,36.57,-2.39,36.71,13.98,1.57,4.22,4.22,4.22,2.19
di-palm-b (owner),16,Satan 50 Lead,as-is,19.93,palm,B1,61.0,-30.9,-13.23,-16.24,-16.24,-7.26,14.26,-13.59,-26.85,8.04,0.0,-5.27,-5.27,-5.27,-20.12
di-palm-b (owner),16,Satan 50 Lead,as-is,20.07,palm,B1,61.2,-7.7,-7.96,-10.97,-10.97,-2.71,23.03,-7.14,-9.96,15.67,0.0,0.0,0.0,0.0,-11.35
di-palm-b (owner),16,Satan 50 Lead,as-is,20.2,palm,B1,61.0,-18.3,-4.0,-7.01,-7.01,1.63,35.32,-2.74,-8.16,34.48,2.63,3.96,3.96,3.96,0.94
di-palm-b (owner),16,Satan 50 Lead,as-is,20.61,palm,B1,62.2,-33.4,-13.91,-16.92,-16.92,-7.64,13.59,-15.71,-20.57,11.56,0.01,-5.95,-5.95,-5.95,-20.79
di-palm-b (owner),16,Satan 50 Lead,as-is,21.04,palm,B2,123.8,-12.3,-3.57,-6.58,-6.58,0.85,36.89,-2.2,36.78,11.17,1.85,4.39,4.39,4.39,2.51
di-palm-b (owner),16,Satan 50 Lead,as-is,21.99,palm,B1,61.5,-7.7,-4.87,-7.88,-7.88,1.44,34.98,-3.69,-9.45,30.09,2.44,3.09,3.09,3.09,0.6
di-palm-b (owner),16,Satan 50 Lead,as-is,22.52,palm,C#2,69.0,-5.2,-6.43,-9.44,-9.44,-0.81,32.51,-5.35,7.35,33.69,0.19,1.53,1.53,1.53,-1.87
di-palm-b (owner),16,Satan 50 Lead,as-is,23.05,palm,G2,99.5,-11.7,-11.87,-14.88,-14.88,-2.89,20.46,-11.81,19.59,19.8,0.0,-3.91,-3.91,-3.91,-13.92
di-palm-b (owner),16,Satan 50 Lead,as-is,23.79,palm,B1,61.5,-6.4,-8.71,-11.72,-11.72,-1.23,22.09,-8.02,-10.33,7.45,0.0,-0.75,-0.75,-0.75,-12.29
di-palm-b (owner),16,Satan 50 Lead,as-is,23.94,palm,B1,61.2,-18.4,-4.98,-8.0,-8.0,-0.06,34.65,-3.9,-13.3,30.71,0.94,2.97,2.97,2.98,0.27
di-palm-b (owner),16,Satan 50 Lead,as-is,24.3,palm,C#2,68.8,-7.9,-5.54,-8.55,-8.55,0.21,34.4,-4.35,3.05,34.95,1.21,2.42,2.42,2.42,0.02
di-palm-b (owner),16,Satan 50 Lead,as-is,24.77,palm,D#2,77.5,-7.9,-5.68,-8.69,-8.69,-0.41,34.9,-4.63,11.53,34.84,0.59,2.28,2.28,2.28,0.52
di-palm-b (owner),16,Satan 50 Lead,as-is,25.14,palm,E2,82.0,-10.9,-8.83,-11.84,-11.84,-1.85,27.65,-7.83,9.46,21.8,0.0,-0.87,-0.87,-0.87,-6.73
di-palm-b (owner),16,Satan 50 Lead,as-is,25.38,palm,E2,83.5,-35.3,-10.33,-13.34,-13.34,-3.11,24.7,-9.52,14.79,15.01,0.0,-2.37,-2.37,-2.37,-9.68
di-palm-b (owner),16,Satan 50 Lead,as-is,25.57,palm,F#2,92.5,-11.7,-13.96,-16.97,-16.97,-4.4,23.02,-13.43,22.13,14.02,0.0,-6.0,-6.0,-6.0,-11.36
di-palm-b (owner),16,Satan 50 Lead,as-is,25.99,palm,G#2,104.0,-10.8,-10.06,-13.07,-13.07,-1.29,28.7,-8.87,28.63,17.83,0.0,-2.1,-2.1,-2.1,-5.68
di-palm-b (owner),16,Satan 50 Lead,as-is,26.43,palm,A2,110.0,-15.6,-10.24,-13.25,-13.25,-1.31,28.75,-9.36,28.62,21.28,0.0,-2.28,-2.28,-2.28,-5.63
di-palm-b (owner),16,Satan 50 Lead,as-is,26.87,palm,B2,124.0,-19.4,-4.4,-7.41,-7.41,0.91,36.35,-3.09,36.43,13.18,1.91,3.56,3.56,3.56,1.97
di-palm-b (owner),16,Satan 50 Lead,as-is,27.33,palm,C#3,138.5,-13.6,-7.16,-10.17,-10.17,-0.52,32.63,-6.17,33.68,5.79,0.48,0.8,0.8,0.8,-1.75
di-palm-b (owner),16,Satan 50 Lead,as-is,28.04,palm,B1,61.5,-6.7,-9.28,-12.29,-12.29,-0.78,22.67,-8.61,-8.41,13.72,0.22,-1.32,-1.32,-1.32,-11.71
di-palm-b (owner),16,Satan 50 Lead,as-is,28.23,palm,B1,61.0,-19.7,-3.69,-6.7,-6.7,1.23,36.39,-2.34,-3.93,36.13,2.23,4.27,4.27,4.27,2.01
di-palm-b (owner),16,Satan 50 Lead,as-is,28.59,palm,C#2,69.0,-6.1,-6.28,-9.29,-9.29,-0.45,33.49,-5.17,0.32,34.01,0.55,1.68,1.68,1.68,-0.89
di-palm-b (owner),16,Satan 50 Lead,as-is,29.04,palm,D#2,77.8,-5.0,-6.36,-9.37,-9.37,-0.64,33.98,-5.33,14.69,33.87,0.36,1.6,1.6,1.6,-0.4
di-palm-b (owner),16,Satan 50 Lead,as-is,29.44,palm,E2,82.2,-13.4,-9.48,-12.49,-12.49,-2.17,28.47,-8.71,16.42,28.2,0.0,-1.52,-1.52,-1.52,-5.91
di-palm-b (owner),16,Satan 50 Lead,as-is,29.85,palm,F#2,94.5,-12.6,-12.99,-16.0,-16.0,-4.34,11.17,-12.54,3.21,7.45,0.0,-5.03,-5.03,-5.03,-23.21
di-palm-b (owner),17,Stormblade,as-is,0.07,palm,A2,110.5,-14.8,-12.28,-16.7,-14.23,-4.83,23.55,-10.95,23.52,8.92,-0.0,-2.08,-1.49,-1.62,-6.35
di-palm-b (owner),17,Stormblade,as-is,0.41,palm,B2,123.8,-15.8,-7.96,-12.27,-9.97,-1.86,32.77,-6.57,32.77,9.68,-0.0,2.35,2.77,2.7,2.87
di-palm-b (owner),17,Stormblade,as-is,0.79,palm,C#3,138.5,-14.6,-12.73,-16.81,-14.88,-4.75,24.27,-11.53,24.26,5.71,-0.0,-2.19,-2.14,-2.07,-5.63
di-palm-b (owner),17,Stormblade,as-is,1.11,ring,B1,61.0,-15.3,-11.48,-15.59,-13.62,-4.39,28.82,-10.28,2.74,27.03,-0.0,,,,-1.08
di-palm-b (owner),17,Stormblade,as-is,1.57,palm,C#2,68.5,-7.7,-8.59,-12.68,-10.73,-2.95,31.83,-7.35,3.62,31.82,-0.0,1.94,2.01,2.07,1.93
di-palm-b (owner),17,Stormblade,as-is,1.96,palm,D#2,77.0,-8.0,-10.37,-14.36,-12.58,-3.23,29.28,-9.24,14.99,29.08,-0.0,0.26,0.16,0.29,-0.62
di-palm-b (owner),17,Stormblade,as-is,2.33,palm,E2,82.0,-11.6,-13.71,-17.72,-15.9,-3.67,23.85,-12.66,16.36,22.92,-0.0,-3.1,-3.16,-3.05,-6.05
di-palm-b (owner),17,Stormblade,as-is,2.69,palm,F#2,92.2,-12.4,-11.62,-16.73,-13.21,-4.11,29.03,-9.83,28.91,11.93,-0.0,-2.11,-0.47,-0.96,-0.87
di-palm-b (owner),17,Stormblade,as-is,3.06,palm,G#2,104.0,-11.5,-8.29,-13.09,-10.03,-1.58,33.15,-6.61,33.14,5.66,-0.0,1.53,2.71,2.37,3.25
di-palm-b (owner),17,Stormblade,as-is,3.43,palm,A2,110.0,-14.8,-10.17,-14.6,-12.11,-1.99,29.88,-8.79,29.87,16.34,-0.0,0.02,0.63,0.49,-0.02
di-palm-b (owner),17,Stormblade,as-is,3.79,palm,B2,123.8,-13.6,-10.69,-14.97,-12.71,-3.2,29.69,-9.33,29.69,11.04,-0.0,-0.35,0.03,-0.03,-0.21
di-palm-b (owner),17,Stormblade,as-is,4.16,palm,C#3,138.5,-15.7,-9.02,-13.09,-11.18,-3.87,28.38,-7.79,28.38,2.21,-0.0,1.53,1.56,1.64,-1.52
di-palm-b (owner),17,Stormblade,as-is,4.46,palm,B1,61.8,-7.5,-10.98,-14.99,-13.17,-2.68,22.21,-9.95,-9.62,20.28,-0.0,-0.37,-0.43,-0.32,-7.69
di-palm-b (owner),17,Stormblade,as-is,4.63,palm,B1,61.0,-19.1,-7.9,-12.15,-9.94,-2.32,29.16,-6.54,-0.77,28.63,-0.0,2.47,2.8,2.76,-0.74
di-palm-b (owner),17,Stormblade,as-is,4.9,palm,C#2,68.8,-13.5,-8.73,-12.81,-10.88,-2.86,31.36,-7.51,5.41,31.32,-0.0,1.81,1.86,1.93,1.46
di-palm-b (owner),17,Stormblade,as-is,5.3,palm,D#2,77.2,-8.5,-10.66,-14.62,-12.89,-2.72,26.1,-9.55,6.79,26.04,-0.0,0.0,-0.15,0.0,-3.8
di-palm-b (owner),17,Stormblade,as-is,5.64,palm,E2,82.2,-12.3,-13.45,-17.49,-15.63,-4.01,24.45,-12.42,16.05,23.53,-0.0,-2.87,-2.89,-2.79,-5.45
di-palm-b (owner),17,Stormblade,as-is,6.0,palm,F#2,93.0,-10.2,-13.57,-18.46,-15.27,-3.27,26.82,-11.93,26.75,11.38,-0.0,-3.84,-2.53,-2.91,-3.08
di-palm-b (owner),17,Stormblade,as-is,6.41,palm,G#2,104.0,-11.5,-5.71,-10.53,-7.44,-0.68,35.36,-4.01,35.36,3.59,0.32,4.09,5.3,4.95,5.46
di-palm-b (owner),17,Stormblade,as-is,6.79,palm,A2,109.8,-13.3,-10.02,-14.53,-11.92,-4.0,30.37,-8.56,30.35,13.41,0.0,0.09,0.82,0.64,0.47
di-palm-b (owner),17,Stormblade,as-is,7.16,palm,B2,124.0,-10.4,-8.58,-12.87,-10.6,-2.05,31.74,-7.2,32.3,11.26,0.0,1.75,2.14,2.08,1.84
di-palm-b (owner),17,Stormblade,as-is,7.61,palm,C#3,138.5,-14.9,-13.13,-17.22,-15.27,-4.64,25.02,-11.92,26.19,3.35,0.0,-2.6,-2.53,-2.47,-4.88
di-palm-b (owner),17,Stormblade,as-is,8.06,palm,B1,61.5,-9.8,-11.8,-15.61,-14.13,-4.63,19.73,-11.0,-15.73,15.12,0.0,-0.99,-1.39,-1.14,-10.17
di-palm-b (owner),17,Stormblade,as-is,8.22,ring,B1,61.0,-17.9,-8.65,-12.86,-10.72,-3.26,30.98,-7.3,-0.01,30.25,0.0,,,,1.08
di-palm-b (owner),17,Stormblade,as-is,8.71,palm,C#2,69.0,-3.2,-8.28,-12.35,-10.43,-2.39,32.0,-7.05,0.72,32.24,0.0,2.27,2.31,2.38,2.1
di-palm-b (owner),17,Stormblade,as-is,9.15,palm,D#2,77.2,-7.8,-9.73,-13.69,-11.97,-2.69,27.28,-8.63,8.27,27.21,0.0,0.93,0.77,0.93,-2.62
di-palm-b (owner),17,Stormblade,as-is,9.48,palm,E2,82.2,-9.2,-14.06,-18.06,-16.26,-4.08,23.62,-13.03,16.78,22.32,0.0,-3.44,-3.52,-3.4,-6.28
di-palm-b (owner),17,Stormblade,as-is,9.86,palm,F#2,93.0,-12.6,-12.47,-17.26,-14.22,-3.81,27.22,-10.82,27.22,14.65,0.0,-2.64,-1.48,-1.81,-2.68
di-palm-b (owner),17,Stormblade,as-is,10.3,palm,G#2,104.0,-8.2,-6.03,-10.86,-7.76,-0.9,34.62,-4.33,34.82,2.64,0.1,3.76,4.98,4.63,4.72
di-palm-b (owner),17,Stormblade,as-is,10.74,palm,A2,110.0,-12.9,-8.4,-12.97,-10.27,-1.98,32.68,-6.87,32.81,11.02,0.0,1.65,2.47,2.26,2.78
di-palm-b (owner),17,Stormblade,as-is,11.17,palm,B2,123.8,-13.3,-12.41,-16.67,-14.45,-4.1,27.58,-11.09,28.19,8.33,0.0,-2.05,-1.71,-1.75,-2.32
di-palm-b (owner),17,Stormblade,as-is,11.61,palm,C#3,139.0,-12.5,-11.59,-15.65,-13.76,-4.19,28.03,-10.39,28.26,-0.48,0.0,-1.03,-1.02,-0.93,-1.87
di-palm-b (owner),17,Stormblade,as-is,12.02,palm,B1,61.5,-9.6,-11.97,-15.8,-14.3,-4.48,19.72,-11.17,-7.37,13.38,0.0,-1.18,-1.56,-1.31,-10.18
di-palm-b (owner),17,Stormblade,as-is,12.17,palm,B1,61.0,-17.2,-7.87,-12.13,-9.92,-2.4,32.47,-6.52,3.89,32.22,0.0,2.49,2.82,2.79,2.57
di-palm-b (owner),17,Stormblade,as-is,12.56,palm,C#2,68.8,-5.9,-9.04,-13.13,-11.19,-1.5,30.23,-7.81,6.2,31.11,0.0,1.49,1.55,1.62,0.33
di-palm-b (owner),17,Stormblade,as-is,13.04,palm,D#2,77.5,-8.7,-11.8,-15.79,-14.01,-1.78,26.91,-10.67,14.89,26.83,0.0,-1.17,-1.27,-1.14,-2.99
di-palm-b (owner),17,Stormblade,as-is,13.45,palm,E2,82.5,-9.3,-12.7,-16.7,-14.9,-4.59,25.78,-11.65,15.03,26.02,0.0,-2.08,-2.16,-2.04,-4.12
di-palm-b (owner),17,Stormblade,as-is,13.89,palm,F#2,93.0,-12.4,-14.49,-19.41,-16.18,-4.75,24.93,-12.83,25.55,5.4,0.0,-4.79,-3.44,-3.83,-4.97
di-palm-b (owner),17,Stormblade,as-is,14.35,palm,G#2,104.0,-10.7,-5.93,-10.75,-7.66,-0.69,35.21,-4.23,35.28,7.23,0.31,3.87,5.08,4.73,5.31
di-palm-b (owner),17,Stormblade,as-is,14.78,palm,A2,109.5,-13.7,-11.51,-15.98,-13.43,-4.92,28.38,-10.09,28.44,15.26,0.0,-1.36,-0.69,-0.85,-1.52
di-palm-b (owner),17,Stormblade,as-is,15.22,palm,B2,123.8,-13.9,-7.73,-12.02,-9.74,-1.92,32.15,-6.34,32.93,11.49,0.0,2.6,3.0,2.93,2.25
di-palm-b (owner),17,Stormblade,as-is,15.71,palm,C#3,139.0,-12.2,-12.52,-16.58,-14.68,-4.5,23.8,-11.33,26.32,1.71,0.0,-1.96,-1.94,-1.86,-6.1
di-palm-b (owner),17,Stormblade,as-is,16.26,palm,B1,62.0,-7.0,-10.38,-14.37,-12.58,-3.02,21.69,-9.39,-7.32,20.36,0.0,0.25,0.16,0.28,-8.21
di-palm-b (owner),17,Stormblade,as-is,16.4,palm,B1,61.0,-16.0,-7.14,-11.42,-9.18,-1.95,32.41,-5.74,0.56,31.89,0.0,3.2,3.56,3.52,2.51
di-palm-b (owner),17,Stormblade,as-is,17.24,palm,B2,123.8,-8.2,-8.01,-12.29,-10.03,-2.14,32.39,-6.64,32.85,12.81,0.0,2.33,2.71,2.65,2.49
di-palm-b (owner),17,Stormblade,as-is,17.85,palm,E2,84.2,-24.0,-14.56,-18.8,-16.61,-3.84,20.21,-13.3,14.23,16.52,0.0,-4.18,-3.87,-3.9,-9.69
di-palm-b (owner),17,Stormblade,as-is,18.04,palm,B1,63.2,-29.9,-19.06,-22.89,-21.38,-9.16,5.47,-18.48,-21.06,1.95,0.0,-8.27,-8.64,-8.4,-24.43
di-palm-b (owner),17,Stormblade,as-is,18.2,palm,B1,61.2,-8.4,-7.13,-11.44,-9.14,-1.57,32.92,-5.71,1.17,33.23,0.0,3.18,3.6,3.53,3.02
di-palm-b (owner),17,Stormblade,as-is,18.76,palm,C2,65.2,-25.4,-19.53,-23.59,-21.7,-3.88,4.83,-18.43,-9.13,3.85,0.0,-8.97,-8.96,-8.87,-25.07
di-palm-b (owner),17,Stormblade,as-is,19.12,palm,B2,124.5,-12.4,-9.78,-14.08,-11.8,-2.59,28.82,-8.41,30.31,6.62,0.0,0.54,0.94,0.88,-1.08
di-palm-b (owner),17,Stormblade,as-is,19.93,palm,B1,61.0,-30.9,-18.88,-22.66,-21.23,-11.44,8.02,-18.31,-15.21,5.18,0.0,-8.04,-8.49,-8.22,-21.88
di-palm-b (owner),17,Stormblade,as-is,20.07,palm,B1,61.2,-7.7,-9.93,-13.97,-12.11,-3.75,22.2,-8.82,-2.21,19.44,0.0,0.65,0.63,0.73,-7.7
di-palm-b (owner),17,Stormblade,as-is,20.2,palm,B1,61.0,-18.3,-6.96,-11.28,-8.97,-1.57,33.14,-5.54,1.75,32.99,0.0,3.34,3.77,3.7,3.24
di-palm-b (owner),17,Stormblade,as-is,20.61,palm,B1,62.2,-33.4,-26.45,-30.05,-28.94,-10.16,-2.73,-26.59,-20.77,-7.27,0.0,-15.43,-16.2,-15.79,-32.63
di-palm-b (owner),17,Stormblade,as-is,21.04,palm,B2,123.8,-12.3,-9.57,-13.86,-11.59,-3.13,29.66,-8.19,31.0,-2.13,0.0,0.76,1.15,1.09,-0.24
di-palm-b (owner),17,Stormblade,as-is,21.99,palm,B1,61.5,-7.7,-8.19,-12.4,-10.26,-2.3,31.93,-6.87,-2.6,30.21,0.0,2.22,2.48,2.47,2.03
di-palm-b (owner),17,Stormblade,as-is,22.52,palm,C#2,69.0,-5.2,-10.34,-14.45,-12.47,-3.08,27.7,-9.1,12.06,29.33,0.0,0.17,0.27,0.32,-2.2
di-palm-b (owner),17,Stormblade,as-is,23.05,palm,G2,99.5,-11.7,-15.28,-19.93,-17.1,-5.39,20.53,-13.74,23.27,7.18,0.0,-5.31,-4.36,-4.62,-9.37
di-palm-b (owner),17,Stormblade,as-is,23.79,palm,B1,61.5,-6.4,-10.51,-14.44,-12.75,-3.45,22.76,-9.54,-8.94,19.5,0.0,0.18,-0.01,0.15,-7.14
di-palm-b (owner),17,Stormblade,as-is,23.94,palm,B1,61.2,-18.4,-8.93,-13.15,-10.99,-2.73,31.29,-7.59,0.04,30.59,0.0,1.47,1.75,1.73,1.39
di-palm-b (owner),17,Stormblade,as-is,24.3,palm,C#2,68.8,-7.9,-9.72,-13.83,-11.86,-2.39,29.31,-8.48,7.42,30.49,0.0,0.79,0.88,0.94,-0.59
di-palm-b (owner),17,Stormblade,as-is,24.77,palm,D#2,77.5,-7.9,-11.02,-15.01,-13.22,-2.4,28.54,-9.88,14.07,28.38,0.0,-0.39,-0.48,-0.36,-1.36
di-palm-b (owner),17,Stormblade,as-is,25.14,palm,E2,82.0,-10.9,-12.22,-16.48,-14.26,-4.15,25.1,-10.93,12.94,16.55,0.0,-1.86,-1.52,-1.56,-4.8
di-palm-b (owner),17,Stormblade,as-is,25.38,palm,E2,83.5,-35.3,-19.17,-23.51,-21.17,-10.79,15.85,-17.86,11.08,5.9,0.0,-8.89,-8.43,-8.51,-14.05
di-palm-b (owner),17,Stormblade,as-is,25.57,palm,F#2,92.5,-11.7,-12.91,-17.9,-14.57,-4.39,27.24,-11.2,27.32,7.49,0.0,-3.28,-1.83,-2.25,-2.66
di-palm-b (owner),17,Stormblade,as-is,25.99,palm,G#2,104.0,-10.8,-6.31,-11.13,-8.04,-0.91,34.84,-4.61,35.0,7.81,0.09,3.49,4.7,4.35,4.94
di-palm-b (owner),17,Stormblade,as-is,26.43,palm,A2,110.0,-15.6,-10.91,-15.51,-12.77,-3.41,28.85,-9.37,29.42,9.29,0.0,-0.89,-0.03,-0.25,-1.05
di-palm-b (owner),17,Stormblade,as-is,26.87,palm,B2,124.0,-19.4,-10.72,-15.01,-12.74,-3.14,28.4,-9.34,29.44,6.14,0.0,-0.39,0.0,-0.06,-1.5
di-palm-b (owner),17,Stormblade,as-is,27.33,palm,C#3,138.5,-13.6,-13.66,-17.75,-15.81,-4.46,22.14,-12.45,24.75,-3.03,0.0,-3.13,-3.07,-3.0,-7.76
di-palm-b (owner),17,Stormblade,as-is,28.04,palm,B1,61.5,-6.7,-10.45,-14.46,-12.65,-1.84,24.33,-9.34,-2.22,20.46,0.0,0.16,0.09,0.21,-5.57
di-palm-b (owner),17,Stormblade,as-is,28.23,palm,B1,61.0,-19.7,-6.25,-10.58,-8.25,-1.0,33.87,-4.84,2.94,33.76,0.0,4.04,4.49,4.41,3.97
di-palm-b (owner),17,Stormblade,as-is,28.59,palm,C#2,69.0,-6.1,-9.48,-13.59,-11.62,-2.65,30.04,-8.23,6.85,30.77,0.0,1.03,1.12,1.18,0.14
di-palm-b (owner),17,Stormblade,as-is,29.04,palm,D#2,77.8,-5.0,-11.06,-15.06,-13.27,-4.68,28.18,-9.93,16.37,27.77,0.0,-0.44,-0.53,-0.4,-1.72
di-palm-b (owner),17,Stormblade,as-is,29.44,palm,E2,82.2,-13.4,-14.17,-18.17,-16.38,-3.8,23.02,-13.14,14.29,22.59,0.0,-3.55,-3.64,-3.51,-6.88
di-palm-b (owner),17,Stormblade,as-is,29.85,palm,F#2,94.5,-12.6,-13.0,-17.62,-14.84,-4.37,17.75,-11.61,15.82,6.5,0.0,-3.0,-2.1,-2.34,-12.15
di-palm-b (owner),0,Maiden Heavy,no-cab,0.07,palm,A2,110.5,-14.8,-4.86,-7.83,-7.92,2.24,28.4,-3.9,28.26,20.08,3.24,-2.08,-1.36,-1.75,-7.3
di-palm-b (owner),0,Maiden Heavy,no-cab,0.41,palm,B2,123.8,-15.8,-3.05,-5.32,-6.96,1.65,36.81,-1.8,36.79,19.46,2.65,0.43,-0.4,0.06,1.11
di-palm-b (owner),0,Maiden Heavy,no-cab,0.79,palm,C#3,138.5,-14.6,-3.79,-5.9,-7.93,2.39,33.26,-2.68,33.25,15.7,3.39,-0.15,-1.37,-0.68,-2.45
di-palm-b (owner),0,Maiden Heavy,no-cab,1.11,ring,B1,61.0,-15.3,-3.67,-5.97,-7.54,2.59,35.44,-1.8,30.81,29.91,3.59,,,,-0.27
di-palm-b (owner),0,Maiden Heavy,no-cab,1.57,palm,C#2,68.5,-7.7,-2.35,-4.88,-5.91,2.65,37.05,-1.09,25.78,36.68,3.65,0.87,0.65,0.76,1.34
di-palm-b (owner),0,Maiden Heavy,no-cab,1.96,palm,D#2,77.0,-8.0,-3.32,-5.9,-6.82,1.67,36.34,-2.01,32.05,34.2,2.67,-0.15,-0.26,-0.21,0.64
di-palm-b (owner),0,Maiden Heavy,no-cab,2.33,palm,E2,82.0,-11.6,-3.32,-5.9,-6.82,3.98,35.78,-1.88,33.69,31.5,4.98,-0.15,-0.26,-0.21,0.08
di-palm-b (owner),0,Maiden Heavy,no-cab,2.69,palm,F#2,92.2,-12.4,-1.96,-4.34,-5.7,3.19,38.23,-0.2,38.1,22.23,4.19,1.41,0.86,1.15,2.52
di-palm-b (owner),0,Maiden Heavy,no-cab,3.06,palm,G#2,104.0,-11.5,-2.06,-4.2,-6.16,3.55,38.62,-0.51,38.55,16.39,4.55,1.55,0.4,1.05,2.91
di-palm-b (owner),0,Maiden Heavy,no-cab,3.43,palm,A2,110.0,-14.8,-4.38,-7.47,-7.3,2.25,32.4,-3.53,32.29,27.4,3.25,-1.72,-0.74,-1.27,-3.3
di-palm-b (owner),0,Maiden Heavy,no-cab,3.79,palm,B2,123.8,-13.6,-4.02,-6.23,-8.0,2.07,35.93,-2.85,35.9,20.36,3.07,-0.48,-1.44,-0.91,0.23
di-palm-b (owner),0,Maiden Heavy,no-cab,4.16,palm,C#3,138.5,-15.7,-2.35,-4.78,-6.03,1.52,34.18,-1.19,34.18,14.49,2.52,0.97,0.53,0.76,-1.52
di-palm-b (owner),0,Maiden Heavy,no-cab,4.46,palm,B1,61.8,-7.5,-3.41,-6.79,-6.08,3.39,26.44,-2.67,16.37,21.1,4.39,-1.04,0.48,-0.3,-9.26
di-palm-b (owner),0,Maiden Heavy,no-cab,4.63,palm,B1,61.0,-19.1,-2.62,-5.17,-6.14,3.28,33.44,-0.96,29.37,30.74,4.28,0.58,0.42,0.49,-2.27
di-palm-b (owner),0,Maiden Heavy,no-cab,4.9,palm,C#2,68.8,-13.5,-2.41,-4.91,-6.0,2.41,36.95,-1.2,27.59,36.34,3.41,0.84,0.56,0.7,1.25
di-palm-b (owner),0,Maiden Heavy,no-cab,5.3,palm,D#2,77.2,-8.5,-3.52,-6.02,-7.11,3.4,32.58,-2.35,25.89,31.48,4.4,-0.27,-0.55,-0.41,-3.12
di-palm-b (owner),0,Maiden Heavy,no-cab,5.64,palm,E2,82.2,-12.3,-3.15,-5.98,-6.34,3.69,36.18,-1.73,33.9,32.09,4.69,-0.23,0.22,-0.04,0.48
di-palm-b (owner),0,Maiden Heavy,no-cab,6.0,palm,F#2,93.0,-10.2,-3.06,-5.42,-6.82,2.99,37.97,-1.4,37.86,21.76,3.99,0.33,-0.26,0.05,2.27
di-palm-b (owner),0,Maiden Heavy,no-cab,6.41,palm,G#2,104.0,-11.5,-1.27,-3.58,-5.13,2.76,38.98,0.29,38.95,16.33,3.76,2.17,1.43,1.84,3.27
di-palm-b (owner),0,Maiden Heavy,no-cab,6.79,palm,A2,109.8,-13.3,-3.68,-6.26,-7.18,2.12,35.04,-2.56,34.93,26.11,3.12,-0.51,-0.62,-0.57,-0.66
di-palm-b (owner),0,Maiden Heavy,no-cab,7.16,palm,B2,124.0,-10.4,-2.97,-5.22,-6.91,1.78,36.51,-1.71,36.61,20.53,2.78,0.53,-0.35,0.14,0.8
di-palm-b (owner),0,Maiden Heavy,no-cab,7.61,palm,C#3,138.5,-14.9,-4.11,-6.24,-8.23,1.15,35.29,-2.97,35.92,15.31,2.15,-0.49,-1.67,-1.0,-0.41
di-palm-b (owner),0,Maiden Heavy,no-cab,8.06,palm,B1,61.5,-9.8,-3.45,-6.85,-6.11,1.54,26.53,-2.71,14.66,18.95,2.54,-1.1,0.45,-0.34,-9.17
di-palm-b (owner),0,Maiden Heavy,no-cab,8.22,ring,B1,61.0,-17.9,-2.93,-5.16,-6.9,3.11,35.97,-1.12,31.62,33.31,4.11,,,,0.27
di-palm-b (owner),0,Maiden Heavy,no-cab,8.71,palm,C#2,69.0,-3.2,-2.25,-4.88,-5.67,2.73,37.09,-1.02,23.93,37.0,3.73,0.87,0.89,0.86,1.39
di-palm-b (owner),0,Maiden Heavy,no-cab,9.15,palm,D#2,77.2,-7.8,-3.12,-5.79,-6.5,1.99,32.86,-1.93,25.83,31.87,2.99,-0.04,0.06,-0.01,-2.84
di-palm-b (owner),0,Maiden Heavy,no-cab,9.48,palm,E2,82.2,-9.2,-3.66,-6.19,-7.21,1.92,35.65,-2.29,33.91,30.55,2.92,-0.44,-0.65,-0.55,-0.05
di-palm-b (owner),0,Maiden Heavy,no-cab,9.86,palm,F#2,93.0,-12.6,-1.6,-3.79,-5.63,2.96,38.47,0.15,38.21,23.35,3.96,1.96,0.93,1.51,2.77
di-palm-b (owner),0,Maiden Heavy,no-cab,10.3,palm,G#2,104.0,-8.2,-0.87,-3.09,-4.83,3.62,39.07,0.76,39.02,15.08,4.62,2.66,1.73,2.24,3.37
di-palm-b (owner),0,Maiden Heavy,no-cab,10.74,palm,A2,110.0,-12.9,-3.3,-5.75,-6.96,2.36,36.26,-2.01,36.13,23.76,3.36,0.0,-0.4,-0.19,0.55
di-palm-b (owner),0,Maiden Heavy,no-cab,11.17,palm,B2,123.8,-13.3,-4.19,-6.32,-8.31,1.89,35.48,-2.99,35.69,15.59,2.89,-0.57,-1.75,-1.08,-0.23
di-palm-b (owner),0,Maiden Heavy,no-cab,11.61,palm,C#3,139.0,-12.5,-3.71,-5.97,-7.63,1.12,36.19,-2.57,36.29,14.58,2.12,-0.22,-1.07,-0.6,0.48
di-palm-b (owner),0,Maiden Heavy,no-cab,12.02,palm,B1,61.5,-9.6,-3.51,-6.79,-6.27,2.09,26.6,-2.76,10.96,17.78,3.09,-1.04,0.29,-0.4,-9.1
di-palm-b (owner),0,Maiden Heavy,no-cab,12.17,palm,B1,61.0,-17.2,-2.89,-5.3,-6.59,3.49,36.19,-1.19,32.35,34.03,4.49,0.45,-0.03,0.22,0.48
di-palm-b (owner),0,Maiden Heavy,no-cab,12.56,palm,C#2,68.8,-5.9,-2.19,-4.67,-5.8,3.43,37.07,-0.57,30.24,35.9,4.43,1.08,0.76,0.92,1.37
di-palm-b (owner),0,Maiden Heavy,no-cab,13.04,palm,D#2,77.5,-8.7,-3.02,-5.29,-6.94,2.61,36.72,-1.31,35.2,31.11,3.61,0.46,-0.38,0.09,1.02
di-palm-b (owner),0,Maiden Heavy,no-cab,13.45,palm,E2,82.5,-9.3,-2.77,-5.27,-6.35,3.32,36.49,-1.32,32.74,33.92,4.32,0.48,0.21,0.34,0.79
di-palm-b (owner),0,Maiden Heavy,no-cab,13.89,palm,F#2,93.0,-12.4,-2.19,-4.28,-6.37,3.3,38.12,-0.36,37.98,20.41,4.3,1.47,0.19,0.92,2.41
di-palm-b (owner),0,Maiden Heavy,no-cab,14.35,palm,G#2,104.0,-10.7,-1.43,-3.68,-5.35,2.94,39.01,0.14,38.98,18.32,3.94,2.07,1.21,1.68,3.3
di-palm-b (owner),0,Maiden Heavy,no-cab,14.78,palm,A2,109.5,-13.7,-3.86,-6.34,-7.48,2.0,34.28,-2.7,33.92,27.08,3.0,-0.59,-0.92,-0.75,-1.42
di-palm-b (owner),0,Maiden Heavy,no-cab,15.22,palm,B2,123.8,-13.9,-2.66,-4.91,-6.6,1.47,36.72,-1.39,36.81,20.32,2.47,0.84,-0.04,0.45,1.02
di-palm-b (owner),0,Maiden Heavy,no-cab,15.71,palm,C#3,139.0,-12.2,-4.09,-6.24,-8.17,1.14,34.21,-2.96,35.73,13.01,2.14,-0.49,-1.61,-0.98,-1.49
di-palm-b (owner),0,Maiden Heavy,no-cab,16.26,palm,B1,62.0,-7.0,-3.28,-6.68,-5.93,3.1,26.6,-2.64,13.52,22.3,4.1,-0.93,0.63,-0.17,-9.1
di-palm-b (owner),0,Maiden Heavy,no-cab,16.4,palm,B1,61.0,-16.0,-2.42,-4.9,-6.04,3.56,36.6,-0.72,30.95,34.5,4.56,0.85,0.52,0.69,0.9
di-palm-b (owner),0,Maiden Heavy,no-cab,17.24,palm,B2,123.8,-8.2,-2.76,-5.25,-6.35,2.76,36.72,-1.52,36.65,21.8,3.76,0.5,0.21,0.35,1.02
di-palm-b (owner),0,Maiden Heavy,no-cab,17.85,palm,E2,84.2,-24.0,-4.24,-6.64,-7.97,2.48,31.93,-2.63,30.34,25.34,3.48,-0.89,-1.41,-1.13,-3.77
di-palm-b (owner),0,Maiden Heavy,no-cab,18.04,palm,B1,63.2,-29.9,-7.03,-9.6,-10.53,0.76,19.62,-6.42,6.74,13.79,1.76,-3.85,-3.97,-3.92,-16.08
di-palm-b (owner),0,Maiden Heavy,no-cab,18.2,palm,B1,61.2,-8.4,-2.61,-4.95,-6.42,2.53,36.49,-1.14,28.06,35.65,3.53,0.8,0.14,0.5,0.79
di-palm-b (owner),0,Maiden Heavy,no-cab,18.76,palm,C2,65.2,-25.4,-9.33,-11.47,-13.42,2.25,22.28,-7.79,19.41,17.67,3.25,-5.72,-6.86,-6.22,-13.42
di-palm-b (owner),0,Maiden Heavy,no-cab,19.12,palm,B2,124.5,-12.4,-3.17,-5.2,-7.45,2.1,36.14,-1.88,36.55,17.92,3.1,0.55,-0.89,-0.06,0.44
di-palm-b (owner),0,Maiden Heavy,no-cab,19.93,palm,B1,61.0,-30.9,-6.48,-8.95,-10.11,0.19,20.2,-5.72,12.9,14.48,1.19,-3.2,-3.55,-3.37,-15.5
di-palm-b (owner),0,Maiden Heavy,no-cab,20.07,palm,B1,61.2,-7.7,-3.11,-6.24,-6.01,2.96,27.82,-1.86,21.83,22.13,4.17,-0.49,0.55,0.0,-7.88
di-palm-b (owner),0,Maiden Heavy,no-cab,20.2,palm,B1,61.0,-18.3,-2.61,-4.94,-6.44,3.17,36.46,-0.89,30.66,35.14,4.17,0.81,0.12,0.5,0.76
di-palm-b (owner),0,Maiden Heavy,no-cab,20.61,palm,B1,62.2,-33.4,-12.57,-14.61,-16.83,-0.43,12.86,-12.33,9.21,5.16,0.64,-8.86,-10.27,-9.46,-22.84
di-palm-b (owner),0,Maiden Heavy,no-cab,21.04,palm,B2,123.8,-12.3,-3.05,-5.16,-7.2,1.6,36.3,-1.77,36.68,13.91,2.6,0.59,-0.64,0.06,0.59
di-palm-b (owner),0,Maiden Heavy,no-cab,21.99,palm,B1,61.5,-7.7,-2.7,-5.33,-6.13,2.68,36.47,-1.28,29.19,33.32,3.68,0.42,0.43,0.41,0.77
di-palm-b (owner),0,Maiden Heavy,no-cab,22.52,palm,C#2,69.0,-5.2,-2.42,-4.84,-6.12,3.56,37.42,-0.56,34.25,34.21,4.56,0.91,0.44,0.69,1.72
di-palm-b (owner),0,Maiden Heavy,no-cab,23.05,palm,G2,99.5,-11.7,-5.72,-7.9,-9.76,2.66,31.69,-4.14,34.03,14.62,3.66,-2.15,-3.2,-2.61,-4.01
di-palm-b (owner),0,Maiden Heavy,no-cab,23.79,palm,B1,61.5,-6.4,-3.05,-6.36,-5.78,3.06,28.13,-2.28,17.15,21.61,4.06,-0.61,0.78,0.06,-7.57
di-palm-b (owner),0,Maiden Heavy,no-cab,23.94,palm,B1,61.2,-18.4,-2.89,-5.38,-6.49,3.06,36.37,-1.25,31.77,33.38,4.06,0.37,0.07,0.22,0.66
di-palm-b (owner),0,Maiden Heavy,no-cab,24.3,palm,C#2,68.8,-7.9,-2.24,-4.52,-6.12,3.8,37.02,-0.45,30.96,35.56,4.8,1.23,0.44,0.87,1.32
di-palm-b (owner),0,Maiden Heavy,no-cab,24.77,palm,D#2,77.5,-7.9,-2.9,-5.34,-6.56,2.77,36.36,-1.2,33.77,32.82,3.77,0.41,0.0,0.21,0.66
di-palm-b (owner),0,Maiden Heavy,no-cab,25.14,palm,E2,82.0,-10.9,-3.4,-5.81,-7.11,2.99,33.23,-1.62,29.94,25.05,3.99,-0.06,-0.55,-0.29,-2.48
di-palm-b (owner),0,Maiden Heavy,no-cab,25.38,palm,E2,83.5,-35.3,-4.37,-6.32,-8.8,2.0,32.54,-2.44,31.87,17.05,3.0,-0.57,-2.24,-1.26,-3.16
di-palm-b (owner),0,Maiden Heavy,no-cab,25.57,palm,F#2,92.5,-11.7,-2.01,-4.28,-5.92,3.79,38.32,-0.25,38.15,21.74,4.79,1.47,0.64,1.1,2.62
di-palm-b (owner),0,Maiden Heavy,no-cab,25.99,palm,G#2,104.0,-10.8,-1.49,-3.74,-5.42,3.35,38.9,0.08,38.92,18.78,4.35,2.01,1.14,1.62,3.2
di-palm-b (owner),0,Maiden Heavy,no-cab,26.43,palm,A2,110.0,-15.6,-4.49,-6.57,-8.7,2.07,35.42,-3.13,35.56,19.1,3.07,-0.82,-2.14,-1.38,-0.28
di-palm-b (owner),0,Maiden Heavy,no-cab,26.87,palm,B2,124.0,-19.4,-3.71,-5.77,-7.93,0.83,35.89,-2.43,36.28,15.98,1.83,-0.02,-1.37,-0.6,0.19
di-palm-b (owner),0,Maiden Heavy,no-cab,27.33,palm,C#3,138.5,-13.6,-4.67,-6.8,-8.78,1.24,33.31,-3.5,35.12,10.43,2.24,-1.05,-2.22,-1.56,-2.39
di-palm-b (owner),0,Maiden Heavy,no-cab,28.04,palm,B1,61.5,-6.7,-3.39,-6.75,-6.07,3.7,29.85,-2.42,21.41,24.77,4.7,-1.0,0.49,-0.28,-5.85
di-palm-b (owner),0,Maiden Heavy,no-cab,28.23,palm,B1,61.0,-19.7,-2.49,-4.92,-6.18,2.89,36.73,-0.93,30.08,35.55,3.89,0.83,0.38,0.62,1.02
di-palm-b (owner),0,Maiden Heavy,no-cab,28.59,palm,C#2,69.0,-6.1,-2.24,-4.67,-5.92,3.91,36.95,-0.45,31.25,35.47,4.91,1.08,0.64,0.87,1.25
di-palm-b (owner),0,Maiden Heavy,no-cab,29.04,palm,D#2,77.8,-5.0,-3.28,-5.89,-6.72,3.19,36.41,-1.72,34.93,30.63,4.19,-0.14,-0.16,-0.17,0.7
di-palm-b (owner),0,Maiden Heavy,no-cab,29.44,palm,E2,82.2,-13.4,-3.03,-5.42,-6.76,2.74,36.42,-1.49,34.3,31.97,3.74,0.33,-0.2,0.08,0.72
di-palm-b (owner),0,Maiden Heavy,no-cab,29.85,palm,F#2,94.5,-12.6,-3.46,-6.66,-6.29,3.26,27.72,-2.12,26.34,21.35,4.26,-0.91,0.27,-0.35,-7.98
di-palm-b (owner),4,Van Halen 1984,no-cab,0.07,palm,A2,110.5,-14.8,-5.16,-10.39,-6.71,4.61,28.34,-4.95,28.32,18.32,5.61,0.71,1.31,1.19,-2.29
di-palm-b (owner),4,Van Halen 1984,no-cab,0.41,palm,B2,123.8,-15.8,-3.25,-8.1,-4.97,5.17,36.28,-2.25,36.28,13.55,6.17,3.0,3.05,3.1,5.66
di-palm-b (owner),4,Van Halen 1984,no-cab,0.79,palm,C#3,138.5,-14.6,-7.11,-10.95,-9.42,5.66,26.36,-7.16,26.3,10.25,6.66,0.15,-1.4,-0.76,-4.27
di-palm-b (owner),4,Van Halen 1984,no-cab,1.11,ring,B1,61.0,-15.3,-7.04,-12.29,-8.58,4.36,30.62,-6.23,26.27,28.33,5.36,,,,-0.0
di-palm-b (owner),4,Van Halen 1984,no-cab,1.57,palm,C#2,68.5,-7.7,-7.59,-11.71,-9.71,5.28,28.4,-7.36,21.04,27.48,6.28,-0.61,-1.69,-1.24,-2.23
di-palm-b (owner),4,Van Halen 1984,no-cab,1.96,palm,D#2,77.0,-8.0,-7.87,-12.4,-9.76,4.58,27.47,-7.83,24.26,24.52,5.58,-1.3,-1.74,-1.52,-3.16
di-palm-b (owner),4,Van Halen 1984,no-cab,2.33,palm,E2,82.0,-11.6,-7.41,-12.26,-9.13,4.93,27.28,-7.17,25.75,21.6,5.93,-1.16,-1.11,-1.06,-3.34
di-palm-b (owner),4,Van Halen 1984,no-cab,2.69,palm,F#2,92.2,-12.4,-7.65,-11.28,-10.11,3.72,30.61,-6.64,30.23,19.6,4.72,-0.18,-2.09,-1.3,-0.02
di-palm-b (owner),4,Van Halen 1984,no-cab,3.06,palm,G#2,104.0,-11.5,-4.87,-9.22,-6.86,5.18,34.62,-4.07,34.6,15.56,6.18,1.88,1.16,1.48,3.99
di-palm-b (owner),4,Van Halen 1984,no-cab,3.43,palm,A2,110.0,-14.8,-5.49,-10.69,-7.04,4.3,30.86,-5.45,30.84,18.77,5.3,0.41,0.98,0.86,0.23
di-palm-b (owner),4,Van Halen 1984,no-cab,3.79,palm,B2,123.8,-13.6,-3.71,-8.66,-5.39,4.1,35.83,-2.96,35.82,15.98,5.1,2.44,2.63,2.64,5.2
di-palm-b (owner),4,Van Halen 1984,no-cab,4.16,palm,C#3,138.5,-15.7,-7.47,-10.78,-10.2,5.92,26.35,-7.18,26.29,8.46,6.92,0.32,-2.18,-1.12,-4.27
di-palm-b (owner),4,Van Halen 1984,no-cab,4.46,palm,B1,61.8,-7.5,-4.04,-9.31,-5.57,5.42,22.06,-4.69,9.11,19.84,6.42,1.79,2.45,2.31,-8.57
di-palm-b (owner),4,Van Halen 1984,no-cab,4.63,palm,B1,61.0,-19.1,-3.93,-8.95,-5.58,5.35,32.06,-2.78,19.76,31.66,6.35,2.15,2.44,2.42,1.44
di-palm-b (owner),4,Van Halen 1984,no-cab,4.9,palm,C#2,68.8,-13.5,-6.92,-11.1,-9.01,4.56,27.79,-7.12,21.34,26.55,5.56,0.0,-0.99,-0.57,-2.84
di-palm-b (owner),4,Van Halen 1984,no-cab,5.3,palm,D#2,77.2,-8.5,-7.5,-12.02,-9.4,4.39,25.17,-7.56,21.33,22.76,5.39,-0.92,-1.38,-1.15,-5.45
di-palm-b (owner),4,Van Halen 1984,no-cab,5.64,palm,E2,82.2,-12.3,-7.42,-12.2,-9.18,4.24,28.63,-7.2,26.73,23.28,5.24,-1.1,-1.16,-1.07,-2.0
di-palm-b (owner),4,Van Halen 1984,no-cab,6.0,palm,F#2,93.0,-10.2,-7.02,-11.12,-9.16,5.63,30.61,-6.6,30.28,18.54,6.63,-0.02,-1.14,-0.67,-0.02
di-palm-b (owner),4,Van Halen 1984,no-cab,6.41,palm,G#2,104.0,-11.5,-4.45,-8.62,-6.54,6.28,35.24,-3.26,35.24,13.84,7.28,2.48,1.48,1.9,4.62
di-palm-b (owner),4,Van Halen 1984,no-cab,6.79,palm,A2,109.8,-13.3,-4.99,-10.13,-6.57,6.16,32.53,-4.65,32.51,20.26,7.16,0.97,1.45,1.36,1.91
di-palm-b (owner),4,Van Halen 1984,no-cab,7.16,palm,B2,124.0,-10.4,-2.81,-7.65,-4.54,5.87,36.44,-1.71,36.4,14.29,6.87,3.45,3.48,3.54,5.81
di-palm-b (owner),4,Van Halen 1984,no-cab,7.61,palm,C#3,138.5,-14.9,-7.92,-11.6,-10.36,5.06,28.4,-7.9,28.69,11.09,6.06,-0.5,-2.34,-1.57,-2.23
di-palm-b (owner),4,Van Halen 1984,no-cab,8.06,palm,B1,61.5,-9.8,-4.76,-10.02,-6.3,5.25,21.82,-5.29,4.63,17.89,6.25,1.08,1.72,1.59,-8.8
di-palm-b (owner),4,Van Halen 1984,no-cab,8.22,ring,B1,61.0,-17.9,-7.23,-12.4,-8.8,3.96,30.63,-5.58,26.82,28.89,4.96,,,,0.0
di-palm-b (owner),4,Van Halen 1984,no-cab,8.71,palm,C#2,69.0,-3.2,-7.36,-11.36,-9.57,4.79,28.49,-7.25,18.43,28.31,5.79,-0.26,-1.55,-1.01,-2.14
di-palm-b (owner),4,Van Halen 1984,no-cab,9.15,palm,D#2,77.2,-7.8,-7.84,-12.2,-9.82,3.64,25.08,-7.8,19.35,23.7,4.64,-1.1,-1.8,-1.49,-5.55
di-palm-b (owner),4,Van Halen 1984,no-cab,9.48,palm,E2,82.2,-9.2,-7.16,-12.09,-8.84,3.91,27.75,-7.14,26.33,21.38,4.91,-0.99,-0.82,-0.81,-2.88
di-palm-b (owner),4,Van Halen 1984,no-cab,9.86,palm,F#2,93.0,-12.6,-7.59,-11.19,-10.08,3.86,30.75,-6.54,30.47,18.67,4.86,-0.09,-2.06,-1.24,0.12
di-palm-b (owner),4,Van Halen 1984,no-cab,10.3,palm,G#2,104.0,-8.2,-4.7,-8.79,-6.85,4.63,34.94,-3.35,34.97,14.82,5.63,2.31,1.17,1.65,4.31
di-palm-b (owner),4,Van Halen 1984,no-cab,10.74,palm,A2,110.0,-12.9,-5.45,-10.54,-7.06,5.44,32.85,-4.8,32.86,17.74,6.44,0.56,0.96,0.9,2.23
di-palm-b (owner),4,Van Halen 1984,no-cab,11.17,palm,B2,123.8,-13.3,-3.32,-8.28,-4.99,4.12,36.01,-2.32,36.03,12.68,5.12,2.82,3.03,3.03,5.38
di-palm-b (owner),4,Van Halen 1984,no-cab,11.61,palm,C#3,139.0,-12.5,-7.72,-11.25,-10.26,7.8,29.13,-7.65,29.14,10.29,8.8,-0.15,-2.24,-1.37,-1.5
di-palm-b (owner),4,Van Halen 1984,no-cab,12.02,palm,B1,61.5,-9.6,-4.85,-10.16,-6.37,6.01,20.65,-5.49,7.9,12.74,7.01,0.94,1.65,1.5,-9.98
di-palm-b (owner),4,Van Halen 1984,no-cab,12.17,palm,B1,61.0,-17.2,-6.75,-11.76,-8.4,5.14,30.46,-5.57,28.37,26.38,6.14,-0.66,-0.38,-0.4,-0.16
di-palm-b (owner),4,Van Halen 1984,no-cab,12.56,palm,C#2,68.8,-5.9,-8.06,-12.27,-10.13,4.91,27.74,-7.68,24.68,25.17,5.91,-1.17,-2.11,-1.71,-2.89
di-palm-b (owner),4,Van Halen 1984,no-cab,13.04,palm,D#2,77.5,-8.7,-8.21,-12.84,-10.05,4.43,27.84,-7.95,26.74,21.17,5.43,-1.74,-2.03,-1.86,-2.79
di-palm-b (owner),4,Van Halen 1984,no-cab,13.45,palm,E2,82.5,-9.3,-7.64,-12.62,-9.29,4.31,28.68,-7.23,26.28,24.92,5.31,-1.52,-1.27,-1.29,-1.95
di-palm-b (owner),4,Van Halen 1984,no-cab,13.89,palm,F#2,93.0,-12.4,-7.77,-11.36,-10.27,4.42,30.68,-6.71,30.33,18.83,5.42,-0.26,-2.25,-1.42,0.05
di-palm-b (owner),4,Van Halen 1984,no-cab,14.35,palm,G#2,104.0,-10.7,-4.79,-8.93,-6.9,6.6,35.11,-3.61,35.19,13.73,7.6,2.17,1.12,1.56,4.48
di-palm-b (owner),4,Van Halen 1984,no-cab,14.78,palm,A2,109.5,-13.7,-5.26,-10.31,-6.9,3.62,32.71,-4.6,32.52,16.35,4.62,0.79,1.12,1.09,2.09
di-palm-b (owner),4,Van Halen 1984,no-cab,15.22,palm,B2,123.8,-13.9,-2.95,-7.82,-4.66,6.09,36.39,-1.85,36.23,14.57,7.09,3.28,3.36,3.4,5.77
di-palm-b (owner),4,Van Halen 1984,no-cab,15.71,palm,C#3,139.0,-12.2,-7.72,-11.33,-10.2,4.65,28.11,-7.85,28.92,10.22,5.65,-0.23,-2.18,-1.37,-2.52
di-palm-b (owner),4,Van Halen 1984,no-cab,16.26,palm,B1,62.0,-7.0,-4.1,-9.39,-5.62,5.08,22.32,-4.54,11.23,20.36,6.08,1.71,2.4,2.25,-8.3
di-palm-b (owner),4,Van Halen 1984,no-cab,16.4,palm,B1,61.0,-16.0,-3.77,-8.79,-5.42,3.9,35.17,-2.38,21.63,35.18,4.9,2.31,2.6,2.58,4.55
di-palm-b (owner),4,Van Halen 1984,no-cab,17.24,palm,B2,123.8,-8.2,-2.98,-7.87,-4.69,6.49,36.31,-2.01,36.03,12.52,7.49,3.23,3.33,3.37,5.69
di-palm-b (owner),4,Van Halen 1984,no-cab,17.85,palm,E2,84.2,-24.0,-7.7,-12.15,-9.64,3.75,25.52,-7.34,23.75,19.1,4.75,-1.05,-1.62,-1.35,-5.11
di-palm-b (owner),4,Van Halen 1984,no-cab,18.04,palm,B1,63.2,-29.9,-6.0,-11.42,-7.46,4.81,14.66,-7.01,8.96,7.33,5.81,-0.32,0.56,0.35,-15.96
di-palm-b (owner),4,Van Halen 1984,no-cab,18.2,palm,B1,61.2,-8.4,-4.29,-9.46,-5.86,6.83,34.53,-3.23,20.63,35.2,7.83,1.64,2.16,2.06,3.91
di-palm-b (owner),4,Van Halen 1984,no-cab,18.76,palm,C2,65.2,-25.4,-8.56,-13.62,-10.18,5.79,18.9,-9.7,16.75,13.52,6.79,-2.52,-2.16,-2.21,-11.73
di-palm-b (owner),4,Van Halen 1984,no-cab,19.12,palm,B2,124.5,-12.4,-2.96,-7.84,-4.66,4.3,36.35,-1.84,36.2,10.12,5.3,3.26,3.36,3.39,5.73
di-palm-b (owner),4,Van Halen 1984,no-cab,19.93,palm,B1,61.0,-30.9,-6.05,-11.43,-7.53,5.16,17.98,-6.78,13.34,14.7,6.16,-0.33,0.49,0.3,-12.64
di-palm-b (owner),4,Van Halen 1984,no-cab,20.07,palm,B1,61.2,-7.7,-4.32,-9.73,-5.79,4.22,25.14,-4.22,12.47,23.44,5.22,1.37,2.23,2.03,-5.48
di-palm-b (owner),4,Van Halen 1984,no-cab,20.2,palm,B1,61.0,-18.3,-4.21,-9.22,-5.85,4.43,35.24,-2.81,21.14,35.0,5.43,1.88,2.17,2.14,4.62
di-palm-b (owner),4,Van Halen 1984,no-cab,20.61,palm,B1,62.2,-33.4,-7.71,-13.46,-9.06,3.77,7.6,-9.83,0.53,5.26,4.77,-2.36,-1.04,-1.36,-23.02
di-palm-b (owner),4,Van Halen 1984,no-cab,21.04,palm,B2,123.8,-12.3,-2.9,-7.8,-4.59,5.18,36.38,-1.82,36.26,9.56,6.18,3.3,3.43,3.45,5.76
di-palm-b (owner),4,Van Halen 1984,no-cab,21.99,palm,B1,61.5,-7.7,-5.11,-10.33,-6.67,4.88,33.51,-4.3,23.95,33.37,5.88,0.77,1.35,1.24,2.88
di-palm-b (owner),4,Van Halen 1984,no-cab,22.52,palm,C#2,69.0,-5.2,-8.83,-13.28,-10.76,4.42,27.11,-8.38,25.33,22.36,5.42,-2.18,-2.74,-2.48,-3.52
di-palm-b (owner),4,Van Halen 1984,no-cab,23.05,palm,G2,99.5,-11.7,-7.96,-12.19,-10.02,3.54,28.53,-7.43,30.12,14.54,5.87,-1.09,-2.0,-1.61,-2.09
di-palm-b (owner),4,Van Halen 1984,no-cab,23.79,palm,B1,61.5,-6.4,-3.53,-8.94,-5.01,6.53,23.67,-4.15,2.34,21.66,7.53,2.16,3.01,2.82,-6.95
di-palm-b (owner),4,Van Halen 1984,no-cab,23.94,palm,B1,61.2,-18.4,-5.3,-10.28,-6.97,4.08,33.63,-4.01,25.04,32.7,5.08,0.82,1.05,1.05,3.01
di-palm-b (owner),4,Van Halen 1984,no-cab,24.3,palm,C#2,68.8,-7.9,-8.37,-12.39,-10.56,6.51,27.74,-7.85,24.04,25.8,7.51,-1.29,-2.54,-2.02,-2.89
di-palm-b (owner),4,Van Halen 1984,no-cab,24.77,palm,D#2,77.5,-7.9,-8.42,-12.94,-10.31,4.35,28.08,-8.01,26.26,23.3,5.35,-1.84,-2.29,-2.07,-2.55
di-palm-b (owner),4,Van Halen 1984,no-cab,25.14,palm,E2,82.0,-10.9,-7.04,-11.92,-8.75,2.76,27.72,-6.45,22.02,14.13,3.76,-0.82,-0.73,-0.69,-2.91
di-palm-b (owner),4,Van Halen 1984,no-cab,25.38,palm,E2,83.5,-35.3,-8.82,-12.98,-10.92,2.07,24.71,-8.2,23.32,13.58,3.07,-1.88,-2.9,-2.47,-5.91
di-palm-b (owner),4,Van Halen 1984,no-cab,25.57,palm,F#2,92.5,-11.7,-7.49,-11.22,-9.88,4.67,30.61,-6.61,30.25,19.18,5.67,-0.12,-1.86,-1.14,-0.02
di-palm-b (owner),4,Van Halen 1984,no-cab,25.99,palm,G#2,104.0,-10.8,-4.92,-9.02,-7.06,5.4,34.92,-3.72,35.0,14.82,6.4,2.08,0.96,1.43,4.3
di-palm-b (owner),4,Van Halen 1984,no-cab,26.43,palm,A2,110.0,-15.6,-5.48,-10.44,-7.15,4.81,33.23,-4.76,33.25,14.11,5.81,0.66,0.87,0.87,2.6
di-palm-b (owner),4,Van Halen 1984,no-cab,26.87,palm,B2,124.0,-19.4,-3.03,-7.96,-4.71,5.77,36.32,-1.96,36.3,10.16,6.77,3.14,3.31,3.32,5.7
di-palm-b (owner),4,Van Halen 1984,no-cab,27.33,palm,C#3,138.5,-13.6,-8.23,-12.09,-10.54,4.81,27.08,-8.35,28.32,8.15,5.81,-0.99,-2.52,-1.88,-3.55
di-palm-b (owner),4,Van Halen 1984,no-cab,28.04,palm,B1,61.5,-6.7,-4.0,-9.1,-5.61,6.27,27.01,-4.2,15.1,25.69,7.27,2.0,2.41,2.35,-3.61
di-palm-b (owner),4,Van Halen 1984,no-cab,28.23,palm,B1,61.0,-19.7,-3.75,-8.77,-5.39,4.18,35.25,-2.54,21.78,34.94,5.18,2.33,2.63,2.6,4.62
di-palm-b (owner),4,Van Halen 1984,no-cab,28.59,palm,C#2,69.0,-6.1,-8.45,-12.66,-10.52,6.43,27.92,-7.82,25.32,24.77,7.43,-1.56,-2.5,-2.1,-2.7
di-palm-b (owner),4,Van Halen 1984,no-cab,29.04,palm,D#2,77.8,-5.0,-7.77,-12.45,-9.58,5.35,27.95,-7.63,27.13,19.48,6.35,-1.35,-1.56,-1.42,-2.68
di-palm-b (owner),4,Van Halen 1984,no-cab,29.44,palm,E2,82.2,-13.4,-7.94,-12.64,-9.74,5.42,28.58,-7.48,27.04,22.53,6.42,-1.54,-1.72,-1.59,-2.05
di-palm-b (owner),4,Van Halen 1984,no-cab,29.85,palm,F#2,94.5,-12.6,-6.35,-11.3,-8.02,4.74,23.02,-6.18,21.95,15.07,5.74,-0.2,0.0,0.0,-7.61
di-palm-b (owner),8,Comfortably Numb,no-cab,0.07,palm,A2,110.5,-14.8,-20.21,-25.39,-21.78,-8.82,13.43,-19.67,13.36,5.49,-0.0,-1.05,0.21,-0.1,-4.87
di-palm-b (owner),8,Comfortably Numb,no-cab,0.41,palm,B2,123.8,-15.8,-17.69,-22.31,-19.52,-8.09,22.18,-16.44,22.16,-2.03,-0.0,2.03,2.47,2.42,3.88
di-palm-b (owner),8,Comfortably Numb,no-cab,0.79,palm,C#3,138.5,-14.6,-20.73,-24.0,-23.49,-8.31,13.91,-20.11,13.75,-1.66,-0.0,0.34,-1.5,-0.62,-4.39
di-palm-b (owner),8,Comfortably Numb,no-cab,1.11,ring,B1,61.0,-15.3,-20.71,-25.71,-22.35,-7.65,17.09,-20.12,1.31,15.6,-0.0,,,,-1.21
di-palm-b (owner),8,Comfortably Numb,no-cab,1.57,palm,C#2,68.5,-7.7,-19.69,-23.53,-22.0,-7.23,17.38,-19.05,5.6,16.66,-0.0,0.81,-0.01,0.42,-0.92
di-palm-b (owner),8,Comfortably Numb,no-cab,1.96,palm,D#2,77.0,-8.0,-19.35,-22.76,-21.99,-6.81,17.4,-18.56,8.87,15.96,-0.0,1.58,0.0,0.76,-0.9
di-palm-b (owner),8,Comfortably Numb,no-cab,2.33,palm,E2,82.0,-11.6,-20.39,-25.05,-22.2,-7.62,15.29,-19.74,5.84,13.51,-0.0,-0.71,-0.21,-0.28,-3.01
di-palm-b (owner),8,Comfortably Numb,no-cab,2.69,palm,F#2,92.2,-12.4,-22.42,-26.9,-24.34,-7.59,12.93,-21.82,9.68,7.93,-0.0,-2.56,-2.35,-2.31,-5.37
di-palm-b (owner),8,Comfortably Numb,no-cab,3.06,palm,G#2,104.0,-11.5,-20.81,-25.08,-22.85,-8.52,17.67,-19.82,17.41,3.6,-0.0,-0.74,-0.86,-0.7,-0.62
di-palm-b (owner),8,Comfortably Numb,no-cab,3.43,palm,A2,110.0,-14.8,-19.55,-24.56,-21.2,-6.11,16.88,-19.04,16.64,8.8,-0.0,-0.22,0.79,0.56,-1.42
di-palm-b (owner),8,Comfortably Numb,no-cab,3.79,palm,B2,123.8,-13.6,-18.04,-22.99,-19.71,-9.03,21.82,-17.03,21.75,3.07,-0.0,1.35,2.28,2.07,3.52
di-palm-b (owner),8,Comfortably Numb,no-cab,4.16,palm,C#3,138.5,-15.7,-20.32,-22.99,-23.7,-9.65,14.63,-19.4,14.38,-7.72,-0.0,1.35,-1.71,-0.21,-3.67
di-palm-b (owner),8,Comfortably Numb,no-cab,4.46,palm,B1,61.8,-7.5,-17.58,-22.22,-19.41,-5.46,13.28,-17.27,-15.1,9.68,-0.0,2.12,2.58,2.53,-5.02
di-palm-b (owner),8,Comfortably Numb,no-cab,4.63,palm,B1,61.0,-19.1,-16.68,-21.51,-18.42,-8.23,19.83,-15.48,-7.92,18.98,-0.0,2.83,3.57,3.43,1.53
di-palm-b (owner),8,Comfortably Numb,no-cab,4.9,palm,C#2,68.8,-13.5,-18.22,-20.81,-21.69,-7.66,18.93,-17.34,4.9,18.23,-0.0,3.53,0.3,1.89,0.63
di-palm-b (owner),8,Comfortably Numb,no-cab,5.3,palm,D#2,77.2,-8.5,-19.12,-23.16,-21.31,-7.14,15.09,-18.41,3.28,14.18,-0.0,1.18,0.68,0.99,-3.21
di-palm-b (owner),8,Comfortably Numb,no-cab,5.64,palm,E2,82.2,-12.3,-20.37,-25.25,-22.08,-8.0,14.91,-19.69,6.15,13.43,-0.0,-0.91,-0.09,-0.26,-3.39
di-palm-b (owner),8,Comfortably Numb,no-cab,6.0,palm,F#2,93.0,-10.2,-22.64,-27.31,-24.46,-7.19,11.72,-22.2,9.45,6.31,-0.0,-2.97,-2.47,-2.53,-6.58
di-palm-b (owner),8,Comfortably Numb,no-cab,6.41,palm,G#2,104.0,-11.5,-19.3,-23.68,-21.28,-6.06,19.64,-18.15,19.49,2.28,-0.0,0.66,0.71,0.81,1.34
di-palm-b (owner),8,Comfortably Numb,no-cab,6.79,palm,A2,109.8,-13.3,-19.88,-24.95,-21.51,-7.84,17.26,-19.13,17.08,6.74,-0.0,-0.61,0.48,0.23,-1.04
di-palm-b (owner),8,Comfortably Numb,no-cab,7.16,palm,B2,124.0,-10.4,-17.26,-22.04,-19.01,-6.23,21.82,-16.11,22.1,-1.2,-0.0,2.3,2.98,2.85,3.52
di-palm-b (owner),8,Comfortably Numb,no-cab,7.61,palm,C#3,138.5,-14.9,-20.89,-24.02,-23.77,-8.62,15.75,-20.23,15.88,-0.64,-0.0,0.32,-1.78,-0.78,-2.55
di-palm-b (owner),8,Comfortably Numb,no-cab,8.06,palm,B1,61.5,-9.8,-17.16,-21.74,-19.02,-5.29,12.79,-16.94,-15.18,7.44,-0.0,2.6,2.97,2.95,-5.51
di-palm-b (owner),8,Comfortably Numb,no-cab,8.22,ring,B1,61.0,-17.9,-18.59,-23.32,-20.37,-9.57,19.5,-17.34,-0.59,19.7,-0.0,,,,1.2
di-palm-b (owner),8,Comfortably Numb,no-cab,8.71,palm,C#2,69.0,-3.2,-20.25,-24.05,-22.59,-5.66,15.28,-19.87,4.23,14.71,-0.0,0.29,-0.6,-0.14,-3.02
di-palm-b (owner),8,Comfortably Numb,no-cab,9.15,palm,D#2,77.2,-7.8,-19.2,-22.77,-21.71,-6.18,15.01,-18.54,4.8,14.03,-0.0,1.57,0.28,0.91,-3.29
di-palm-b (owner),8,Comfortably Numb,no-cab,9.48,palm,E2,82.2,-9.2,-20.02,-24.69,-21.83,-7.84,15.31,-19.49,4.98,13.33,-0.0,-0.35,0.16,0.09,-2.99
di-palm-b (owner),8,Comfortably Numb,no-cab,9.86,palm,F#2,93.0,-12.6,-21.46,-26.22,-23.22,-7.8,13.59,-20.78,9.17,11.0,-0.0,-1.88,-1.23,-1.35,-4.71
di-palm-b (owner),8,Comfortably Numb,no-cab,10.3,palm,G#2,104.0,-8.2,-20.2,-24.42,-22.26,-7.88,18.63,-19.04,18.53,2.74,-0.0,-0.08,-0.27,-0.09,0.33
di-palm-b (owner),8,Comfortably Numb,no-cab,10.74,palm,A2,110.0,-12.9,-20.08,-25.04,-21.75,-8.85,17.4,-19.18,17.49,4.28,-0.0,-0.7,0.24,0.03,-0.9
di-palm-b (owner),8,Comfortably Numb,no-cab,11.17,palm,B2,123.8,-13.3,-18.12,-23.1,-19.78,-6.98,21.21,-17.09,21.48,0.16,-0.0,1.24,2.21,1.99,2.91
di-palm-b (owner),8,Comfortably Numb,no-cab,11.61,palm,C#3,139.0,-12.5,-21.09,-24.01,-24.19,-8.75,15.54,-20.38,15.42,-5.5,-0.0,0.33,-2.2,-0.98,-2.76
di-palm-b (owner),8,Comfortably Numb,no-cab,12.02,palm,B1,61.5,-9.6,-17.86,-22.6,-19.64,-8.11,13.09,-17.4,-9.51,9.5,-0.0,1.74,2.35,2.25,-5.21
di-palm-b (owner),8,Comfortably Numb,no-cab,12.17,palm,B1,61.0,-17.2,-19.43,-24.41,-21.09,-6.48,17.84,-18.39,2.28,17.37,-0.0,-0.07,0.9,0.68,-0.46
di-palm-b (owner),8,Comfortably Numb,no-cab,12.56,palm,C#2,68.8,-5.9,-21.11,-25.02,-23.38,-7.43,14.17,-20.49,8.24,13.7,-0.0,-0.68,-1.39,-1.0,-4.13
di-palm-b (owner),8,Comfortably Numb,no-cab,13.04,palm,D#2,77.5,-8.7,-21.28,-25.28,-23.48,-8.39,14.37,-20.74,9.25,12.24,-0.0,-0.94,-1.49,-1.17,-3.93
di-palm-b (owner),8,Comfortably Numb,no-cab,13.45,palm,E2,82.5,-9.3,-20.51,-25.15,-22.34,-7.26,14.47,-19.92,5.97,14.01,-0.0,-0.81,-0.35,-0.4,-3.83
di-palm-b (owner),8,Comfortably Numb,no-cab,13.89,palm,F#2,93.0,-12.4,-23.43,-28.06,-25.26,-8.62,11.04,-22.93,8.93,4.6,-0.0,-3.72,-3.27,-3.32,-7.26
di-palm-b (owner),8,Comfortably Numb,no-cab,14.35,palm,G#2,104.0,-10.7,-19.88,-24.15,-21.92,-8.1,19.11,-18.73,19.1,3.37,-0.0,0.19,0.07,0.23,0.81
di-palm-b (owner),8,Comfortably Numb,no-cab,14.78,palm,A2,109.5,-13.7,-20.24,-25.25,-21.88,-7.81,16.16,-19.43,16.5,6.99,-0.0,-0.91,0.11,-0.13,-2.14
di-palm-b (owner),8,Comfortably Numb,no-cab,15.22,palm,B2,123.8,-13.9,-17.31,-22.18,-19.03,-7.02,21.69,-16.09,22.16,0.98,-0.0,2.16,2.96,2.8,3.39
di-palm-b (owner),8,Comfortably Numb,no-cab,15.71,palm,C#3,139.0,-12.2,-21.0,-24.34,-23.71,-6.91,14.47,-20.41,15.28,-1.02,-0.0,0.0,-1.72,-0.89,-3.83
di-palm-b (owner),8,Comfortably Numb,no-cab,16.26,palm,B1,62.0,-7.0,-17.2,-22.13,-18.88,-5.94,12.08,-17.22,-16.72,6.05,-0.0,2.21,3.11,2.91,-6.22
di-palm-b (owner),8,Comfortably Numb,no-cab,16.4,palm,B1,61.0,-16.0,-15.38,-20.45,-17.0,-8.21,23.85,-14.1,-8.2,23.69,-0.0,3.89,4.99,4.73,5.55
di-palm-b (owner),8,Comfortably Numb,no-cab,17.24,palm,B2,123.8,-8.2,-17.68,-22.56,-19.39,-6.01,20.5,-16.64,20.49,3.15,-0.0,1.78,2.6,2.43,2.2
di-palm-b (owner),8,Comfortably Numb,no-cab,17.85,palm,E2,84.2,-24.0,-22.6,-27.13,-24.48,-10.54,9.71,-21.83,1.92,3.34,-0.0,-2.79,-2.49,-2.49,-8.59
di-palm-b (owner),8,Comfortably Numb,no-cab,18.04,palm,B1,63.2,-29.9,-21.02,-25.85,-22.75,-9.72,7.81,-20.72,-9.94,6.02,-0.0,-1.51,-0.76,-0.91,-10.49
di-palm-b (owner),8,Comfortably Numb,no-cab,18.2,palm,B1,61.2,-8.4,-17.04,-22.07,-18.67,-5.41,22.06,-15.99,-3.91,22.27,-0.0,2.27,3.32,3.07,3.76
di-palm-b (owner),8,Comfortably Numb,no-cab,18.76,palm,C2,65.2,-25.4,-25.15,-29.22,-27.31,-13.71,11.12,-24.19,-2.8,9.44,-0.0,-4.88,-5.32,-5.04,-7.18
di-palm-b (owner),8,Comfortably Numb,no-cab,19.12,palm,B2,124.5,-12.4,-17.66,-22.65,-19.31,-6.98,20.27,-16.55,21.39,-1.42,-0.0,1.69,2.68,2.45,1.97
di-palm-b (owner),8,Comfortably Numb,no-cab,19.93,palm,B1,61.0,-30.9,-20.62,-25.52,-22.31,-10.84,9.83,-20.0,-11.41,8.2,-0.0,-1.18,-0.32,-0.51,-8.47
di-palm-b (owner),8,Comfortably Numb,no-cab,20.07,palm,B1,61.2,-7.7,-16.72,-21.93,-18.28,-7.3,14.35,-16.22,-19.11,12.49,-0.0,2.41,3.71,3.39,-3.95
di-palm-b (owner),8,Comfortably Numb,no-cab,20.2,palm,B1,61.0,-18.3,-16.51,-21.59,-18.13,-8.71,22.73,-15.24,-4.76,22.61,-0.0,2.75,3.86,3.6,4.43
di-palm-b (owner),8,Comfortably Numb,no-cab,20.61,palm,B1,62.2,-33.4,-24.45,-29.57,-26.04,-8.26,11.64,-23.91,-20.72,11.07,-0.0,-5.23,-4.05,-4.34,-6.66
di-palm-b (owner),8,Comfortably Numb,no-cab,21.04,palm,B2,123.8,-12.3,-18.24,-23.11,-19.96,-8.56,20.74,-17.12,20.81,-3.19,-0.0,1.23,2.03,1.87,2.44
di-palm-b (owner),8,Comfortably Numb,no-cab,21.99,palm,B1,61.5,-7.7,-18.27,-23.5,-19.81,-7.07,20.0,-17.55,-1.2,20.13,-0.0,0.84,2.18,1.84,1.7
di-palm-b (owner),8,Comfortably Numb,no-cab,22.52,palm,C#2,69.0,-5.2,-21.24,-24.99,-23.62,-7.7,13.75,-20.57,7.98,13.42,-0.0,-0.65,-1.63,-1.13,-4.55
di-palm-b (owner),8,Comfortably Numb,no-cab,23.05,palm,G2,99.5,-11.7,-23.47,-27.9,-25.41,-9.38,12.09,-22.68,11.22,3.97,-0.0,-3.56,-3.42,-3.36,-6.21
di-palm-b (owner),8,Comfortably Numb,no-cab,23.79,palm,B1,61.5,-6.4,-16.6,-21.38,-18.35,-6.25,14.66,-16.24,-24.55,12.36,-0.0,2.96,3.64,3.51,-3.64
di-palm-b (owner),8,Comfortably Numb,no-cab,23.94,palm,B1,61.2,-18.4,-18.51,-23.3,-20.26,-10.03,19.95,-17.43,-1.55,18.91,-0.0,1.04,1.73,1.6,1.65
di-palm-b (owner),8,Comfortably Numb,no-cab,24.3,palm,C#2,68.8,-7.9,-21.15,-24.26,-24.06,-9.05,14.81,-20.43,6.04,14.56,-0.0,0.08,-2.07,-1.04,-3.49
di-palm-b (owner),8,Comfortably Numb,no-cab,24.77,palm,D#2,77.5,-7.9,-20.54,-24.43,-22.82,-8.04,15.87,-20.02,9.17,13.66,-0.0,-0.09,-0.83,-0.43,-2.43
di-palm-b (owner),8,Comfortably Numb,no-cab,25.14,palm,E2,82.0,-10.9,-20.99,-25.56,-22.85,-9.85,13.86,-20.37,2.22,8.66,-0.0,-1.22,-0.86,-0.88,-4.44
di-palm-b (owner),8,Comfortably Numb,no-cab,25.38,palm,E2,83.5,-35.3,-25.05,-29.18,-27.17,-13.66,9.04,-24.14,2.2,1.56,-0.0,-4.84,-5.18,-4.94,-9.26
di-palm-b (owner),8,Comfortably Numb,no-cab,25.57,palm,F#2,92.5,-11.7,-23.34,-28.04,-25.13,-8.62,11.24,-22.83,9.23,4.7,-0.0,-3.7,-3.14,-3.23,-7.06
di-palm-b (owner),8,Comfortably Numb,no-cab,25.99,palm,G#2,104.0,-10.8,-20.11,-24.35,-22.17,-7.38,18.62,-19.03,18.46,4.86,-0.0,-0.01,-0.18,0.0,0.32
di-palm-b (owner),8,Comfortably Numb,no-cab,26.43,palm,A2,110.0,-15.6,-21.03,-25.91,-22.74,-7.84,16.28,-20.07,16.2,2.44,-0.0,-1.57,-0.75,-0.92,-2.02
di-palm-b (owner),8,Comfortably Numb,no-cab,26.87,palm,B2,124.0,-19.4,-17.93,-22.75,-19.67,-9.46,21.11,-16.67,21.41,-4.59,-0.0,1.59,2.32,2.18,2.81
di-palm-b (owner),8,Comfortably Numb,no-cab,27.33,palm,C#3,138.5,-13.6,-21.34,-24.54,-24.17,-9.36,14.78,-20.59,15.69,-2.58,-0.0,-0.2,-2.18,-1.23,-3.52
di-palm-b (owner),8,Comfortably Numb,no-cab,28.04,palm,B1,61.5,-6.7,-17.02,-21.91,-18.73,-7.04,17.24,-16.35,-10.96,15.91,-0.0,2.43,3.26,3.09,-1.06
di-palm-b (owner),8,Comfortably Numb,no-cab,28.23,palm,B1,61.0,-19.7,-15.84,-20.77,-17.52,-8.55,23.5,-14.58,-5.23,23.24,-0.0,3.57,4.47,4.27,5.2
di-palm-b (owner),8,Comfortably Numb,no-cab,28.59,palm,C#2,69.0,-6.1,-20.81,-24.75,-23.05,-9.07,14.76,-20.23,6.69,13.01,-0.0,-0.41,-1.06,-0.7,-3.54
di-palm-b (owner),8,Comfortably Numb,no-cab,29.04,palm,D#2,77.8,-5.0,-20.33,-24.53,-22.4,-7.64,15.17,-19.84,10.18,10.38,-0.0,-0.19,-0.41,-0.22,-3.13
di-palm-b (owner),8,Comfortably Numb,no-cab,29.44,palm,E2,82.2,-13.4,-20.62,-25.36,-22.4,-8.18,14.64,-19.93,5.48,13.19,-0.0,-1.02,-0.41,-0.51,-3.66
di-palm-b (owner),8,Comfortably Numb,no-cab,29.85,palm,F#2,94.5,-12.6,-19.75,-24.98,-21.3,-7.23,10.1,-19.57,3.14,8.58,-0.0,-0.64,0.69,0.36,-8.2
di-palm-b (owner),16,Satan 50 Lead,no-cab,0.07,palm,A2,110.5,-14.8,-1.44,-4.45,-4.45,4.76,26.09,-1.96,25.55,20.9,5.76,-1.93,-1.93,-1.93,-12.87
di-palm-b (owner),16,Satan 50 Lead,no-cab,0.41,palm,B2,123.8,-15.8,0.82,-2.19,-2.19,4.43,40.8,1.69,40.77,19.95,5.43,0.33,0.33,0.33,1.84
di-palm-b (owner),16,Satan 50 Lead,no-cab,0.79,palm,C#3,138.5,-14.6,0.51,-2.51,-2.51,4.88,36.67,0.91,36.65,17.95,5.88,0.01,0.01,0.02,-2.29
di-palm-b (owner),16,Satan 50 Lead,no-cab,1.11,ring,B1,61.0,-15.3,0.18,-2.83,-2.83,4.77,38.77,0.86,20.83,32.34,5.77,,,,-0.19
di-palm-b (owner),16,Satan 50 Lead,no-cab,1.57,palm,C#2,68.5,-7.7,0.62,-2.39,-2.39,4.09,40.29,1.44,25.33,40.11,5.09,0.13,0.13,0.13,1.33
di-palm-b (owner),16,Satan 50 Lead,no-cab,1.96,palm,D#2,77.0,-8.0,0.45,-2.56,-2.56,4.65,39.76,1.12,29.68,39.27,5.65,-0.04,-0.04,-0.04,0.8
di-palm-b (owner),16,Satan 50 Lead,no-cab,2.33,palm,E2,82.0,-11.6,-0.54,-3.55,-3.55,4.51,35.87,-0.38,31.76,33.61,5.51,-1.03,-1.03,-1.03,-3.09
di-palm-b (owner),16,Satan 50 Lead,no-cab,2.69,palm,F#2,92.2,-12.4,0.8,-2.21,-2.21,5.47,41.3,2.16,41.25,18.17,6.47,0.31,0.31,0.31,2.34
di-palm-b (owner),16,Satan 50 Lead,no-cab,3.06,palm,G#2,104.0,-11.5,0.57,-2.44,-2.44,5.34,40.91,1.46,40.87,17.22,6.34,0.08,0.08,0.08,1.95
di-palm-b (owner),16,Satan 50 Lead,no-cab,3.43,palm,A2,110.0,-14.8,-1.77,-4.78,-4.78,4.41,28.83,-2.44,28.33,26.91,5.41,-2.26,-2.26,-2.26,-10.13
di-palm-b (owner),16,Satan 50 Lead,no-cab,3.79,palm,B2,123.8,-13.6,0.37,-2.64,-2.64,4.66,39.81,0.85,39.77,23.69,5.66,-0.12,-0.12,-0.12,0.85
di-palm-b (owner),16,Satan 50 Lead,no-cab,4.16,palm,C#3,138.5,-15.7,1.07,-1.94,-1.94,4.41,37.58,1.98,37.58,7.61,5.41,0.58,0.58,0.58,-1.38
di-palm-b (owner),16,Satan 50 Lead,no-cab,4.46,palm,B1,61.8,-7.5,-1.24,-4.25,-4.25,4.35,23.43,-1.95,15.23,17.11,5.35,-1.73,-1.73,-1.73,-15.53
di-palm-b (owner),16,Satan 50 Lead,no-cab,4.63,palm,B1,61.0,-19.1,0.04,-2.97,-2.97,5.09,34.81,0.37,15.18,31.77,6.09,-0.45,-0.45,-0.45,-4.15
di-palm-b (owner),16,Satan 50 Lead,no-cab,4.9,palm,C#2,68.8,-13.5,0.62,-2.39,-2.39,4.56,40.28,1.39,25.76,40.08,5.56,0.13,0.13,0.13,1.32
di-palm-b (owner),16,Satan 50 Lead,no-cab,5.3,palm,D#2,77.2,-8.5,0.49,-2.52,-2.52,3.11,36.91,1.12,22.04,36.74,4.11,0.0,0.0,0.0,-2.05
di-palm-b (owner),16,Satan 50 Lead,no-cab,5.64,palm,E2,82.2,-12.3,-0.62,-3.63,-3.63,4.32,35.48,-0.5,32.11,32.34,5.32,-1.11,-1.11,-1.11,-3.48
di-palm-b (owner),16,Satan 50 Lead,no-cab,6.0,palm,F#2,93.0,-10.2,0.18,-2.83,-2.83,5.71,40.55,1.06,40.47,23.6,6.71,-0.31,-0.31,-0.31,1.59
di-palm-b (owner),16,Satan 50 Lead,no-cab,6.41,palm,G#2,104.0,-11.5,1.13,-1.88,-1.88,4.7,41.38,2.41,41.37,16.95,5.7,0.64,0.64,0.64,2.42
di-palm-b (owner),16,Satan 50 Lead,no-cab,6.79,palm,A2,109.8,-13.3,-1.0,-4.01,-4.01,4.28,32.78,-1.32,32.27,25.83,5.28,-1.49,-1.49,-1.49,-6.18
di-palm-b (owner),16,Satan 50 Lead,no-cab,7.16,palm,B2,124.0,-10.4,1.07,-1.95,-1.95,4.21,40.61,2.0,40.58,22.87,5.21,0.57,0.57,0.58,1.65
di-palm-b (owner),16,Satan 50 Lead,no-cab,7.61,palm,C#3,138.5,-14.9,0.4,-2.61,-2.61,4.92,39.09,0.58,39.41,14.41,5.92,-0.09,-0.09,-0.09,0.13
di-palm-b (owner),16,Satan 50 Lead,no-cab,8.06,palm,B1,61.5,-9.8,-0.97,-3.99,-3.99,3.17,26.26,-1.07,17.18,18.42,4.17,-1.47,-1.47,-1.46,-12.7
di-palm-b (owner),16,Satan 50 Lead,no-cab,8.22,ring,B1,61.0,-17.9,0.95,-2.06,-2.06,5.59,39.15,1.91,18.53,35.22,6.59,,,,0.19
di-palm-b (owner),16,Satan 50 Lead,no-cab,8.71,palm,C#2,69.0,-3.2,0.74,-2.27,-2.27,3.86,40.28,1.59,24.48,40.27,4.86,0.25,0.25,0.25,1.32
di-palm-b (owner),16,Satan 50 Lead,no-cab,9.15,palm,D#2,77.2,-7.8,0.58,-2.43,-2.43,3.65,37.01,1.35,23.41,36.81,4.65,0.09,0.09,0.09,-1.95
di-palm-b (owner),16,Satan 50 Lead,no-cab,9.48,palm,E2,82.2,-9.2,-0.65,-3.66,-3.66,4.81,35.4,-0.85,31.54,32.79,5.81,-1.14,-1.14,-1.14,-3.56
di-palm-b (owner),16,Satan 50 Lead,no-cab,9.86,palm,F#2,93.0,-12.6,1.24,-1.77,-1.77,6.28,41.22,2.65,40.97,27.26,7.28,0.75,0.75,0.75,2.26
di-palm-b (owner),16,Satan 50 Lead,no-cab,10.3,palm,G#2,104.0,-8.2,1.36,-1.65,-1.65,5.25,41.39,2.77,41.39,18.61,6.25,0.87,0.87,0.87,2.43
di-palm-b (owner),16,Satan 50 Lead,no-cab,10.74,palm,A2,110.0,-12.9,0.36,-2.65,-2.65,5.91,39.66,1.0,39.43,26.73,6.91,-0.13,-0.13,-0.13,0.7
di-palm-b (owner),16,Satan 50 Lead,no-cab,11.17,palm,B2,123.8,-13.3,0.57,-2.44,-2.44,4.5,39.38,1.04,39.37,24.78,5.5,0.08,0.08,0.08,0.42
di-palm-b (owner),16,Satan 50 Lead,no-cab,11.61,palm,C#3,139.0,-12.5,0.63,-2.38,-2.38,4.85,39.96,1.03,40.03,11.0,5.85,0.14,0.14,0.14,1.0
di-palm-b (owner),16,Satan 50 Lead,no-cab,12.02,palm,B1,61.5,-9.6,-1.14,-4.15,-4.15,3.56,25.26,-1.51,15.71,19.3,4.56,-1.63,-1.63,-1.63,-13.7
di-palm-b (owner),16,Satan 50 Lead,no-cab,12.17,palm,B1,61.0,-17.2,0.71,-2.3,-2.3,4.49,39.74,1.53,25.53,38.82,5.49,0.22,0.22,0.22,0.78
di-palm-b (owner),16,Satan 50 Lead,no-cab,12.56,palm,C#2,68.8,-5.9,0.89,-2.12,-2.12,5.05,39.87,1.92,30.16,39.67,6.05,0.4,0.4,0.4,0.91
di-palm-b (owner),16,Satan 50 Lead,no-cab,13.04,palm,D#2,77.5,-8.7,0.6,-2.41,-2.41,5.69,39.77,1.46,34.52,38.21,6.69,0.11,0.11,0.11,0.81
di-palm-b (owner),16,Satan 50 Lead,no-cab,13.45,palm,E2,82.5,-9.3,-0.21,-3.22,-3.22,5.02,37.2,0.25,31.66,35.71,6.02,-0.7,-0.7,-0.7,-1.76
di-palm-b (owner),16,Satan 50 Lead,no-cab,13.89,palm,F#2,93.0,-12.4,0.93,-2.08,-2.08,5.99,40.66,2.13,40.54,20.17,6.99,0.44,0.44,0.44,1.7
di-palm-b (owner),16,Satan 50 Lead,no-cab,14.35,palm,G#2,104.0,-10.7,0.95,-2.06,-2.06,5.52,41.14,2.15,41.19,21.41,6.52,0.46,0.46,0.46,2.18
di-palm-b (owner),16,Satan 50 Lead,no-cab,14.78,palm,A2,109.5,-13.7,-0.83,-3.84,-3.84,4.18,32.89,-1.0,32.13,29.82,5.18,-1.32,-1.32,-1.32,-6.07
di-palm-b (owner),16,Satan 50 Lead,no-cab,15.22,palm,B2,123.8,-13.9,1.29,-1.72,-1.72,4.48,40.88,2.4,40.81,22.22,5.48,0.8,0.8,0.8,1.92
di-palm-b (owner),16,Satan 50 Lead,no-cab,15.71,palm,C#3,139.0,-12.2,0.69,-2.32,-2.32,4.68,38.52,0.97,39.29,16.57,5.68,0.2,0.2,0.2,-0.44
di-palm-b (owner),16,Satan 50 Lead,no-cab,16.26,palm,B1,62.0,-7.0,-1.49,-4.5,-4.5,3.67,22.8,-2.2,11.37,13.15,4.67,-1.98,-1.98,-1.98,-16.16
di-palm-b (owner),16,Satan 50 Lead,no-cab,16.4,palm,B1,61.0,-16.0,0.92,-2.09,-2.09,4.87,39.28,1.96,21.77,35.66,6.81,0.43,0.43,0.43,0.32
di-palm-b (owner),16,Satan 50 Lead,no-cab,17.24,palm,B2,123.8,-8.2,0.72,-2.29,-2.29,5.16,40.2,1.63,39.57,25.36,6.16,0.23,0.23,0.23,1.24
di-palm-b (owner),16,Satan 50 Lead,no-cab,17.85,palm,E2,84.2,-24.0,-0.67,-3.68,-3.68,4.13,33.27,-0.88,29.74,30.05,5.13,-1.16,-1.16,-1.16,-5.69
di-palm-b (owner),16,Satan 50 Lead,no-cab,18.04,palm,B1,63.2,-29.9,-2.03,-5.04,-5.04,2.85,17.22,-3.58,6.39,10.86,3.85,-2.52,-2.52,-2.52,-21.74
di-palm-b (owner),16,Satan 50 Lead,no-cab,18.2,palm,B1,61.2,-8.4,1.14,-1.87,-1.87,5.33,40.58,2.26,26.82,39.92,6.33,0.65,0.65,0.65,1.62
di-palm-b (owner),16,Satan 50 Lead,no-cab,18.76,palm,C2,65.2,-25.4,-0.8,-3.81,-3.81,3.94,23.56,-2.77,13.15,20.79,4.94,-1.29,-1.29,-1.29,-15.4
di-palm-b (owner),16,Satan 50 Lead,no-cab,19.12,palm,B2,124.5,-12.4,1.19,-1.82,-1.82,5.39,40.35,2.07,40.47,21.5,6.39,0.7,0.7,0.7,1.39
di-palm-b (owner),16,Satan 50 Lead,no-cab,19.93,palm,B1,61.0,-30.9,-1.77,-4.78,-4.78,2.62,20.08,-3.16,-1.63,13.49,3.62,-2.26,-2.26,-2.26,-18.88
di-palm-b (owner),16,Satan 50 Lead,no-cab,20.07,palm,B1,61.2,-7.7,-0.8,-3.81,-3.81,5.28,27.92,-0.54,20.54,18.71,6.28,-1.29,-1.29,-1.29,-11.04
di-palm-b (owner),16,Satan 50 Lead,no-cab,20.2,palm,B1,61.0,-18.3,0.99,-2.02,-2.02,4.45,39.38,1.88,23.66,38.28,5.45,0.5,0.5,0.5,0.42
di-palm-b (owner),16,Satan 50 Lead,no-cab,20.61,palm,B1,62.2,-33.4,-0.87,-3.88,-3.88,3.19,19.16,-3.26,11.06,15.75,4.19,-1.36,-1.36,-1.36,-19.8
di-palm-b (owner),16,Satan 50 Lead,no-cab,21.04,palm,B2,123.8,-12.3,1.06,-1.95,-1.95,4.92,40.4,1.93,40.51,16.02,5.92,0.57,0.57,0.57,1.44
di-palm-b (owner),16,Satan 50 Lead,no-cab,21.99,palm,B1,61.5,-7.7,0.36,-2.65,-2.65,4.94,38.89,0.99,20.43,33.4,5.94,-0.13,-0.13,-0.13,-0.07
di-palm-b (owner),16,Satan 50 Lead,no-cab,22.52,palm,C#2,69.0,-5.2,0.71,-2.3,-2.3,5.61,39.19,1.59,32.58,38.9,6.61,0.22,0.22,0.22,0.23
di-palm-b (owner),16,Satan 50 Lead,no-cab,23.05,palm,G2,99.5,-11.7,-0.01,-3.02,-3.02,5.14,33.82,-0.65,35.59,23.81,6.14,-0.5,-0.5,-0.5,-5.14
di-palm-b (owner),16,Satan 50 Lead,no-cab,23.79,palm,B1,61.5,-6.4,-1.07,-4.08,-4.08,3.6,27.39,-1.12,19.14,12.65,4.6,-1.56,-1.56,-1.56,-11.57
di-palm-b (owner),16,Satan 50 Lead,no-cab,23.94,palm,B1,61.2,-18.4,0.42,-2.59,-2.59,4.12,38.95,1.07,17.84,34.31,5.12,-0.07,-0.07,-0.07,-0.01
di-palm-b (owner),16,Satan 50 Lead,no-cab,24.3,palm,C#2,68.8,-7.9,1.08,-1.93,-1.93,5.92,40.31,2.19,28.53,40.17,6.92,0.59,0.59,0.59,1.35
di-palm-b (owner),16,Satan 50 Lead,no-cab,24.77,palm,D#2,77.5,-7.9,0.51,-2.5,-2.5,4.51,39.82,1.32,31.96,38.99,5.51,0.02,0.02,0.02,0.86
di-palm-b (owner),16,Satan 50 Lead,no-cab,25.14,palm,E2,82.0,-10.9,-0.28,-3.29,-3.29,5.66,33.64,-0.13,28.45,26.58,6.66,-0.77,-0.77,-0.77,-5.32
di-palm-b (owner),16,Satan 50 Lead,no-cab,25.38,palm,E2,83.5,-35.3,-0.13,-3.14,-3.14,5.59,34.12,0.24,32.68,19.97,6.59,-0.62,-0.62,-0.62,-4.84
di-palm-b (owner),16,Satan 50 Lead,no-cab,25.57,palm,F#2,92.5,-11.7,0.71,-2.3,-2.3,5.79,40.97,1.93,40.89,17.9,6.79,0.22,0.22,0.22,2.01
di-palm-b (owner),16,Satan 50 Lead,no-cab,25.99,palm,G#2,104.0,-10.8,0.99,-2.02,-2.02,5.11,41.17,2.18,41.2,22.46,6.11,0.5,0.5,0.5,2.21
di-palm-b (owner),16,Satan 50 Lead,no-cab,26.43,palm,A2,110.0,-15.6,-0.29,-3.3,-3.3,4.73,37.06,-0.28,36.97,27.34,5.73,-0.78,-0.78,-0.78,-1.9
di-palm-b (owner),16,Satan 50 Lead,no-cab,26.87,palm,B2,124.0,-19.4,0.76,-2.25,-2.25,5.25,39.93,1.38,40.09,20.35,6.25,0.27,0.27,0.27,0.97
di-palm-b (owner),16,Satan 50 Lead,no-cab,27.33,palm,C#3,138.5,-13.6,0.38,-2.63,-2.63,4.87,37.97,0.4,39.06,13.31,5.87,-0.11,-0.11,-0.11,-0.99
di-palm-b (owner),16,Satan 50 Lead,no-cab,28.04,palm,B1,61.5,-6.7,-1.05,-4.06,-4.06,3.81,28.18,-1.23,20.76,18.53,4.81,-1.54,-1.54,-1.54,-10.78
di-palm-b (owner),16,Satan 50 Lead,no-cab,28.23,palm,B1,61.0,-19.7,0.98,-2.03,-2.03,4.38,40.23,2.02,26.91,39.76,5.38,0.49,0.49,0.49,1.27
di-palm-b (owner),16,Satan 50 Lead,no-cab,28.59,palm,C#2,69.0,-6.1,0.69,-2.32,-2.32,5.98,39.1,1.43,25.89,39.21,6.98,0.2,0.2,0.2,0.14
di-palm-b (owner),16,Satan 50 Lead,no-cab,29.04,palm,D#2,77.8,-5.0,0.32,-2.69,-2.69,5.42,39.78,1.13,34.82,37.99,6.42,-0.17,-0.17,-0.17,0.82
di-palm-b (owner),16,Satan 50 Lead,no-cab,29.44,palm,E2,82.2,-13.4,-0.02,-3.03,-3.03,5.88,37.7,0.51,35.38,33.49,6.88,-0.51,-0.51,-0.51,-1.26
di-palm-b (owner),16,Satan 50 Lead,no-cab,29.85,palm,F#2,94.5,-12.6,-1.4,-4.41,-4.41,3.72,20.89,-1.07,19.52,11.18,4.72,-1.89,-1.89,-1.89,-18.07
di-palm-b (owner),4,Van Halen 1984,notch:123.5:4:-5,0.07,palm,A2,110.5,-14.8,-16.11,-21.42,-17.63,-5.86,15.97,-15.95,15.9,12.23,-0.0,0.2,1.27,1.0,-2.03
di-palm-b (owner),4,Van Halen 1984,notch:123.5:4:-5,0.41,palm,B2,123.8,-15.8,-15.16,-20.05,-16.85,-6.26,23.94,-14.25,23.93,6.41,-0.0,1.57,2.05,1.95,5.94
di-palm-b (owner),4,Van Halen 1984,notch:123.5:4:-5,0.79,palm,C#3,138.5,-14.6,-17.36,-20.63,-20.11,-6.67,17.45,-17.02,17.42,2.62,-0.0,0.99,-1.21,-0.25,-0.55
di-palm-b (owner),4,Van Halen 1984,notch:123.5:4:-5,1.11,ring,B1,61.0,-15.3,-17.95,-23.34,-19.43,-5.59,18.39,-17.64,5.55,15.87,-0.0,,,,0.39
di-palm-b (owner),4,Van Halen 1984,notch:123.5:4:-5,1.57,palm,C#2,68.5,-7.7,-17.64,-21.5,-19.94,-6.38,18.64,-17.32,5.54,18.39,-0.0,0.12,-1.04,-0.53,0.64
di-palm-b (owner),4,Van Halen 1984,notch:123.5:4:-5,1.96,palm,D#2,77.0,-8.0,-17.44,-21.4,-19.68,-7.04,19.13,-17.08,12.21,18.11,-0.0,0.22,-0.78,-0.33,1.13
di-palm-b (owner),4,Van Halen 1984,notch:123.5:4:-5,2.33,palm,E2,82.0,-11.6,-16.85,-21.88,-18.48,-5.82,17.46,-16.36,13.25,15.29,-0.0,-0.26,0.42,0.26,-0.54
di-palm-b (owner),4,Van Halen 1984,notch:123.5:4:-5,2.69,palm,F#2,92.2,-12.4,-19.44,-23.97,-21.33,-7.68,17.03,-18.87,14.88,12.88,-0.0,-2.35,-2.43,-2.33,-0.97
di-palm-b (owner),4,Van Halen 1984,notch:123.5:4:-5,3.06,palm,G#2,104.0,-11.5,-17.03,-21.67,-18.85,-6.23,21.12,-16.56,21.09,9.03,-0.0,-0.05,0.05,0.08,3.12
di-palm-b (owner),4,Van Halen 1984,notch:123.5:4:-5,3.43,palm,A2,110.0,-14.8,-16.73,-21.96,-18.27,-4.06,18.55,-16.69,18.5,12.6,-0.0,-0.34,0.63,0.38,0.55
di-palm-b (owner),4,Van Halen 1984,notch:123.5:4:-5,3.79,palm,B2,123.8,-13.6,-15.4,-20.42,-17.05,-6.53,23.44,-14.75,23.43,8.86,-0.0,1.2,1.85,1.71,5.44
di-palm-b (owner),4,Van Halen 1984,notch:123.5:4:-5,4.16,palm,C#3,138.5,-15.7,-17.26,-20.03,-20.53,-6.24,17.57,-16.66,17.54,0.82,-0.0,1.59,-1.63,-0.15,-0.43
di-palm-b (owner),4,Van Halen 1984,notch:123.5:4:-5,4.46,palm,B1,61.8,-7.5,-14.88,-20.09,-16.44,-5.29,12.15,-15.28,-9.98,7.58,-0.0,1.53,2.46,2.23,-5.85
di-palm-b (owner),4,Van Halen 1984,notch:123.5:4:-5,4.63,palm,B1,61.0,-19.1,-15.67,-20.74,-17.29,-5.27,19.85,-14.73,-1.07,18.97,-0.0,0.88,1.61,1.44,1.85
di-palm-b (owner),4,Van Halen 1984,notch:123.5:4:-5,4.9,palm,C#2,68.8,-13.5,-17.19,-21.0,-19.53,-4.73,18.02,-17.16,5.74,17.66,-0.0,0.62,-0.63,-0.08,0.02
di-palm-b (owner),4,Van Halen 1984,notch:123.5:4:-5,5.3,palm,D#2,77.2,-8.5,-16.88,-20.86,-19.09,-6.59,17.08,-16.51,8.71,16.38,-0.0,0.76,-0.19,0.23,-0.92
di-palm-b (owner),4,Van Halen 1984,notch:123.5:4:-5,5.64,palm,E2,82.2,-12.3,-17.19,-22.06,-18.9,-5.83,18.93,-16.77,13.96,17.0,-0.0,-0.44,0.0,-0.08,0.93
di-palm-b (owner),4,Van Halen 1984,notch:123.5:4:-5,6.0,palm,F#2,93.0,-10.2,-18.8,-23.64,-20.53,-4.39,16.73,-18.82,14.96,11.79,-0.0,-2.02,-1.63,-1.69,-1.27
di-palm-b (owner),4,Van Halen 1984,notch:123.5:4:-5,6.41,palm,G#2,104.0,-11.5,-16.93,-21.3,-18.91,-5.97,21.84,-16.01,21.83,7.34,-0.0,0.32,-0.01,0.18,3.84
di-palm-b (owner),4,Van Halen 1984,notch:123.5:4:-5,6.79,palm,A2,109.8,-13.3,-16.14,-21.38,-17.68,-5.61,20.22,-15.86,20.18,14.18,-0.0,0.24,1.22,0.97,2.22
di-palm-b (owner),4,Van Halen 1984,notch:123.5:4:-5,7.16,palm,B2,124.0,-10.4,-14.92,-19.82,-16.62,-4.93,24.05,-13.87,24.02,7.16,-0.0,1.8,2.28,2.19,6.05
di-palm-b (owner),4,Van Halen 1984,notch:123.5:4:-5,7.61,palm,C#3,138.5,-14.9,-18.1,-21.24,-20.98,-6.59,19.58,-17.64,19.87,3.48,-0.0,0.38,-2.08,-0.99,1.58
di-palm-b (owner),4,Van Halen 1984,notch:123.5:4:-5,8.06,palm,B1,61.5,-9.8,-15.06,-20.17,-16.66,-5.41,13.31,-15.21,-16.31,5.59,-0.0,1.45,2.24,2.05,-4.69
di-palm-b (owner),4,Van Halen 1984,notch:123.5:4:-5,8.22,ring,B1,61.0,-17.9,-17.98,-23.36,-19.47,-7.16,17.61,-16.91,6.23,16.23,-0.0,,,,-0.39
di-palm-b (owner),4,Van Halen 1984,notch:123.5:4:-5,8.71,palm,C#2,69.0,-3.2,-17.4,-21.04,-19.86,-6.84,19.06,-17.09,2.83,19.43,-0.0,0.58,-0.96,-0.29,1.06
di-palm-b (owner),4,Van Halen 1984,notch:123.5:4:-5,9.15,palm,D#2,77.2,-7.8,-16.86,-20.68,-19.2,-6.53,17.63,-16.42,7.04,17.23,-0.0,0.94,-0.3,0.25,-0.37
di-palm-b (owner),4,Van Halen 1984,notch:123.5:4:-5,9.48,palm,E2,82.2,-9.2,-17.12,-22.18,-18.75,-6.35,17.65,-16.84,13.84,15.11,-0.0,-0.56,0.15,-0.01,-0.35
di-palm-b (owner),4,Van Halen 1984,notch:123.5:4:-5,9.86,palm,F#2,93.0,-12.6,-19.22,-23.75,-21.11,-5.62,16.86,-18.63,15.14,11.98,-0.0,-2.13,-2.21,-2.11,-1.14
di-palm-b (owner),4,Van Halen 1984,notch:123.5:4:-5,10.3,palm,G#2,104.0,-8.2,-17.29,-21.63,-19.29,-7.15,21.51,-16.16,21.54,8.25,-0.0,-0.01,-0.39,-0.18,3.51
di-palm-b (owner),4,Van Halen 1984,notch:123.5:4:-5,10.74,palm,A2,110.0,-12.9,-16.62,-21.81,-18.18,-4.47,20.65,-16.06,20.63,11.65,-0.0,-0.19,0.72,0.49,2.65
di-palm-b (owner),4,Van Halen 1984,notch:123.5:4:-5,11.17,palm,B2,123.8,-13.3,-15.28,-20.32,-16.91,-5.17,23.6,-14.38,23.61,5.65,-0.0,1.3,1.99,1.83,5.6
di-palm-b (owner),4,Van Halen 1984,notch:123.5:4:-5,11.61,palm,C#3,139.0,-12.5,-17.91,-20.78,-21.07,-5.03,20.42,-17.37,20.44,2.63,-0.0,0.84,-2.17,-0.8,2.42
di-palm-b (owner),4,Van Halen 1984,notch:123.5:4:-5,12.02,palm,B1,61.5,-9.6,-15.13,-20.34,-16.69,-5.61,13.07,-15.41,-12.43,1.54,-0.0,1.28,2.21,1.98,-4.93
di-palm-b (owner),4,Van Halen 1984,notch:123.5:4:-5,12.17,palm,B1,61.0,-17.2,-18.1,-23.31,-19.66,-6.67,16.8,-17.45,7.81,13.76,-0.0,-1.69,-0.76,-0.99,-1.2
di-palm-b (owner),4,Van Halen 1984,notch:123.5:4:-5,12.56,palm,C#2,68.8,-5.9,-18.2,-22.08,-20.49,-6.04,15.63,-17.9,9.06,16.32,-0.0,-0.46,-1.59,-1.09,-2.37
di-palm-b (owner),4,Van Halen 1984,notch:123.5:4:-5,13.04,palm,D#2,77.5,-8.7,-17.8,-22.07,-19.83,-5.65,17.76,-17.34,14.71,14.96,-0.0,-0.45,-0.93,-0.69,-0.24
di-palm-b (owner),4,Van Halen 1984,notch:123.5:4:-5,13.45,palm,E2,82.5,-9.3,-17.0,-22.06,-18.63,-5.87,19.22,-16.4,13.61,18.63,-0.0,-0.44,0.27,0.11,1.22
di-palm-b (owner),4,Van Halen 1984,notch:123.5:4:-5,13.89,palm,F#2,93.0,-12.4,-19.86,-24.39,-21.75,-5.64,16.78,-19.33,15.0,12.08,-0.0,-2.77,-2.85,-2.75,-1.22
di-palm-b (owner),4,Van Halen 1984,notch:123.5:4:-5,14.35,palm,G#2,104.0,-10.7,-17.11,-21.45,-19.11,-6.33,21.68,-16.23,21.74,7.19,-0.0,0.17,-0.21,0.0,3.68
di-palm-b (owner),4,Van Halen 1984,notch:123.5:4:-5,14.78,palm,A2,109.5,-13.7,-16.66,-21.8,-18.24,-5.95,20.49,-16.07,20.23,10.31,-0.0,-0.18,0.66,0.45,2.49
di-palm-b (owner),4,Van Halen 1984,notch:123.5:4:-5,15.22,palm,B2,123.8,-13.9,-14.91,-19.85,-16.59,-5.4,24.03,-13.89,23.87,7.44,-0.0,1.77,2.31,2.2,6.03
di-palm-b (owner),4,Van Halen 1984,notch:123.5:4:-5,15.71,palm,C#3,139.0,-12.2,-17.88,-20.87,-20.91,-6.39,19.37,-17.47,20.18,2.55,-0.0,0.75,-2.01,-0.77,1.37
di-palm-b (owner),4,Van Halen 1984,notch:123.5:4:-5,16.26,palm,B1,62.0,-7.0,-14.93,-20.11,-16.51,-5.63,12.29,-15.27,-8.76,7.94,-0.0,1.51,2.39,2.18,-5.71
di-palm-b (owner),4,Van Halen 1984,notch:123.5:4:-5,16.4,palm,B1,61.0,-16.0,-15.72,-20.84,-17.32,-7.7,22.75,-14.47,0.8,22.48,-0.0,0.78,1.58,1.39,4.75
di-palm-b (owner),4,Van Halen 1984,notch:123.5:4:-5,17.24,palm,B2,123.8,-8.2,-14.77,-19.76,-16.43,-5.92,23.99,-13.92,23.69,5.38,-0.0,1.86,2.47,2.34,5.99
di-palm-b (owner),4,Van Halen 1984,notch:123.5:4:-5,17.85,palm,E2,84.2,-24.0,-18.46,-22.97,-20.35,-6.53,15.31,-18.1,10.99,12.66,-0.0,-1.35,-1.45,-1.35,-2.69
di-palm-b (owner),4,Van Halen 1984,notch:123.5:4:-5,18.04,palm,B1,63.2,-29.9,-17.04,-22.47,-18.51,-5.6,4.04,-17.81,-6.72,-1.48,-0.0,-0.85,0.39,0.07,-13.96
di-palm-b (owner),4,Van Halen 1984,notch:123.5:4:-5,18.2,palm,B1,61.2,-8.4,-16.03,-21.28,-17.57,-5.51,22.35,-15.16,-0.2,22.5,-0.0,0.34,1.33,1.08,4.35
di-palm-b (owner),4,Van Halen 1984,notch:123.5:4:-5,18.76,palm,C2,65.2,-25.4,-20.52,-25.61,-22.13,-6.44,6.43,-21.65,0.23,3.54,-0.0,-3.99,-3.23,-3.41,-11.57
di-palm-b (owner),4,Van Halen 1984,notch:123.5:4:-5,19.12,palm,B2,124.5,-12.4,-15.02,-19.96,-16.7,-6.45,24.02,-13.98,23.87,3.0,-0.0,1.66,2.2,2.09,6.02
di-palm-b (owner),4,Van Halen 1984,notch:123.5:4:-5,19.93,palm,B1,61.0,-30.9,-16.81,-22.2,-18.29,-7.92,5.68,-17.42,-6.79,2.38,-0.0,-0.58,0.61,0.3,-12.32
di-palm-b (owner),4,Van Halen 1984,notch:123.5:4:-5,20.07,palm,B1,61.2,-7.7,-14.78,-20.25,-16.24,-6.88,15.11,-14.65,-8.26,10.79,-0.0,1.37,2.66,2.33,-2.89
di-palm-b (owner),4,Van Halen 1984,notch:123.5:4:-5,20.2,palm,B1,61.0,-18.3,-16.24,-21.32,-17.86,-7.96,22.89,-15.04,0.14,22.28,-0.0,0.3,1.04,0.87,4.89
di-palm-b (owner),4,Van Halen 1984,notch:123.5:4:-5,20.61,palm,B1,62.2,-33.4,-19.05,-24.91,-20.35,-8.49,-2.56,-21.07,-17.82,-6.66,-0.0,-3.29,-1.45,-1.94,-20.56
di-palm-b (owner),4,Van Halen 1984,notch:123.5:4:-5,21.04,palm,B2,123.8,-12.3,-15.0,-19.99,-16.65,-5.86,24.02,-13.98,23.9,2.43,-0.0,1.63,2.25,2.11,6.02
di-palm-b (owner),4,Van Halen 1984,notch:123.5:4:-5,21.99,palm,B1,61.5,-7.7,-16.39,-21.69,-17.91,-5.26,21.31,-15.9,3.0,20.82,-0.0,-0.07,0.99,0.72,3.31
di-palm-b (owner),4,Van Halen 1984,notch:123.5:4:-5,22.52,palm,C#2,69.0,-5.2,-19.63,-23.63,-21.84,-4.96,14.41,-19.45,9.91,13.68,-0.0,-2.01,-2.94,-2.52,-3.59
di-palm-b (owner),4,Van Halen 1984,notch:123.5:4:-5,23.05,palm,G2,99.5,-11.7,-20.84,-25.55,-22.63,-7.5,13.89,-20.53,14.89,7.42,-0.0,-3.93,-3.73,-3.73,-4.11
di-palm-b (owner),4,Van Halen 1984,notch:123.5:4:-5,23.79,palm,B1,61.5,-6.4,-14.39,-19.77,-15.88,-5.18,14.01,-14.82,-18.16,9.22,-0.0,1.85,3.02,2.72,-3.99
di-palm-b (owner),4,Van Halen 1984,notch:123.5:4:-5,23.94,palm,B1,61.2,-18.4,-16.76,-21.83,-18.38,-6.79,21.51,-15.74,4.27,20.05,-0.0,-0.21,0.52,0.35,3.51
di-palm-b (owner),4,Van Halen 1984,notch:123.5:4:-5,24.3,palm,C#2,68.8,-7.9,-18.67,-22.16,-21.26,-6.32,16.39,-18.21,8.36,17.1,-0.0,-0.54,-2.36,-1.56,-1.61
di-palm-b (owner),4,Van Halen 1984,notch:123.5:4:-5,24.77,palm,D#2,77.5,-7.9,-17.66,-21.67,-19.86,-5.14,18.82,-17.1,14.03,17.04,-0.0,-0.05,-0.96,-0.55,0.82
di-palm-b (owner),4,Van Halen 1984,notch:123.5:4:-5,25.14,palm,E2,82.0,-10.9,-18.04,-22.92,-19.75,-5.85,15.66,-17.65,9.4,7.78,-0.0,-1.3,-0.85,-0.93,-2.34
di-palm-b (owner),4,Van Halen 1984,notch:123.5:4:-5,25.38,palm,E2,83.5,-35.3,-19.95,-24.16,-22.02,-8.46,13.4,-19.41,11.31,7.04,-0.0,-2.54,-3.12,-2.84,-4.6
di-palm-b (owner),4,Van Halen 1984,notch:123.5:4:-5,25.57,palm,F#2,92.5,-11.7,-19.32,-23.91,-21.17,-5.12,16.89,-18.88,14.92,12.43,-0.0,-2.29,-2.27,-2.21,-1.11
di-palm-b (owner),4,Van Halen 1984,notch:123.5:4:-5,25.99,palm,G#2,104.0,-10.8,-17.32,-21.62,-19.34,-7.29,21.51,-16.36,21.56,8.36,-0.0,0.0,-0.44,-0.21,3.51
di-palm-b (owner),4,Van Halen 1984,notch:123.5:4:-5,26.43,palm,A2,110.0,-15.6,-17.13,-22.2,-18.75,-6.37,21.04,-16.49,21.02,8.0,-0.0,-0.58,0.15,-0.02,3.04
di-palm-b (owner),4,Van Halen 1984,notch:123.5:4:-5,26.87,palm,B2,124.0,-19.4,-15.19,-20.16,-16.86,-5.6,23.99,-14.16,23.97,3.03,-0.0,1.46,2.04,1.92,5.99
di-palm-b (owner),4,Van Halen 1984,notch:123.5:4:-5,27.33,palm,C#3,138.5,-13.6,-18.66,-21.83,-21.52,-6.32,18.35,-18.19,19.55,0.53,-0.0,-0.21,-2.62,-1.55,0.35
di-palm-b (owner),4,Van Halen 1984,notch:123.5:4:-5,28.04,palm,B1,61.5,-6.7,-15.21,-20.37,-16.79,-5.21,16.02,-15.42,-4.49,13.43,-0.0,1.25,2.11,1.9,-1.98
di-palm-b (owner),4,Van Halen 1984,notch:123.5:4:-5,28.23,palm,B1,61.0,-19.7,-15.73,-20.77,-17.36,-7.69,22.79,-14.72,0.97,22.2,-0.0,0.85,1.54,1.38,4.79
di-palm-b (owner),4,Van Halen 1984,notch:123.5:4:-5,28.59,palm,C#2,69.0,-6.1,-18.77,-22.55,-21.12,-6.42,16.1,-18.32,9.57,16.15,-0.0,-0.93,-2.22,-1.66,-1.9
di-palm-b (owner),4,Van Halen 1984,notch:123.5:4:-5,29.04,palm,D#2,77.8,-5.0,-17.71,-22.05,-19.71,-6.32,17.5,-17.4,15.26,13.36,-0.0,-0.43,-0.81,-0.6,-0.5
di-palm-b (owner),4,Van Halen 1984,notch:123.5:4:-5,29.44,palm,E2,82.2,-13.4,-17.35,-22.25,-19.06,-5.42,18.54,-16.77,14.51,16.28,-0.0,-0.63,-0.16,-0.24,0.54
di-palm-b (owner),4,Van Halen 1984,notch:123.5:4:-5,29.85,palm,F#2,94.5,-12.6,-17.24,-22.7,-18.69,-5.56,11.07,-17.24,7.21,8.56,-0.0,-1.08,0.21,-0.13,-6.93
di-palm-b (owner),16,Satan 50 Lead,notch:123.5:4:-5,0.07,palm,A2,110.5,-14.8,-12.43,-15.44,-15.44,-4.08,15.09,-12.26,13.93,14.75,-0.0,-3.23,-3.23,-3.23,-17.29
di-palm-b (owner),16,Satan 50 Lead,notch:123.5:4:-5,0.41,palm,B2,123.8,-15.8,-8.32,-11.33,-11.33,-2.95,32.27,-7.13,32.26,12.66,-0.0,0.88,0.88,0.88,-0.11
di-palm-b (owner),16,Satan 50 Lead,notch:123.5:4:-5,0.79,palm,C#3,138.5,-14.6,-8.63,-11.64,-11.64,-2.67,28.63,-7.67,28.61,9.96,-0.0,0.57,0.57,0.57,-3.75
di-palm-b (owner),16,Satan 50 Lead,notch:123.5:4:-5,1.11,ring,B1,61.0,-15.3,-7.24,-10.25,-10.25,-1.62,32.69,-6.32,-9.65,23.6,-0.0,,,,0.31
di-palm-b (owner),16,Satan 50 Lead,notch:123.5:4:-5,1.57,palm,C#2,68.5,-7.7,-8.04,-11.05,-11.05,-2.02,32.09,-6.98,0.49,32.05,-0.0,1.16,1.16,1.16,-0.29
di-palm-b (owner),16,Satan 50 Lead,notch:123.5:4:-5,1.96,palm,D#2,77.0,-8.0,-6.4,-9.41,-9.41,-0.7,33.95,-5.36,9.19,33.91,0.3,2.8,2.8,2.8,1.57
di-palm-b (owner),16,Satan 50 Lead,notch:123.5:4:-5,2.33,palm,E2,82.0,-11.6,-9.82,-12.84,-12.84,-3.13,27.89,-9.11,12.53,27.72,0.0,-0.63,-0.63,-0.62,-4.49
di-palm-b (owner),16,Satan 50 Lead,notch:123.5:4:-5,2.69,palm,F#2,92.2,-12.4,-13.93,-16.94,-16.94,-3.74,22.51,-13.25,21.68,13.85,0.0,-4.73,-4.73,-4.73,-9.87
di-palm-b (owner),16,Satan 50 Lead,notch:123.5:4:-5,3.06,palm,G#2,104.0,-11.5,-12.31,-15.32,-15.32,-4.54,26.74,-11.5,26.54,11.98,0.0,-3.11,-3.11,-3.11,-5.64
di-palm-b (owner),16,Satan 50 Lead,notch:123.5:4:-5,3.43,palm,A2,110.0,-14.8,-12.69,-15.7,-15.7,-5.31,18.56,-12.55,17.64,20.86,0.0,-3.49,-3.49,-3.49,-13.82
di-palm-b (owner),16,Satan 50 Lead,notch:123.5:4:-5,3.79,palm,B2,123.8,-13.6,-9.2,-12.21,-12.21,-2.76,31.32,-8.18,31.29,16.24,0.0,0.0,0.0,0.0,-1.06
di-palm-b (owner),16,Satan 50 Lead,notch:123.5:4:-5,4.16,palm,C#3,138.5,-15.7,-7.44,-10.45,-10.45,-2.87,29.56,-6.28,29.56,-0.35,0.0,1.76,1.76,1.76,-2.82
di-palm-b (owner),16,Satan 50 Lead,notch:123.5:4:-5,4.46,palm,B1,61.8,-7.5,-10.46,-13.47,-13.47,-2.56,15.81,-10.13,-13.52,8.12,0.0,-1.26,-1.26,-1.26,-16.57
di-palm-b (owner),16,Satan 50 Lead,notch:123.5:4:-5,4.63,palm,B1,61.0,-19.1,-7.93,-10.94,-10.94,-1.82,28.22,-7.03,-13.68,23.14,0.0,1.27,1.27,1.27,-4.16
di-palm-b (owner),16,Satan 50 Lead,notch:123.5:4:-5,4.9,palm,C#2,68.8,-13.5,-8.03,-11.04,-11.04,-2.28,32.23,-6.95,0.29,32.19,0.0,1.17,1.17,1.17,-0.15
di-palm-b (owner),16,Satan 50 Lead,notch:123.5:4:-5,5.3,palm,D#2,77.2,-8.5,-6.17,-9.18,-9.18,-1.55,31.38,-5.13,1.52,31.36,0.0,3.03,3.03,3.03,-1.0
di-palm-b (owner),16,Satan 50 Lead,notch:123.5:4:-5,5.64,palm,E2,82.2,-12.3,-10.44,-13.45,-13.45,-3.66,26.82,-9.85,12.77,26.39,0.0,-1.24,-1.24,-1.24,-5.56
di-palm-b (owner),16,Satan 50 Lead,notch:123.5:4:-5,6.0,palm,F#2,93.0,-10.2,-13.85,-16.86,-16.86,-5.37,22.93,-13.53,20.93,18.54,0.0,-4.65,-4.65,-4.65,-9.45
di-palm-b (owner),16,Satan 50 Lead,notch:123.5:4:-5,6.41,palm,G#2,104.0,-11.5,-11.51,-14.52,-14.52,-3.27,27.11,-10.36,27.04,12.09,0.0,-2.31,-2.31,-2.31,-5.27
di-palm-b (owner),16,Satan 50 Lead,notch:123.5:4:-5,6.79,palm,A2,109.8,-13.3,-11.86,-14.88,-14.88,-3.88,22.36,-11.53,21.06,19.92,0.0,-2.67,-2.67,-2.66,-10.02
di-palm-b (owner),16,Satan 50 Lead,notch:123.5:4:-5,7.16,palm,B2,124.0,-10.4,-8.0,-11.01,-11.01,-2.6,32.1,-6.77,32.03,15.65,0.0,1.2,1.2,1.2,-0.28
di-palm-b (owner),16,Satan 50 Lead,notch:123.5:4:-5,7.61,palm,C#3,138.5,-14.9,-9.01,-12.02,-12.02,-2.95,31.13,-8.14,31.42,6.26,0.0,0.19,0.19,0.19,-1.25
di-palm-b (owner),16,Satan 50 Lead,notch:123.5:4:-5,8.06,palm,B1,61.5,-9.8,-9.2,-12.21,-12.21,-2.21,19.82,-8.57,-11.67,8.92,0.0,0.0,0.0,0.0,-12.56
di-palm-b (owner),16,Satan 50 Lead,notch:123.5:4:-5,8.22,ring,B1,61.0,-17.9,-6.21,-9.22,-9.22,-1.6,32.07,-5.15,-11.68,25.88,0.0,,,,-0.31
di-palm-b (owner),16,Satan 50 Lead,notch:123.5:4:-5,8.71,palm,C#2,69.0,-3.2,-7.99,-11.0,-11.0,-2.35,32.04,-6.92,-0.11,32.08,0.0,1.21,1.21,1.21,-0.34
di-palm-b (owner),16,Satan 50 Lead,notch:123.5:4:-5,9.15,palm,D#2,77.2,-7.8,-5.92,-8.93,-8.93,-1.41,31.44,-4.86,3.03,31.41,0.0,3.28,3.28,3.28,-0.94
di-palm-b (owner),16,Satan 50 Lead,notch:123.5:4:-5,9.48,palm,E2,82.2,-9.2,-10.43,-13.44,-13.44,-3.12,27.26,-9.86,12.52,26.95,0.0,-1.23,-1.23,-1.23,-5.12
di-palm-b (owner),16,Satan 50 Lead,notch:123.5:4:-5,9.86,palm,F#2,93.0,-12.6,-10.96,-13.97,-13.97,-2.64,24.41,-10.07,21.44,22.61,0.0,-1.76,-1.76,-1.76,-7.97
di-palm-b (owner),16,Satan 50 Lead,notch:123.5:4:-5,10.3,palm,G#2,104.0,-8.2,-11.45,-14.46,-14.46,-5.46,27.02,-10.21,26.96,13.49,0.0,-2.25,-2.25,-2.25,-5.36
di-palm-b (owner),16,Satan 50 Lead,notch:123.5:4:-5,10.74,palm,A2,110.0,-12.9,-10.61,-13.62,-13.62,-2.49,28.73,-9.65,28.37,20.67,0.0,-1.41,-1.41,-1.41,-3.65
di-palm-b (owner),16,Satan 50 Lead,notch:123.5:4:-5,11.17,palm,B2,123.8,-13.3,-9.07,-12.08,-12.08,-2.82,30.85,-8.04,30.79,17.47,0.0,0.13,0.13,0.13,-1.53
di-palm-b (owner),16,Satan 50 Lead,notch:123.5:4:-5,11.61,palm,C#3,139.0,-12.5,-8.55,-11.56,-11.56,-2.93,31.96,-7.58,32.02,2.27,0.0,0.65,0.65,0.65,-0.42
di-palm-b (owner),16,Satan 50 Lead,notch:123.5:4:-5,12.02,palm,B1,61.5,-9.6,-10.2,-13.21,-13.21,-2.19,18.57,-9.66,-13.75,10.17,0.0,-1.0,-1.0,-1.0,-13.81
di-palm-b (owner),16,Satan 50 Lead,notch:123.5:4:-5,12.17,palm,B1,61.0,-17.2,-7.41,-10.42,-10.42,-1.9,31.62,-6.36,-5.36,29.94,0.0,1.79,1.79,1.79,-0.76
di-palm-b (owner),16,Satan 50 Lead,notch:123.5:4:-5,12.56,palm,C#2,68.8,-5.9,-7.83,-10.84,-10.84,-1.37,31.29,-6.74,5.04,31.81,0.0,1.37,1.37,1.37,-1.09
di-palm-b (owner),16,Satan 50 Lead,notch:123.5:4:-5,13.04,palm,D#2,77.5,-8.7,-7.21,-10.22,-10.22,-1.35,32.9,-6.21,13.89,32.96,0.0,1.99,1.99,1.99,0.52
di-palm-b (owner),16,Satan 50 Lead,notch:123.5:4:-5,13.45,palm,E2,82.5,-9.3,-9.26,-12.27,-12.27,-2.72,29.22,-8.47,12.26,29.62,0.0,-0.06,-0.06,-0.06,-3.16
di-palm-b (owner),16,Satan 50 Lead,notch:123.5:4:-5,13.89,palm,F#2,93.0,-12.4,-14.15,-17.16,-17.16,-5.28,22.19,-13.7,21.0,15.52,0.0,-4.95,-4.95,-4.95,-10.19
di-palm-b (owner),16,Satan 50 Lead,notch:123.5:4:-5,14.35,palm,G#2,104.0,-10.7,-11.13,-14.14,-14.14,-2.54,26.84,-10.09,26.79,16.52,0.0,-1.93,-1.93,-1.93,-5.54
di-palm-b (owner),16,Satan 50 Lead,notch:123.5:4:-5,14.78,palm,A2,109.5,-13.7,-11.29,-14.3,-14.3,-3.34,21.73,-10.82,20.89,23.76,0.0,-2.09,-2.09,-2.09,-10.65
di-palm-b (owner),16,Satan 50 Lead,notch:123.5:4:-5,15.22,palm,B2,123.8,-13.9,-7.59,-10.6,-10.6,-3.28,32.36,-6.31,32.24,15.04,0.0,1.61,1.61,1.61,-0.02
di-palm-b (owner),16,Satan 50 Lead,notch:123.5:4:-5,15.71,palm,C#3,139.0,-12.2,-8.64,-11.65,-11.65,-3.06,30.54,-7.71,31.28,8.4,0.0,0.56,0.56,0.56,-1.84
di-palm-b (owner),16,Satan 50 Lead,notch:123.5:4:-5,16.26,palm,B1,62.0,-7.0,-11.22,-14.23,-14.23,-3.34,15.67,-10.95,-16.56,5.46,0.0,-2.02,-2.02,-2.02,-16.71
di-palm-b (owner),16,Satan 50 Lead,notch:123.5:4:-5,16.4,palm,B1,61.0,-16.0,-6.22,-9.23,-9.23,-1.58,32.45,-5.14,-9.48,27.04,0.0,2.98,2.98,2.98,0.07
di-palm-b (owner),16,Satan 50 Lead,notch:123.5:4:-5,17.24,palm,B2,123.8,-8.2,-8.5,-11.51,-11.51,-2.54,31.54,-7.31,30.73,17.81,0.0,0.7,0.7,0.7,-0.84
di-palm-b (owner),16,Satan 50 Lead,notch:123.5:4:-5,17.85,palm,E2,84.2,-24.0,-10.7,-13.71,-13.71,-2.76,25.14,-10.22,10.79,24.56,0.0,-1.5,-1.5,-1.5,-7.24
di-palm-b (owner),16,Satan 50 Lead,notch:123.5:4:-5,18.04,palm,B1,63.2,-29.9,-14.31,-17.32,-17.32,-7.15,9.65,-15.08,-22.48,2.61,0.0,-5.11,-5.11,-5.11,-22.73
di-palm-b (owner),16,Satan 50 Lead,notch:123.5:4:-5,18.2,palm,B1,61.2,-8.4,-7.41,-10.42,-10.42,-1.78,32.11,-6.2,-4.94,31.36,0.0,1.79,1.79,1.79,-0.27
di-palm-b (owner),16,Satan 50 Lead,notch:123.5:4:-5,18.76,palm,C2,65.2,-25.4,-13.44,-16.45,-16.45,-5.06,15.61,-14.46,-13.11,12.69,0.0,-4.24,-4.24,-4.24,-16.77
di-palm-b (owner),16,Satan 50 Lead,notch:123.5:4:-5,19.12,palm,B2,124.5,-12.4,-8.16,-11.17,-11.17,-2.67,31.6,-6.96,31.8,13.86,0.0,1.04,1.04,1.04,-0.78
di-palm-b (owner),16,Satan 50 Lead,notch:123.5:4:-5,19.93,palm,B1,61.0,-30.9,-13.49,-16.5,-16.5,-7.55,13.05,-13.97,-27.09,4.16,0.0,-4.29,-4.29,-4.29,-19.33
di-palm-b (owner),16,Satan 50 Lead,notch:123.5:4:-5,20.07,palm,B1,61.2,-7.7,-8.57,-11.58,-11.58,-3.81,22.01,-7.81,-10.12,11.05,0.0,0.63,0.63,0.63,-10.37
di-palm-b (owner),16,Satan 50 Lead,notch:123.5:4:-5,20.2,palm,B1,61.0,-18.3,-6.86,-9.87,-9.87,-1.28,31.56,-5.78,-8.3,29.58,0.0,2.34,2.34,2.34,-0.82
di-palm-b (owner),16,Satan 50 Lead,notch:123.5:4:-5,20.61,palm,B1,62.2,-33.4,-14.11,-17.12,-17.12,-8.32,10.82,-16.11,-20.72,7.32,0.0,-4.91,-4.91,-4.91,-21.56
di-palm-b (owner),16,Satan 50 Lead,notch:123.5:4:-5,21.04,palm,B2,123.8,-12.3,-8.1,-11.11,-11.11,-2.96,31.94,-6.87,31.9,11.03,0.0,1.1,1.1,1.1,-0.44
di-palm-b (owner),16,Satan 50 Lead,notch:123.5:4:-5,21.99,palm,B1,61.5,-7.7,-7.16,-10.17,-10.17,-1.51,32.41,-6.16,-9.58,25.45,0.0,2.04,2.04,2.04,0.03
di-palm-b (owner),16,Satan 50 Lead,notch:123.5:4:-5,22.52,palm,C#2,69.0,-5.2,-8.56,-11.57,-11.57,-2.4,29.78,-7.6,7.11,30.93,0.0,0.64,0.64,0.64,-2.6
di-palm-b (owner),16,Satan 50 Lead,notch:123.5:4:-5,23.05,palm,G2,99.5,-11.7,-12.28,-15.29,-15.29,-3.2,19.25,-12.38,18.27,19.51,0.0,-3.08,-3.08,-3.08,-13.13
di-palm-b (owner),16,Satan 50 Lead,notch:123.5:4:-5,23.79,palm,B1,61.5,-6.4,-9.22,-12.23,-12.23,-2.41,21.49,-8.58,-10.53,3.79,0.0,-0.02,-0.02,-0.02,-10.89
di-palm-b (owner),16,Satan 50 Lead,notch:123.5:4:-5,23.94,palm,B1,61.2,-18.4,-6.4,-9.41,-9.41,-2.08,32.9,-5.42,-13.44,25.79,0.0,2.8,2.8,2.8,0.52
di-palm-b (owner),16,Satan 50 Lead,notch:123.5:4:-5,24.3,palm,C#2,68.8,-7.9,-7.93,-10.94,-10.94,-1.32,31.63,-6.82,2.78,32.18,0.0,1.27,1.27,1.27,-0.75
di-palm-b (owner),16,Satan 50 Lead,notch:123.5:4:-5,24.77,palm,D#2,77.5,-7.9,-6.74,-9.75,-9.75,-1.18,33.76,-5.71,11.12,33.7,0.0,2.46,2.46,2.46,1.38
di-palm-b (owner),16,Satan 50 Lead,notch:123.5:4:-5,25.14,palm,E2,82.0,-10.9,-11.33,-14.34,-14.34,-3.87,24.6,-10.71,8.96,20.98,0.0,-2.13,-2.13,-2.13,-7.78
di-palm-b (owner),16,Satan 50 Lead,notch:123.5:4:-5,25.38,palm,E2,83.5,-35.3,-12.61,-15.62,-15.62,-4.77,21.31,-12.25,14.39,14.1,0.0,-3.41,-3.41,-3.41,-11.07
di-palm-b (owner),16,Satan 50 Lead,notch:123.5:4:-5,25.57,palm,F#2,92.5,-11.7,-14.42,-17.43,-17.43,-5.48,22.11,-14.02,21.31,13.64,0.0,-5.22,-5.22,-5.22,-10.27
di-palm-b (owner),16,Satan 50 Lead,notch:123.5:4:-5,25.99,palm,G#2,104.0,-10.8,-11.23,-14.24,-14.24,-2.42,26.88,-10.18,26.83,17.59,0.0,-2.03,-2.03,-2.03,-5.5
di-palm-b (owner),16,Satan 50 Lead,notch:123.5:4:-5,26.43,palm,A2,110.0,-15.6,-11.73,-14.74,-14.74,-3.21,26.04,-11.17,25.83,21.08,0.0,-2.53,-2.53,-2.53,-6.34
di-palm-b (owner),16,Satan 50 Lead,notch:123.5:4:-5,26.87,palm,B2,124.0,-19.4,-8.75,-11.76,-11.76,-2.61,31.42,-7.64,31.55,13.04,0.0,0.45,0.45,0.45,-0.96
di-palm-b (owner),16,Satan 50 Lead,notch:123.5:4:-5,27.33,palm,C#3,138.5,-13.6,-9.31,-12.32,-12.32,-2.58,30.0,-8.5,31.05,5.69,0.0,-0.11,-0.11,-0.11,-2.38
di-palm-b (owner),16,Satan 50 Lead,notch:123.5:4:-5,28.04,palm,B1,61.5,-6.7,-9.97,-12.98,-12.98,-1.95,21.79,-9.42,-8.61,10.07,0.0,-0.77,-0.77,-0.77,-10.59
di-palm-b (owner),16,Satan 50 Lead,notch:123.5:4:-5,28.23,palm,B1,61.0,-19.7,-7.66,-10.67,-10.67,-2.02,31.89,-6.44,-4.08,31.22,0.0,1.54,1.54,1.54,-0.49
di-palm-b (owner),16,Satan 50 Lead,notch:123.5:4:-5,28.59,palm,C#2,69.0,-6.1,-8.54,-11.55,-11.55,-2.72,30.75,-7.55,0.06,31.26,0.0,0.66,0.66,0.66,-1.63
di-palm-b (owner),16,Satan 50 Lead,notch:123.5:4:-5,29.04,palm,D#2,77.8,-5.0,-7.39,-10.4,-10.4,-1.68,32.87,-6.39,14.28,32.78,0.0,1.81,1.81,1.81,0.49
di-palm-b (owner),16,Satan 50 Lead,notch:123.5:4:-5,29.44,palm,E2,82.2,-13.4,-10.06,-13.07,-13.07,-2.64,27.67,-9.34,15.92,27.43,0.0,-0.86,-0.86,-0.86,-4.71
di-palm-b (owner),16,Satan 50 Lead,notch:123.5:4:-5,29.85,palm,F#2,94.5,-12.6,-13.27,-16.28,-16.28,-5.7,10.11,-12.9,1.93,7.01,0.0,-4.07,-4.07,-4.07,-22.27
synthetic sweep,0,Maiden Heavy,as-is,0.5,palm,B1,61.7,,-10.96,-11.71,-18.94,0.54,25.89,-9.55,18.82,25.96,1.54,-1.3,-5.03,-2.01,0.09
synthetic sweep,0,Maiden Heavy,as-is,1.1,palm,C2,65.4,,-12.13,-12.84,-20.3,-1.41,26.05,-10.75,18.32,25.96,0.0,-2.43,-6.39,-3.18,0.25
synthetic sweep,0,Maiden Heavy,as-is,1.7000000000000002,palm,C#2,69.3,,-10.67,-11.39,-18.85,0.38,26.05,-9.21,21.69,26.65,1.38,-0.98,-4.94,-1.72,0.25
synthetic sweep,0,Maiden Heavy,as-is,2.3000000000000003,palm,D2,73.4,,-10.25,-10.74,-19.99,-0.39,26.28,-8.89,21.28,27.04,0.61,-0.33,-6.08,-1.3,0.48
synthetic sweep,0,Maiden Heavy,as-is,2.9000000000000004,palm,D#2,77.8,,-11.64,-12.67,-18.37,-1.51,26.47,-10.11,24.37,23.52,0.0,-2.26,-4.46,-2.69,0.66
synthetic sweep,0,Maiden Heavy,as-is,3.5000000000000004,palm,E2,82.4,,-11.08,-12.0,-18.25,-0.52,26.84,-9.53,25.98,22.92,0.48,-1.59,-4.34,-2.13,1.04
synthetic sweep,0,Maiden Heavy,as-is,4.1000000000000005,palm,F2,87.3,,-11.47,-12.27,-19.18,-1.27,26.51,-10.02,25.0,23.61,0.0,-1.86,-5.27,-2.52,0.71
synthetic sweep,0,Maiden Heavy,as-is,4.7,palm,F#2,92.5,,-8.99,-10.14,-15.33,-1.27,30.47,-7.36,29.07,24.71,0.0,0.27,-1.42,-0.04,4.66
synthetic sweep,0,Maiden Heavy,as-is,5.3,palm,G2,98.0,,-8.95,-10.44,-14.32,-2.11,31.1,-7.21,30.92,17.67,0.0,-0.03,-0.41,0.0,5.3
synthetic sweep,0,Maiden Heavy,as-is,5.8999999999999995,palm,G#2,103.8,,-6.93,-8.62,-11.82,-1.27,33.11,-5.23,32.72,17.55,0.0,1.79,2.09,2.02,7.3
synthetic sweep,0,Maiden Heavy,as-is,6.499999999999999,palm,A2,110.0,,-7.74,-8.95,-13.91,-1.6,31.77,-6.19,31.7,18.55,0.0,1.46,0.0,1.21,5.96
synthetic sweep,0,Maiden Heavy,as-is,7.099999999999999,palm,A#2,116.5,,-5.94,-6.91,-12.94,-0.4,33.91,-4.45,33.64,17.04,0.6,3.5,0.97,3.01,8.1
synthetic sweep,0,Maiden Heavy,as-is,7.699999999999998,palm,B2,123.5,,-6.04,-7.0,-13.08,0.37,33.3,-4.64,33.54,12.46,1.37,3.41,0.83,2.91,7.49
synthetic sweep,0,Maiden Heavy,as-is,8.299999999999999,palm,C3,130.8,,-5.74,-6.74,-12.62,-0.5,33.98,-4.41,34.12,11.35,0.5,3.67,1.29,3.21,8.17
synthetic sweep,0,Maiden Heavy,as-is,8.899999999999999,palm,C#3,138.6,,-5.03,-5.85,-12.67,0.76,34.12,-3.78,34.39,12.71,1.76,4.56,1.24,3.92,8.31
synthetic sweep,0,Maiden Heavy,as-is,9.499999999999998,palm,D3,146.8,,-5.63,-6.65,-12.44,-0.68,33.42,-4.44,33.39,9.07,0.32,3.76,1.47,3.32,7.62
synthetic sweep,0,Maiden Heavy,as-is,10.099999999999998,palm,D#3,155.6,,-6.39,-7.48,-12.93,-0.53,32.28,-5.26,32.32,10.03,0.47,2.93,0.98,2.56,6.48
synthetic sweep,0,Maiden Heavy,as-is,10.699999999999998,palm,E3,164.8,,-4.99,-6.09,-11.51,-0.58,33.9,-3.91,34.13,9.41,0.42,4.32,2.4,3.96,8.09
synthetic sweep,0,Maiden Heavy,as-is,11.299999999999997,palm,F3,174.6,,-6.88,-8.02,-13.23,-1.34,32.2,-5.86,32.91,11.12,0.0,2.39,0.68,2.07,6.4
synthetic sweep,0,Maiden Heavy,as-is,11.899999999999997,palm,F#3,185.0,,-6.63,-7.94,-12.46,-2.9,32.44,-5.64,32.69,7.19,0.0,2.47,1.45,2.32,6.63
synthetic sweep,0,Maiden Heavy,as-is,12.499999999999996,palm,G3,196.0,,-8.61,-10.41,-13.32,-4.71,30.4,-7.68,30.5,9.39,0.0,0.0,0.59,0.34,4.59
synthetic sweep,0,Maiden Heavy,as-is,13.099999999999996,palm,G#3,207.7,,-11.29,-13.46,-15.33,-7.22,-2.73,-10.44,27.45,6.93,0.0,-3.05,-1.42,-2.34,-28.54
synthetic sweep,0,Maiden Heavy,as-is,13.699999999999996,palm,A3,220.0,,-9.97,-12.27,-13.82,-7.31,-14.68,-9.13,29.38,2.15,0.0,-1.86,0.09,-1.02,-40.48
synthetic sweep,0,Maiden Heavy,as-is,14.299999999999995,palm,A#3,233.1,,-11.06,-13.74,-14.43,-8.26,-20.14,-10.29,27.92,4.81,0.0,-3.33,-0.52,-2.11,-45.95
synthetic sweep,0,Maiden Heavy,as-is,14.899999999999995,palm,B3,246.9,,-12.64,-15.05,-16.35,-8.19,-15.3,-11.92,25.96,4.19,0.0,-4.64,-2.44,-3.69,-41.11
synthetic sweep,0,Maiden Heavy,as-is,15.499999999999995,ring,E2,82.4,,-9.68,-11.34,-14.64,-2.75,28.64,-8.74,18.21,28.22,0.0,,,,2.84
synthetic sweep,0,Maiden Heavy,as-is,17.499999999999993,ring,A2,110.0,,-11.25,-13.74,-14.86,-3.31,23.8,-10.47,22.95,21.61,0.0,,,,-2.0
synthetic sweep,0,Maiden Heavy,as-is,19.499999999999993,ring,D3,146.8,,-9.08,-10.37,-14.98,-2.59,28.25,-8.19,28.55,19.95,0.0,,,,2.45
synthetic sweep,0,Maiden Heavy,as-is,21.499999999999993,ring,G3,196.0,,-10.17,-12.15,-14.52,-4.73,27.37,-9.67,27.28,17.28,0.0,,,,1.57
synthetic sweep,0,Maiden Heavy,as-is,23.499999999999993,ring,B3,246.9,,-12.6,-16.94,-14.6,-6.71,-1.64,-13.62,19.0,13.17,0.0,,,,-27.45
synthetic sweep,0,Maiden Heavy,as-is,25.499999999999993,ring,E5 chord,82.4,,-9.26,-10.79,-14.54,-1.39,28.29,-8.41,9.01,26.38,0.0,,,,2.48
synthetic sweep,0,Maiden Heavy,as-is,27.499999999999993,ring,A5 chord,110.0,,-10.3,-12.49,-14.32,-2.89,24.24,-9.69,19.86,23.52,0.0,,,,-1.57
synthetic sweep,0,Maiden Heavy,as-is,29.499999999999993,ring,B5 chord,123.5,,-12.03,-14.8,-15.3,-5.22,22.35,-11.96,14.25,18.69,0.0,,,,-3.45
synthetic sweep,3,Van Halen I Brown,as-is,0.5,palm,B1,61.7,,-22.96,-26.18,-25.76,-10.61,12.68,-21.87,6.66,10.07,-0.0,-6.36,-5.85,-6.1,-5.94
synthetic sweep,3,Van Halen I Brown,as-is,1.1,palm,C2,65.4,,-21.05,-24.01,-24.1,-11.78,17.06,-19.86,5.67,16.89,-0.0,-4.19,-4.19,-4.19,-1.56
synthetic sweep,3,Van Halen I Brown,as-is,1.7000000000000002,palm,C#2,69.3,,-21.69,-24.8,-24.59,-9.59,15.11,-20.61,9.75,13.22,-0.0,-4.98,-4.68,-4.83,-3.51
synthetic sweep,3,Van Halen I Brown,as-is,2.3000000000000003,palm,D2,73.4,,-21.3,-24.58,-24.05,-10.22,15.97,-19.76,15.19,5.77,-0.0,-4.76,-4.14,-4.44,-2.65
synthetic sweep,3,Van Halen I Brown,as-is,2.9000000000000004,palm,D#2,77.8,,-20.96,-23.69,-24.28,-9.86,17.2,-19.34,15.12,10.36,-0.0,-3.87,-4.37,-4.1,-1.42
synthetic sweep,3,Van Halen I Brown,as-is,3.5000000000000004,palm,E2,82.4,,-19.31,-22.34,-22.29,-10.46,20.21,-17.49,18.88,9.78,-0.0,-2.52,-2.38,-2.45,1.59
synthetic sweep,3,Van Halen I Brown,as-is,4.1000000000000005,palm,F2,87.3,,-21.54,-25.04,-24.1,-11.27,16.21,-20.27,13.23,11.44,-0.0,-5.22,-4.19,-4.68,-2.41
synthetic sweep,3,Van Halen I Brown,as-is,4.7,palm,F#2,92.5,,-17.79,-21.57,-20.15,-9.78,21.76,-16.08,20.84,10.73,-0.0,-1.75,-0.24,-0.93,3.14
synthetic sweep,3,Van Halen I Brown,as-is,5.3,palm,G2,98.0,,-12.72,-17.1,-14.7,-6.1,27.45,-10.92,27.47,9.42,-0.0,2.72,5.21,4.14,8.83
synthetic sweep,3,Van Halen I Brown,as-is,5.8999999999999995,palm,G#2,103.8,,-16.36,-19.68,-19.07,-8.35,21.77,-14.8,22.83,10.72,-0.0,0.14,0.84,0.5,3.15
synthetic sweep,3,Van Halen I Brown,as-is,6.499999999999999,palm,A2,110.0,,-12.2,-15.0,-15.43,-5.66,27.23,-10.7,27.53,16.39,-0.0,4.82,4.48,4.66,8.61
synthetic sweep,3,Van Halen I Brown,as-is,7.099999999999999,palm,A#2,116.5,,-16.89,-20.01,-19.79,-7.27,18.22,-15.77,18.66,16.71,-0.0,-0.19,0.12,-0.03,-0.4
synthetic sweep,3,Van Halen I Brown,as-is,7.699999999999998,palm,B2,123.5,,-16.57,-18.51,-21.01,-7.0,20.08,-15.44,20.27,6.37,-0.0,1.31,-1.1,0.29,1.46
synthetic sweep,3,Van Halen I Brown,as-is,8.299999999999999,palm,C3,130.8,,-13.16,-15.59,-16.83,-6.99,25.91,-11.9,26.18,4.39,-0.0,4.23,3.08,3.7,7.29
synthetic sweep,3,Van Halen I Brown,as-is,8.899999999999999,palm,C#3,138.6,,-13.25,-15.72,-16.87,-7.01,25.91,-12.1,25.98,8.9,-0.0,4.1,3.04,3.61,7.29
synthetic sweep,3,Van Halen I Brown,as-is,9.499999999999998,palm,D3,146.8,,-17.95,-19.44,-23.32,-8.78,20.33,-17.08,20.05,4.48,-0.0,0.38,-3.41,-1.09,1.71
synthetic sweep,3,Van Halen I Brown,as-is,10.099999999999998,palm,D#3,155.6,,-16.58,-18.64,-20.82,-8.81,20.93,-15.74,21.74,2.65,-0.0,1.18,-0.91,0.28,2.31
synthetic sweep,3,Van Halen I Brown,as-is,10.699999999999998,palm,E3,164.8,,-14.18,-16.63,-17.82,-7.77,24.41,-13.19,24.39,7.34,-0.0,3.19,2.09,2.68,5.79
synthetic sweep,3,Van Halen I Brown,as-is,11.299999999999997,palm,F3,174.6,,-12.3,-15.67,-14.97,-5.92,26.76,-11.37,26.44,15.28,-0.0,4.15,4.94,4.56,8.14
synthetic sweep,3,Van Halen I Brown,as-is,11.899999999999997,palm,F#3,185.0,,-16.03,-20.31,-18.06,-8.77,22.1,-15.4,21.48,11.26,-0.0,-0.49,1.85,0.83,3.48
synthetic sweep,3,Van Halen I Brown,as-is,12.499999999999996,palm,G3,196.0,,-16.86,-19.82,-19.91,-9.47,20.27,-16.23,20.57,12.56,-0.0,0.0,0.0,0.0,1.65
synthetic sweep,3,Van Halen I Brown,as-is,13.099999999999996,palm,G#3,207.7,,-17.06,-19.85,-20.3,-10.18,-0.22,-16.67,20.82,1.96,-0.0,-0.03,-0.39,-0.2,-18.84
synthetic sweep,3,Van Halen I Brown,as-is,13.699999999999996,palm,A3,220.0,,-12.16,-16.0,-14.48,-6.2,-14.1,-11.4,27.58,8.05,-0.0,3.82,5.43,4.7,-32.72
synthetic sweep,3,Van Halen I Brown,as-is,14.299999999999995,palm,A#3,233.1,,-11.96,-16.15,-14.05,-5.78,-14.13,-11.25,27.1,9.09,-0.0,3.67,5.86,4.9,-32.75
synthetic sweep,3,Van Halen I Brown,as-is,14.899999999999995,palm,B3,246.9,,-17.22,-21.55,-19.22,-8.29,-16.21,-16.96,19.35,8.29,-0.0,-1.73,0.69,-0.36,-34.83
synthetic sweep,3,Van Halen I Brown,as-is,15.499999999999995,ring,E2,82.4,,-15.16,-19.14,-17.38,-7.31,19.13,-15.23,11.31,18.11,-0.0,,,,0.51
synthetic sweep,3,Van Halen I Brown,as-is,17.499999999999993,ring,A2,110.0,,-11.98,-15.54,-14.5,-3.48,24.71,-11.43,24.69,19.29,-0.0,,,,6.09
synthetic sweep,3,Van Halen I Brown,as-is,19.499999999999993,ring,D3,146.8,,-13.63,-17.56,-15.88,-5.3,18.54,-14.1,16.51,7.77,-0.0,,,,-0.08
synthetic sweep,3,Van Halen I Brown,as-is,21.499999999999993,ring,G3,196.0,,-13.87,-18.17,-15.89,-5.5,16.91,-14.91,16.3,15.38,-0.0,,,,-1.71
synthetic sweep,3,Van Halen I Brown,as-is,23.499999999999993,ring,B3,246.9,,-12.89,-17.47,-14.75,-5.3,1.25,-14.69,12.01,12.88,-0.0,,,,-17.37
synthetic sweep,3,Van Halen I Brown,as-is,25.499999999999993,ring,E5 chord,82.4,,-14.08,-18.23,-16.18,-5.46,18.69,-14.44,9.26,16.32,-0.0,,,,0.07
synthetic sweep,3,Van Halen I Brown,as-is,27.499999999999993,ring,A5 chord,110.0,,-12.53,-16.61,-14.68,-4.34,19.89,-12.76,19.07,20.82,-0.0,,,,1.27
synthetic sweep,3,Van Halen I Brown,as-is,29.499999999999993,ring,B5 chord,123.5,,-13.53,-18.14,-15.38,-5.05,14.14,-14.8,7.1,12.01,-0.0,,,,-4.48
synthetic sweep,4,Van Halen 1984,as-is,0.5,palm,B1,61.7,,-19.94,-24.83,-21.65,-10.36,19.6,-18.61,9.02,18.65,-0.0,-5.45,-4.02,-4.67,1.88
synthetic sweep,4,Van Halen 1984,as-is,1.1,palm,C2,65.4,,-19.11,-22.82,-21.52,-10.2,20.05,-17.77,10.48,19.51,-0.0,-3.44,-3.89,-3.84,2.32
synthetic sweep,4,Van Halen 1984,as-is,1.7000000000000002,palm,C#2,69.3,,-22.51,-26.3,-24.86,-9.39,14.14,-21.26,11.59,10.21,-0.0,-6.92,-7.23,-7.24,-3.59
synthetic sweep,4,Van Halen 1984,as-is,2.3000000000000003,palm,D2,73.4,,-22.31,-26.23,-24.57,-10.68,14.89,-20.81,13.72,8.35,-0.0,-6.85,-6.94,-7.04,-2.84
synthetic sweep,4,Van Halen 1984,as-is,2.9000000000000004,palm,D#2,77.8,,-20.9,-24.83,-23.15,-6.8,17.31,-19.48,15.38,12.69,-0.0,-5.45,-5.52,-5.63,-0.42
synthetic sweep,4,Van Halen 1984,as-is,3.5000000000000004,palm,E2,82.4,,-20.66,-24.74,-22.81,-7.53,17.29,-19.22,16.51,9.55,-0.0,-5.36,-5.18,-5.39,-0.44
synthetic sweep,4,Van Halen 1984,as-is,4.1000000000000005,palm,F2,87.3,,-21.55,-25.05,-24.11,-9.25,17.39,-19.98,16.34,9.53,-0.0,-5.67,-6.48,-6.28,-0.34
synthetic sweep,4,Van Halen 1984,as-is,4.7,palm,F#2,92.5,,-20.55,-24.27,-22.94,-6.98,18.09,-19.26,16.01,14.37,-0.0,-4.89,-5.31,-5.28,0.36
synthetic sweep,4,Van Halen 1984,as-is,5.3,palm,G2,98.0,,-20.63,-24.24,-23.11,-7.61,17.49,-19.35,16.25,12.15,-0.0,-4.86,-5.48,-5.36,-0.24
synthetic sweep,4,Van Halen 1984,as-is,5.8999999999999995,palm,G#2,103.8,,-16.34,-20.29,-18.58,-4.58,22.7,-14.83,22.85,12.73,-0.0,-0.91,-0.95,-1.07,4.97
synthetic sweep,4,Van Halen 1984,as-is,6.499999999999999,palm,A2,110.0,,-15.27,-20.01,-17.05,-7.32,23.41,-13.86,23.26,12.07,-0.0,-0.63,0.58,0.0,5.68
synthetic sweep,4,Van Halen 1984,as-is,7.099999999999999,palm,A#2,116.5,,-11.53,-16.6,-13.15,-5.62,28.06,-10.09,28.17,11.3,-0.0,2.78,4.48,3.74,10.33
synthetic sweep,4,Van Halen 1984,as-is,7.699999999999998,palm,B2,123.5,,-10.33,-15.05,-12.12,-4.6,29.37,-8.96,29.51,6.1,-0.0,4.33,5.51,4.94,11.64
synthetic sweep,4,Van Halen 1984,as-is,8.299999999999999,palm,C3,130.8,,-11.93,-15.48,-14.45,-6.96,27.63,-10.64,27.65,0.3,-0.0,3.9,3.18,3.34,9.9
synthetic sweep,4,Van Halen 1984,as-is,8.899999999999999,palm,C#3,138.6,,-15.27,-17.27,-19.6,-7.36,23.34,-14.24,23.43,3.15,-0.0,2.11,-1.97,0.0,5.61
synthetic sweep,4,Van Halen 1984,as-is,9.499999999999998,palm,D3,146.8,,-14.8,-16.12,-20.6,-8.25,24.12,-13.79,24.15,0.85,-0.0,3.26,-2.97,0.47,6.39
synthetic sweep,4,Van Halen 1984,as-is,10.099999999999998,palm,D#3,155.6,,-14.6,-17.6,-17.63,-7.11,24.14,-13.67,24.13,1.72,-0.0,1.78,0.0,0.67,6.41
synthetic sweep,4,Van Halen 1984,as-is,10.699999999999998,palm,E3,164.8,,-14.17,-18.88,-15.96,-6.63,24.25,-13.23,24.55,0.6,-0.0,0.5,1.67,1.1,6.52
synthetic sweep,4,Van Halen 1984,as-is,11.299999999999997,palm,F3,174.6,,-12.56,-17.95,-14.04,-4.72,26.33,-11.66,26.33,8.46,-0.0,1.43,3.59,2.71,8.6
synthetic sweep,4,Van Halen 1984,as-is,11.899999999999997,palm,F#3,185.0,,-14.28,-19.38,-15.89,-6.2,24.27,-13.55,24.38,6.88,-0.0,0.0,1.74,0.99,6.54
synthetic sweep,4,Van Halen 1984,as-is,12.499999999999996,palm,G3,196.0,,-14.5,-18.79,-16.53,-6.98,23.93,-13.79,23.97,2.97,-0.0,0.59,1.1,0.77,6.2
synthetic sweep,4,Van Halen 1984,as-is,13.099999999999996,palm,G#3,207.7,,-15.55,-19.9,-17.54,-7.94,-18.32,-15.08,22.23,-0.3,-0.0,-0.52,0.09,-0.28,-36.05
synthetic sweep,4,Van Halen 1984,as-is,13.699999999999996,palm,A3,220.0,,-14.09,-19.15,-15.72,-7.31,-27.62,-13.46,24.45,2.89,-0.0,0.23,1.91,1.18,-45.34
synthetic sweep,4,Van Halen 1984,as-is,14.299999999999995,palm,A#3,233.1,,-13.21,-18.75,-14.63,-6.63,-26.42,-12.62,25.28,3.36,-0.0,0.63,3.0,2.06,-44.15
synthetic sweep,4,Van Halen 1984,as-is,14.899999999999995,palm,B3,246.9,,-13.17,-18.55,-14.65,-6.29,-26.6,-12.6,25.41,1.71,-0.0,0.83,2.98,2.1,-44.33
synthetic sweep,4,Van Halen 1984,as-is,15.499999999999995,ring,E2,82.4,,-15.73,-20.96,-17.28,-7.07,16.97,-16.11,9.9,15.91,-0.0,,,,-0.76
synthetic sweep,4,Van Halen 1984,as-is,17.499999999999993,ring,A2,110.0,,-14.24,-19.53,-15.76,-5.62,18.68,-14.56,18.6,16.43,-0.0,,,,0.95
synthetic sweep,4,Van Halen 1984,as-is,19.499999999999993,ring,D3,146.8,,-13.8,-17.39,-16.29,-5.75,20.29,-14.36,20.62,10.45,-0.0,,,,2.56
synthetic sweep,4,Van Halen 1984,as-is,21.499999999999993,ring,G3,196.0,,-13.12,-18.47,-14.62,-4.89,17.78,-14.81,17.48,7.67,-0.0,,,,0.05
synthetic sweep,4,Van Halen 1984,as-is,23.499999999999993,ring,B3,246.9,,-12.81,-18.45,-14.2,-5.3,-13.32,-14.39,19.28,11.46,-0.0,,,,-31.05
synthetic sweep,4,Van Halen 1984,as-is,25.499999999999993,ring,E5 chord,82.4,,-13.84,-19.15,-15.35,-3.04,21.11,-14.12,7.58,15.82,-0.0,,,,3.38
synthetic sweep,4,Van Halen 1984,as-is,27.499999999999993,ring,A5 chord,110.0,,-13.38,-18.82,-14.84,-3.93,16.56,-14.41,14.67,16.24,-0.0,,,,-1.17
synthetic sweep,4,Van Halen 1984,as-is,29.499999999999993,ring,B5 chord,123.5,,-12.73,-18.27,-14.15,-3.83,17.67,-13.83,15.2,18.01,-0.0,,,,-0.05
synthetic sweep,5,Def Leppard Pyromania,as-is,0.5,palm,B1,61.7,,-19.56,-24.09,-21.45,-4.25,18.95,-17.95,15.22,6.33,-0.0,-9.68,-9.59,-9.57,-4.92
synthetic sweep,5,Def Leppard Pyromania,as-is,1.1,palm,C2,65.4,,-19.3,-24.58,-20.84,-7.54,18.61,-17.65,14.49,17.22,-0.0,-10.17,-8.98,-9.31,-5.26
synthetic sweep,5,Def Leppard Pyromania,as-is,1.7000000000000002,palm,C#2,69.3,,-17.85,-22.74,-19.56,-4.45,21.08,-15.67,21.14,7.25,-0.0,-8.33,-7.7,-7.86,-2.79
synthetic sweep,5,Def Leppard Pyromania,as-is,2.3000000000000003,palm,D2,73.4,,-16.55,-21.18,-18.38,-6.19,23.43,-14.18,23.15,8.67,-0.0,-6.77,-6.52,-6.56,-0.44
synthetic sweep,5,Def Leppard Pyromania,as-is,2.9000000000000004,palm,D#2,77.8,,-14.86,-19.39,-16.74,-4.4,24.81,-12.68,24.44,15.48,-0.0,-4.98,-4.88,-4.87,0.94
synthetic sweep,5,Def Leppard Pyromania,as-is,3.5000000000000004,palm,E2,82.4,,-13.4,-17.98,-15.26,-2.59,26.5,-11.22,26.62,6.4,-0.0,-3.57,-3.4,-3.41,2.63
synthetic sweep,5,Def Leppard Pyromania,as-is,4.1000000000000005,palm,F2,87.3,,-10.52,-15.06,-12.41,-5.11,29.93,-8.4,30.28,9.41,-0.0,-0.65,-0.55,-0.53,6.06
synthetic sweep,5,Def Leppard Pyromania,as-is,4.7,palm,F#2,92.5,,-9.29,-13.85,-11.16,-3.08,30.62,-7.32,30.7,14.99,-0.0,0.56,0.7,0.7,6.75
synthetic sweep,5,Def Leppard Pyromania,as-is,5.3,palm,G2,98.0,,-8.77,-13.3,-10.66,-3.06,31.16,-6.93,31.55,10.08,-0.0,1.11,1.2,1.22,7.29
synthetic sweep,5,Def Leppard Pyromania,as-is,5.8999999999999995,palm,G#2,103.8,,-8.5,-13.1,-10.35,-3.51,31.13,-6.77,31.53,7.53,-0.0,1.31,1.51,1.49,7.26
synthetic sweep,5,Def Leppard Pyromania,as-is,6.499999999999999,palm,A2,110.0,,-8.08,-12.67,-9.93,-3.17,31.57,-6.48,31.97,11.87,-0.0,1.74,1.93,1.91,7.7
synthetic sweep,5,Def Leppard Pyromania,as-is,7.099999999999999,palm,A#2,116.5,,-9.99,-14.54,-11.86,-2.2,29.17,-8.51,29.64,13.14,-0.0,-0.13,0.0,0.0,5.3
synthetic sweep,5,Def Leppard Pyromania,as-is,7.699999999999998,palm,B2,123.5,,-10.16,-14.74,-12.01,-2.44,29.02,-8.76,29.6,3.23,-0.0,-0.33,-0.15,-0.17,5.15
synthetic sweep,5,Def Leppard Pyromania,as-is,8.299999999999999,palm,C3,130.8,,-9.21,-13.77,-11.09,-2.8,30.11,-7.89,30.48,0.69,-0.0,0.64,0.77,0.78,6.24
synthetic sweep,5,Def Leppard Pyromania,as-is,8.899999999999999,palm,C#3,138.6,,-8.66,-13.23,-10.53,-2.41,30.49,-7.42,31.03,7.12,-0.0,1.18,1.33,1.33,6.62
synthetic sweep,5,Def Leppard Pyromania,as-is,9.499999999999998,palm,D3,146.8,,-8.81,-13.34,-10.69,-3.66,30.53,-7.62,31.0,0.41,-0.0,1.07,1.17,1.18,6.66
synthetic sweep,5,Def Leppard Pyromania,as-is,10.099999999999998,palm,D#3,155.6,,-8.73,-13.27,-10.61,-3.08,30.41,-7.6,30.99,2.4,-0.0,1.14,1.25,1.26,6.54
synthetic sweep,5,Def Leppard Pyromania,as-is,10.699999999999998,palm,E3,164.8,,-9.16,-13.64,-11.07,-3.22,30.0,-8.08,30.29,2.53,-0.0,0.77,0.79,0.83,6.13
synthetic sweep,5,Def Leppard Pyromania,as-is,11.299999999999997,palm,F3,174.6,,-7.43,-11.93,-9.34,-2.0,32.12,-6.4,32.55,8.62,-0.0,2.48,2.52,2.56,8.25
synthetic sweep,5,Def Leppard Pyromania,as-is,11.899999999999997,palm,F#3,185.0,,-8.41,-12.92,-10.3,-3.39,30.81,-7.43,31.41,4.05,-0.0,1.49,1.56,1.58,6.94
synthetic sweep,5,Def Leppard Pyromania,as-is,12.499999999999996,palm,G3,196.0,,-10.01,-14.41,-11.96,-4.8,29.1,-9.08,29.65,2.56,-0.0,0.0,-0.1,-0.02,5.23
synthetic sweep,5,Def Leppard Pyromania,as-is,13.099999999999996,palm,G#3,207.7,,-10.0,-14.47,-11.93,-4.59,8.2,-9.11,29.61,0.3,-0.0,-0.06,-0.07,-0.01,-15.67
synthetic sweep,5,Def Leppard Pyromania,as-is,13.699999999999996,palm,A3,220.0,,-10.5,-14.91,-12.44,-5.61,-8.52,-9.65,29.59,2.18,-0.0,-0.5,-0.58,-0.51,-32.39
synthetic sweep,5,Def Leppard Pyromania,as-is,14.299999999999995,palm,A#3,233.1,,-9.39,-13.81,-11.35,-4.37,-16.22,-8.58,30.37,3.5,-0.0,0.6,0.51,0.6,-40.09
synthetic sweep,5,Def Leppard Pyromania,as-is,14.899999999999995,palm,B3,246.9,,-11.78,-16.18,-13.75,-5.28,-16.2,-11.04,27.43,-2.66,-0.0,-1.77,-1.89,-1.79,-40.07
synthetic sweep,5,Def Leppard Pyromania,as-is,15.499999999999995,ring,E2,82.4,,-11.66,-16.23,-13.52,-4.19,24.7,-10.73,20.74,22.49,-0.0,,,,0.83
synthetic sweep,5,Def Leppard Pyromania,as-is,17.499999999999993,ring,A2,110.0,,-9.9,-14.18,-11.93,-2.61,27.49,-8.77,27.31,20.92,-0.0,,,,3.62
synthetic sweep,5,Def Leppard Pyromania,as-is,19.499999999999993,ring,D3,146.8,,-10.9,-15.14,-12.96,-3.01,25.65,-10.23,25.84,19.68,-0.0,,,,1.78
synthetic sweep,5,Def Leppard Pyromania,as-is,21.499999999999993,ring,G3,196.0,,-11.79,-16.13,-13.79,-4.47,23.4,-12.27,22.71,14.84,-0.0,,,,-0.47
synthetic sweep,5,Def Leppard Pyromania,as-is,23.499999999999993,ring,B3,246.9,,-12.88,-17.33,-14.82,-6.43,10.24,-13.89,18.72,9.79,-0.0,,,,-13.63
synthetic sweep,5,Def Leppard Pyromania,as-is,25.499999999999993,ring,E5 chord,82.4,,-11.49,-15.65,-13.59,-2.19,24.34,-10.92,15.69,21.57,-0.0,,,,0.47
synthetic sweep,5,Def Leppard Pyromania,as-is,27.499999999999993,ring,A5 chord,110.0,,-11.42,-15.55,-13.54,-3.96,22.07,-11.15,19.72,21.07,-0.0,,,,-1.8
synthetic sweep,5,Def Leppard Pyromania,as-is,29.499999999999993,ring,B5 chord,123.5,,-12.63,-16.67,-14.8,-4.81,21.12,-12.81,14.82,18.28,-0.0,,,,-2.75
synthetic sweep,6,Def Leppard Hysteria,as-is,0.5,palm,B1,61.7,,-19.89,-25.42,-21.31,-5.61,7.1,-19.19,-2.41,2.81,-0.0,-2.75,-2.74,-2.74,2.85
synthetic sweep,6,Def Leppard Hysteria,as-is,1.1,palm,C2,65.4,,-19.09,-24.47,-20.57,-6.22,6.89,-18.39,-2.86,6.58,-0.0,-1.8,-2.0,-1.94,2.64
synthetic sweep,6,Def Leppard Hysteria,as-is,1.7000000000000002,palm,C#2,69.3,,-19.11,-24.44,-20.62,-6.04,3.58,-18.42,1.47,4.06,-0.0,-1.77,-2.05,-1.96,-0.67
synthetic sweep,6,Def Leppard Hysteria,as-is,2.3000000000000003,palm,D2,73.4,,-18.95,-24.27,-20.46,-5.47,4.17,-18.28,0.76,5.21,-0.0,-1.6,-1.89,-1.8,-0.08
synthetic sweep,6,Def Leppard Hysteria,as-is,2.9000000000000004,palm,D#2,77.8,,-18.32,-23.77,-19.77,-5.98,6.8,-17.61,3.21,7.89,-0.0,-1.1,-1.2,-1.17,2.55
synthetic sweep,6,Def Leppard Hysteria,as-is,3.5000000000000004,palm,E2,82.4,,-18.76,-24.23,-20.21,-5.37,8.15,-18.06,3.22,9.67,-0.0,-1.56,-1.64,-1.61,3.91
synthetic sweep,6,Def Leppard Hysteria,as-is,4.1000000000000005,palm,F2,87.3,,-18.29,-23.81,-19.72,-5.52,11.89,-17.62,4.25,13.53,-0.0,-1.14,-1.15,-1.14,7.65
synthetic sweep,6,Def Leppard Hysteria,as-is,4.7,palm,F#2,92.5,,-18.14,-23.55,-19.61,-4.61,13.44,-17.41,5.42,15.11,-0.0,-0.88,-1.04,-0.99,9.2
synthetic sweep,6,Def Leppard Hysteria,as-is,5.3,palm,G2,98.0,,-17.68,-23.15,-19.13,-4.73,9.97,-17.03,6.09,10.93,-0.0,-0.48,-0.56,-0.53,5.73
synthetic sweep,6,Def Leppard Hysteria,as-is,5.8999999999999995,palm,G#2,103.8,,-17.99,-23.39,-19.47,-6.69,6.0,-17.33,8.03,12.18,-0.0,-0.72,-0.9,-0.84,1.75
synthetic sweep,6,Def Leppard Hysteria,as-is,6.499999999999999,palm,A2,110.0,,-16.64,-22.12,-18.09,-5.14,11.25,-15.92,12.57,14.9,-0.0,0.55,0.48,0.51,7.0
synthetic sweep,6,Def Leppard Hysteria,as-is,7.099999999999999,palm,A#2,116.5,,-16.71,-22.35,-18.1,-4.91,9.99,-16.02,11.95,15.54,-0.0,0.32,0.47,0.44,5.75
synthetic sweep,6,Def Leppard Hysteria,as-is,7.699999999999998,palm,B2,123.5,,-17.15,-22.71,-18.57,-5.68,12.02,-16.45,13.69,14.13,-0.0,-0.04,0.0,0.0,7.77
synthetic sweep,6,Def Leppard Hysteria,as-is,8.299999999999999,palm,C3,130.8,,-16.66,-22.0,-18.16,-6.01,12.42,-15.99,13.64,16.32,-0.0,0.67,0.41,0.49,8.18
synthetic sweep,6,Def Leppard Hysteria,as-is,8.899999999999999,palm,C#3,138.6,,-16.76,-21.87,-18.36,-5.63,11.83,-16.08,13.09,15.62,-0.0,0.8,0.21,0.39,7.58
synthetic sweep,6,Def Leppard Hysteria,as-is,9.499999999999998,palm,D3,146.8,,-16.56,-21.74,-18.13,-6.17,11.38,-15.91,12.43,16.94,-0.0,0.93,0.44,0.59,7.14
synthetic sweep,6,Def Leppard Hysteria,as-is,10.099999999999998,palm,D#3,155.6,,-16.75,-21.9,-18.34,-6.0,14.51,-16.12,15.84,12.7,-0.0,0.77,0.23,0.4,10.27
synthetic sweep,6,Def Leppard Hysteria,as-is,10.699999999999998,palm,E3,164.8,,-17.85,-23.16,-19.36,-5.19,16.51,-17.16,17.76,14.07,-0.0,-0.49,-0.79,-0.7,12.27
synthetic sweep,6,Def Leppard Hysteria,as-is,11.299999999999997,palm,F3,174.6,,-14.98,-20.59,-16.37,-6.29,20.63,-14.24,21.22,16.81,-0.0,2.08,2.2,2.17,16.38
synthetic sweep,6,Def Leppard Hysteria,as-is,11.899999999999997,palm,F#3,185.0,,-14.73,-20.22,-16.17,-5.89,19.77,-14.04,20.19,19.72,-0.0,2.45,2.4,2.42,15.52
synthetic sweep,6,Def Leppard Hysteria,as-is,12.499999999999996,palm,G3,196.0,,-17.69,-22.67,-19.35,-6.24,18.35,-17.04,19.26,14.05,-0.0,0.0,-0.78,-0.54,14.11
synthetic sweep,6,Def Leppard Hysteria,as-is,13.099999999999996,palm,G#3,207.7,,-16.04,-21.09,-17.67,-6.34,-3.38,-15.37,20.43,12.92,-0.0,1.58,0.9,1.11,-7.62
synthetic sweep,6,Def Leppard Hysteria,as-is,13.699999999999996,palm,A3,220.0,,-15.11,-20.53,-16.59,-5.53,-20.26,-14.46,21.45,17.92,-0.0,2.14,1.98,2.04,-24.51
synthetic sweep,6,Def Leppard Hysteria,as-is,14.299999999999995,palm,A#3,233.1,,-14.2,-19.86,-15.58,-5.61,-31.26,-13.5,23.73,16.03,-0.0,2.81,2.99,2.95,-35.51
synthetic sweep,6,Def Leppard Hysteria,as-is,14.899999999999995,palm,B3,246.9,,-16.96,-22.49,-18.39,-8.09,-37.42,-16.34,21.25,9.92,-0.0,0.18,0.18,0.19,-41.66
synthetic sweep,6,Def Leppard Hysteria,as-is,15.499999999999995,ring,E2,82.4,,-12.64,-18.19,-14.06,-3.14,4.16,-12.27,-10.35,2.69,-0.0,,,,-0.08
synthetic sweep,6,Def Leppard Hysteria,as-is,17.499999999999993,ring,A2,110.0,,-12.74,-18.48,-14.09,-4.56,4.33,-12.38,2.29,12.45,-0.0,,,,0.08
synthetic sweep,6,Def Leppard Hysteria,as-is,19.499999999999993,ring,D3,146.8,,-13.4,-19.12,-14.75,-3.96,0.22,-13.19,0.26,14.18,-0.0,,,,-4.03
synthetic sweep,6,Def Leppard Hysteria,as-is,21.499999999999993,ring,G3,196.0,,-14.14,-19.91,-15.48,-5.3,6.8,-14.16,7.47,18.49,-0.0,,,,2.55
synthetic sweep,6,Def Leppard Hysteria,as-is,23.499999999999993,ring,B3,246.9,,-14.62,-20.45,-15.94,-5.65,-8.2,-14.71,6.21,19.59,-0.0,,,,-12.45
synthetic sweep,6,Def Leppard Hysteria,as-is,25.499999999999993,ring,E5 chord,82.4,,-13.93,-19.54,-15.33,-4.55,5.11,-13.78,-10.29,1.47,-0.0,,,,0.87
synthetic sweep,6,Def Leppard Hysteria,as-is,27.499999999999993,ring,A5 chord,110.0,,-13.48,-19.13,-14.86,-3.91,2.39,-13.3,-3.66,8.83,-0.0,,,,-1.85
synthetic sweep,6,Def Leppard Hysteria,as-is,29.499999999999993,ring,B5 chord,123.5,,-14.25,-20.06,-15.58,-4.9,5.58,-14.19,-2.86,7.75,-0.0,,,,1.33
synthetic sweep,8,Comfortably Numb,as-is,0.5,palm,B1,61.7,,-23.79,-28.7,-25.48,-8.9,11.16,-22.75,4.76,10.03,-0.0,-5.5,-4.97,-5.24,-7.68
synthetic sweep,8,Comfortably Numb,as-is,1.1,palm,C2,65.4,,-24.99,-29.66,-26.8,-9.98,10.23,-24.16,8.49,2.06,-0.0,-6.46,-6.29,-6.44,-8.61
synthetic sweep,8,Comfortably Numb,as-is,1.7000000000000002,palm,C#2,69.3,,-24.02,-28.33,-26.03,-10.39,10.34,-23.15,10.15,3.49,-0.0,-5.13,-5.52,-5.47,-8.5
synthetic sweep,8,Comfortably Numb,as-is,2.3000000000000003,palm,D2,73.4,,-24.56,-28.81,-26.61,-11.46,11.69,-23.38,11.76,3.79,-0.0,-5.61,-6.1,-6.01,-7.15
synthetic sweep,8,Comfortably Numb,as-is,2.9000000000000004,palm,D#2,77.8,,-24.08,-28.75,-25.9,-7.98,10.79,-23.13,11.48,-1.58,-0.0,-5.55,-5.39,-5.53,-8.05
synthetic sweep,8,Comfortably Numb,as-is,3.5000000000000004,palm,E2,82.4,,-24.45,-29.12,-26.27,-10.13,9.45,-23.84,8.36,4.52,-0.0,-5.92,-5.76,-5.9,-9.39
synthetic sweep,8,Comfortably Numb,as-is,4.1000000000000005,palm,F2,87.3,,-24.54,-29.11,-26.41,-8.4,9.04,-24.07,8.34,4.11,-0.0,-5.91,-5.9,-5.99,-9.8
synthetic sweep,8,Comfortably Numb,as-is,4.7,palm,F#2,92.5,,-23.94,-27.85,-26.21,-7.11,11.43,-23.22,11.71,1.67,-0.0,-4.65,-5.7,-5.39,-7.41
synthetic sweep,8,Comfortably Numb,as-is,5.3,palm,G2,98.0,,-22.23,-26.18,-24.47,-7.3,14.84,-21.21,15.0,-2.57,-0.0,-2.98,-3.96,-3.68,-4.0
synthetic sweep,8,Comfortably Numb,as-is,5.8999999999999995,palm,G#2,103.8,,-18.97,-23.17,-21.05,-7.92,19.52,-17.6,20.21,5.37,-0.0,0.03,-0.54,-0.42,0.68
synthetic sweep,8,Comfortably Numb,as-is,6.499999999999999,palm,A2,110.0,,-18.34,-23.2,-20.06,-7.13,18.3,-17.07,19.3,-2.99,-0.0,0.0,0.45,0.21,-0.54
synthetic sweep,8,Comfortably Numb,as-is,7.099999999999999,palm,A#2,116.5,,-18.55,-23.64,-20.16,-6.07,18.0,-17.4,18.21,1.32,-0.0,-0.44,0.35,0.0,-0.84
synthetic sweep,8,Comfortably Numb,as-is,7.699999999999998,palm,B2,123.5,,-15.76,-20.56,-17.5,-6.3,22.51,-14.58,23.77,3.16,-0.0,2.64,3.01,2.79,3.67
synthetic sweep,8,Comfortably Numb,as-is,8.299999999999999,palm,C3,130.8,,-17.57,-21.42,-19.87,-5.63,20.45,-16.56,21.1,-0.57,-0.0,1.78,0.64,0.98,1.61
synthetic sweep,8,Comfortably Numb,as-is,8.899999999999999,palm,C#3,138.6,,-19.54,-22.3,-22.81,-7.74,15.81,-19.04,16.66,-8.31,-0.0,0.9,-2.3,-0.99,-3.03
synthetic sweep,8,Comfortably Numb,as-is,9.499999999999998,palm,D3,146.8,,-17.19,-18.72,-22.46,-8.97,21.4,-16.29,20.91,-0.42,-0.0,4.48,-1.95,1.36,2.55
synthetic sweep,8,Comfortably Numb,as-is,10.099999999999998,palm,D#3,155.6,,-17.34,-20.2,-20.51,-5.98,19.69,-16.63,20.43,2.46,-0.0,3.0,0.0,1.21,0.85
synthetic sweep,8,Comfortably Numb,as-is,10.699999999999998,palm,E3,164.8,,-16.81,-21.24,-18.75,-5.93,20.83,-16.07,20.76,1.01,-0.0,1.96,1.76,1.74,1.98
synthetic sweep,8,Comfortably Numb,as-is,11.299999999999997,palm,F3,174.6,,-16.94,-22.37,-18.41,-5.74,20.0,-16.33,20.38,-1.54,-0.0,0.83,2.1,1.61,1.16
synthetic sweep,8,Comfortably Numb,as-is,11.899999999999997,palm,F#3,185.0,,-16.16,-21.32,-17.74,-5.43,22.22,-15.54,22.27,-6.67,-0.0,1.88,2.77,2.39,3.38
synthetic sweep,8,Comfortably Numb,as-is,12.499999999999996,palm,G3,196.0,,-18.33,-23.25,-20.02,-6.43,17.94,-18.04,18.99,-1.9,-0.0,-0.05,0.49,0.22,-0.9
synthetic sweep,8,Comfortably Numb,as-is,13.099999999999996,palm,G#3,207.7,,-15.69,-20.18,-17.6,-6.88,15.08,-15.18,22.62,-10.75,-0.0,3.02,2.91,2.86,-3.76
synthetic sweep,8,Comfortably Numb,as-is,13.699999999999996,palm,A3,220.0,,-18.55,-23.55,-20.21,-8.51,-3.78,-18.55,17.73,-6.62,-0.0,-0.35,0.3,0.0,-22.62
synthetic sweep,8,Comfortably Numb,as-is,14.299999999999995,palm,A#3,233.1,,-16.67,-22.22,-18.09,-8.3,-4.02,-16.5,21.08,-7.68,-0.0,0.98,2.42,1.88,-22.86
synthetic sweep,8,Comfortably Numb,as-is,14.899999999999995,palm,B3,246.9,,-17.44,-23.02,-18.85,-8.32,-11.91,-17.54,19.24,-14.79,-0.0,0.18,1.66,1.11,-30.75
synthetic sweep,8,Comfortably Numb,as-is,15.499999999999995,ring,E2,82.4,,-17.77,-23.0,-19.31,-6.49,14.83,-18.25,8.87,13.65,-0.0,,,,-4.01
synthetic sweep,8,Comfortably Numb,as-is,17.499999999999993,ring,A2,110.0,,-15.31,-20.42,-16.91,-5.43,19.07,-15.32,19.03,10.94,-0.0,,,,0.23
synthetic sweep,8,Comfortably Numb,as-is,19.499999999999993,ring,D3,146.8,,-14.19,-17.61,-16.82,-4.64,21.05,-14.65,20.34,11.56,-0.0,,,,2.21
synthetic sweep,8,Comfortably Numb,as-is,21.499999999999993,ring,G3,196.0,,-13.83,-18.68,-15.55,-4.91,18.95,-15.04,16.88,10.36,-0.0,,,,0.11
synthetic sweep,8,Comfortably Numb,as-is,23.499999999999993,ring,B3,246.9,,-13.16,-18.48,-14.67,-2.87,15.47,-14.06,20.09,5.28,-0.0,,,,-3.37
synthetic sweep,8,Comfortably Numb,as-is,25.499999999999993,ring,E5 chord,82.4,,-14.76,-19.95,-16.32,-4.69,20.39,-14.93,6.1,15.87,-0.0,,,,1.55
synthetic sweep,8,Comfortably Numb,as-is,27.499999999999993,ring,A5 chord,110.0,,-14.53,-19.94,-16.0,-2.92,15.54,-15.43,12.28,14.48,-0.0,,,,-3.3
synthetic sweep,8,Comfortably Numb,as-is,29.499999999999993,ring,B5 chord,123.5,,-13.32,-18.75,-14.78,-2.05,18.74,-14.24,18.0,15.82,-0.0,,,,-0.11
synthetic sweep,9,Radiohead,as-is,0.5,palm,B1,61.7,,-16.14,-18.19,-20.38,-3.76,20.43,-14.32,19.61,19.44,-0.0,-3.16,-3.78,-3.57,-4.23
synthetic sweep,9,Radiohead,as-is,1.1,palm,C2,65.4,,-16.63,-18.7,-20.84,-6.55,20.84,-14.68,20.7,18.41,-0.0,-3.67,-4.24,-4.06,-3.82
synthetic sweep,9,Radiohead,as-is,1.7000000000000002,palm,C#2,69.3,,-16.0,-17.86,-20.59,-3.36,20.67,-14.15,20.5,18.35,-0.0,-2.83,-3.99,-3.43,-3.98
synthetic sweep,9,Radiohead,as-is,2.3000000000000003,palm,D2,73.4,,-15.75,-17.52,-20.5,-4.87,21.8,-13.83,22.15,18.28,-0.0,-2.49,-3.9,-3.18,-2.86
synthetic sweep,9,Radiohead,as-is,2.9000000000000004,palm,D#2,77.8,,-14.9,-17.21,-18.76,-4.3,22.54,-12.93,23.51,17.36,-0.0,-2.18,-2.16,-2.33,-2.12
synthetic sweep,9,Radiohead,as-is,3.5000000000000004,palm,E2,82.4,,-13.43,-16.2,-16.69,-3.39,24.13,-11.42,25.61,17.21,-0.0,-1.17,-0.09,-0.86,-0.53
synthetic sweep,9,Radiohead,as-is,4.1000000000000005,palm,F2,87.3,,-11.93,-15.03,-14.85,-3.87,25.59,-10.05,27.11,18.43,-0.0,0.0,1.75,0.64,0.93
synthetic sweep,9,Radiohead,as-is,4.7,palm,F#2,92.5,,-10.67,-14.85,-12.76,-2.47,27.75,-8.76,29.49,14.56,-0.0,0.18,3.84,1.9,3.09
synthetic sweep,9,Radiohead,as-is,5.3,palm,G2,98.0,,-10.22,-14.43,-12.3,-2.44,27.63,-8.4,29.72,10.64,-0.0,0.6,4.3,2.35,2.97
synthetic sweep,9,Radiohead,as-is,5.8999999999999995,palm,G#2,103.8,,-10.23,-14.53,-12.25,-2.21,28.12,-8.53,29.89,11.81,-0.0,0.5,4.35,2.34,3.46
synthetic sweep,9,Radiohead,as-is,6.499999999999999,palm,A2,110.0,,-11.42,-14.52,-14.34,-1.76,26.45,-9.85,28.29,15.37,-0.0,0.51,2.26,1.15,1.79
synthetic sweep,9,Radiohead,as-is,7.099999999999999,palm,A#2,116.5,,-14.4,-16.53,-18.52,-3.01,21.79,-12.97,23.57,13.79,-0.0,-1.5,-1.92,-1.83,-2.87
synthetic sweep,9,Radiohead,as-is,7.699999999999998,palm,B2,123.5,,-10.84,-13.65,-14.06,-2.09,27.72,-9.45,29.19,9.49,-0.0,1.38,2.54,1.73,3.06
synthetic sweep,9,Radiohead,as-is,8.299999999999999,palm,C3,130.8,,-11.05,-13.84,-14.3,-3.72,27.02,-9.74,28.56,10.87,-0.0,1.19,2.3,1.52,2.36
synthetic sweep,9,Radiohead,as-is,8.899999999999999,palm,C#3,138.6,,-11.46,-14.02,-14.97,-3.93,26.48,-10.21,28.03,9.83,-0.0,1.01,1.63,1.11,1.82
synthetic sweep,9,Radiohead,as-is,9.499999999999998,palm,D3,146.8,,-12.25,-14.27,-16.55,-6.48,25.81,-11.06,27.31,7.7,-0.0,0.76,0.05,0.32,1.15
synthetic sweep,9,Radiohead,as-is,10.099999999999998,palm,D#3,155.6,,-11.66,-13.81,-15.74,-3.91,26.16,-10.53,27.68,4.12,-0.0,1.22,0.86,0.91,1.5
synthetic sweep,9,Radiohead,as-is,10.699999999999998,palm,E3,164.8,,-11.47,-13.82,-15.27,-2.08,25.93,-10.4,27.39,3.75,-0.0,1.21,1.33,1.1,1.27
synthetic sweep,9,Radiohead,as-is,11.299999999999997,palm,F3,174.6,,-11.08,-13.61,-14.64,-2.9,26.69,-10.06,28.13,11.8,-0.0,1.42,1.96,1.49,2.04
synthetic sweep,9,Radiohead,as-is,11.899999999999997,palm,F#3,185.0,,-14.11,-16.15,-18.37,-5.32,22.95,-13.15,24.22,9.3,-0.0,-1.12,-1.77,-1.54,-1.71
synthetic sweep,9,Radiohead,as-is,12.499999999999996,palm,G3,196.0,,-15.25,-16.97,-20.11,-5.33,21.91,-14.33,23.28,6.78,-0.0,-1.94,-3.51,-2.68,-2.75
synthetic sweep,9,Radiohead,as-is,13.099999999999996,palm,G#3,207.7,,-14.45,-16.29,-19.07,-3.89,-10.03,-13.57,24.23,1.47,-0.0,-1.26,-2.47,-1.88,-34.69
synthetic sweep,9,Radiohead,as-is,13.699999999999996,palm,A3,220.0,,-12.57,-14.37,-17.26,-6.78,-16.6,-11.69,26.39,-0.61,-0.0,0.66,-0.66,0.0,-41.26
synthetic sweep,9,Radiohead,as-is,14.299999999999995,palm,A#3,233.1,,-13.3,-16.03,-16.6,-4.96,-22.9,-12.46,24.94,5.11,-0.0,-1.0,0.0,-0.73,-47.55
synthetic sweep,9,Radiohead,as-is,14.899999999999995,palm,B3,246.9,,-15.04,-17.04,-19.35,-4.76,-23.77,-14.23,23.02,2.34,-0.0,-2.01,-2.75,-2.47,-48.42
synthetic sweep,9,Radiohead,as-is,15.499999999999995,ring,E2,82.4,,-10.75,-16.61,-12.06,-2.56,26.82,-9.41,24.73,22.03,-0.0,,,,2.16
synthetic sweep,9,Radiohead,as-is,17.499999999999993,ring,A2,110.0,,-9.79,-16.65,-10.79,-1.25,27.4,-8.59,27.2,20.85,-0.0,,,,2.74
synthetic sweep,9,Radiohead,as-is,19.499999999999993,ring,D3,146.8,,-12.22,-18.18,-13.49,-4.72,25.67,-11.27,25.72,14.96,-0.0,,,,1.02
synthetic sweep,9,Radiohead,as-is,21.499999999999993,ring,G3,196.0,,-13.6,-18.66,-15.22,-4.9,22.3,-13.26,22.1,17.92,-0.0,,,,-2.36
synthetic sweep,9,Radiohead,as-is,23.499999999999993,ring,B3,246.9,,-11.73,-18.93,-12.65,-3.42,-4.26,-11.68,23.2,20.61,-0.0,,,,-28.91
synthetic sweep,9,Radiohead,as-is,25.499999999999993,ring,E5 chord,82.4,,-9.41,-16.76,-10.29,-0.9,26.72,-8.44,19.24,21.47,0.1,,,,2.06
synthetic sweep,9,Radiohead,as-is,27.499999999999993,ring,A5 chord,110.0,,-9.97,-16.82,-10.98,-0.53,23.64,-9.19,21.33,23.11,0.47,,,,-1.02
synthetic sweep,9,Radiohead,as-is,29.499999999999993,ring,B5 chord,123.5,,-11.52,-18.43,-12.51,-0.52,22.84,-10.9,21.19,19.76,0.48,,,,-1.82
synthetic sweep,10,Nirvana,as-is,0.5,palm,B1,61.7,,-22.79,-27.1,-24.8,-9.26,9.28,-21.97,-3.19,7.05,-0.0,-5.29,-6.08,-5.91,-6.92
synthetic sweep,10,Nirvana,as-is,1.1,palm,C2,65.4,,-24.34,-28.29,-26.58,-10.08,8.27,-23.92,-0.26,1.34,-0.0,-6.48,-7.86,-7.46,-7.93
synthetic sweep,10,Nirvana,as-is,1.7000000000000002,palm,C#2,69.3,,-22.97,-26.13,-25.84,-8.19,5.89,-22.3,3.67,4.73,-0.0,-4.32,-7.12,-6.09,-10.3
synthetic sweep,10,Nirvana,as-is,2.3000000000000003,palm,D2,73.4,,-22.61,-25.7,-25.53,-6.79,7.47,-21.97,6.51,2.48,-0.0,-3.89,-6.81,-5.73,-8.73
synthetic sweep,10,Nirvana,as-is,2.9000000000000004,palm,D#2,77.8,,-22.9,-26.23,-25.61,-8.72,8.47,-22.42,7.83,2.82,-0.0,-4.42,-6.89,-6.02,-7.72
synthetic sweep,10,Nirvana,as-is,3.5000000000000004,palm,E2,82.4,,-22.93,-27.04,-25.07,-6.06,10.05,-22.22,9.86,0.81,-0.0,-5.23,-6.35,-6.05,-6.14
synthetic sweep,10,Nirvana,as-is,4.1000000000000005,palm,F2,87.3,,-22.31,-25.06,-25.59,-7.26,12.28,-21.6,12.01,2.98,-0.0,-3.25,-6.87,-5.43,-3.92
synthetic sweep,10,Nirvana,as-is,4.7,palm,F#2,92.5,,-21.85,-26.15,-23.86,-8.29,14.3,-20.94,14.25,-2.43,-0.0,-4.34,-5.14,-4.97,-1.89
synthetic sweep,10,Nirvana,as-is,5.3,palm,G2,98.0,,-20.84,-25.22,-22.81,-7.38,16.19,-19.82,16.23,-6.17,-0.0,-3.41,-4.09,-3.96,-0.0
synthetic sweep,10,Nirvana,as-is,5.8999999999999995,palm,G#2,103.8,,-19.48,-24.07,-21.33,-9.14,18.36,-18.25,18.45,-3.44,-0.0,-2.26,-2.61,-2.6,2.16
synthetic sweep,10,Nirvana,as-is,6.499999999999999,palm,A2,110.0,,-18.25,-23.12,-19.96,-9.68,20.0,-17.06,20.04,-0.1,-0.0,-1.31,-1.24,-1.37,3.8
synthetic sweep,10,Nirvana,as-is,7.099999999999999,palm,A#2,116.5,,-17.19,-22.47,-18.72,-9.94,21.18,-16.03,21.23,0.31,-0.0,-0.66,0.0,-0.31,4.98
synthetic sweep,10,Nirvana,as-is,7.699999999999998,palm,B2,123.5,,-16.25,-21.78,-17.68,-7.81,22.06,-15.23,22.15,-5.24,-0.0,0.03,1.04,0.63,5.86
synthetic sweep,10,Nirvana,as-is,8.299999999999999,palm,C3,130.8,,-15.77,-21.81,-17.01,-7.31,22.78,-14.72,22.88,-3.59,-0.0,0.0,1.71,1.11,6.59
synthetic sweep,10,Nirvana,as-is,8.899999999999999,palm,C#3,138.6,,-15.23,-21.29,-16.47,-9.36,23.51,-14.2,23.52,0.95,-0.0,0.52,2.25,1.65,7.32
synthetic sweep,10,Nirvana,as-is,9.499999999999998,palm,D3,146.8,,-15.07,-20.4,-16.57,-7.24,23.42,-14.25,23.34,3.57,-0.0,1.41,2.15,1.81,7.23
synthetic sweep,10,Nirvana,as-is,10.099999999999998,palm,D#3,155.6,,-15.18,-20.27,-16.79,-9.55,23.31,-14.3,23.3,-1.8,-0.0,1.54,1.93,1.7,7.11
synthetic sweep,10,Nirvana,as-is,10.699999999999998,palm,E3,164.8,,-15.17,-19.76,-17.03,-8.05,23.08,-14.43,23.12,-2.62,-0.0,2.05,1.69,1.71,6.88
synthetic sweep,10,Nirvana,as-is,11.299999999999997,palm,F3,174.6,,-15.63,-20.17,-17.52,-8.9,22.82,-14.86,22.77,-2.27,-0.0,1.64,1.2,1.25,6.62
synthetic sweep,10,Nirvana,as-is,11.899999999999997,palm,F#3,185.0,,-16.33,-20.21,-18.61,-8.94,21.7,-15.75,21.66,1.56,-0.0,1.6,0.11,0.55,5.5
synthetic sweep,10,Nirvana,as-is,12.499999999999996,palm,G3,196.0,,-16.88,-20.87,-19.09,-9.2,20.77,-16.4,20.85,-3.49,-0.0,0.94,-0.37,0.0,4.57
synthetic sweep,10,Nirvana,as-is,13.099999999999996,palm,G#3,207.7,,-15.57,-19.43,-17.86,-7.23,-18.62,-15.17,22.26,-1.46,-0.0,2.38,0.86,1.31,-34.81
synthetic sweep,10,Nirvana,as-is,13.699999999999996,palm,A3,220.0,,-15.07,-19.28,-17.14,-7.68,-36.12,-14.64,23.0,-1.33,-0.0,2.53,1.58,1.81,-52.31
synthetic sweep,10,Nirvana,as-is,14.299999999999995,palm,A#3,233.1,,-15.02,-19.27,-17.07,-8.1,-36.42,-14.58,23.06,-4.39,-0.0,2.54,1.65,1.86,-52.62
synthetic sweep,10,Nirvana,as-is,14.899999999999995,palm,B3,246.9,,-15.77,-19.59,-18.09,-8.0,-38.07,-15.49,21.97,-4.18,-0.0,2.22,0.63,1.11,-54.27
synthetic sweep,10,Nirvana,as-is,15.499999999999995,ring,E2,82.4,,-17.45,-19.64,-21.46,-7.02,14.72,-17.9,6.85,14.01,-0.0,,,,-1.47
synthetic sweep,10,Nirvana,as-is,17.499999999999993,ring,A2,110.0,,-15.46,-18.7,-18.25,-7.61,16.71,-16.07,16.42,9.7,-0.0,,,,0.52
synthetic sweep,10,Nirvana,as-is,19.499999999999993,ring,D3,146.8,,-14.48,-18.34,-16.78,-7.09,19.31,-15.01,19.44,12.62,-0.0,,,,3.11
synthetic sweep,10,Nirvana,as-is,21.499999999999993,ring,G3,196.0,,-14.03,-17.43,-16.68,-7.29,17.25,-15.31,16.97,13.32,-0.0,,,,1.05
synthetic sweep,10,Nirvana,as-is,23.499999999999993,ring,B3,246.9,,-14.83,-18.34,-17.39,-8.52,-22.66,-16.05,18.61,5.36,-0.0,,,,-38.86
synthetic sweep,10,Nirvana,as-is,25.499999999999993,ring,E5 chord,82.4,,-15.41,-18.92,-17.97,-6.08,18.2,-15.8,-0.71,16.0,-0.0,,,,2.0
synthetic sweep,10,Nirvana,as-is,27.499999999999993,ring,A5 chord,110.0,,-14.3,-17.89,-16.8,-6.58,14.04,-15.18,11.29,16.67,-0.0,,,,-2.16
synthetic sweep,10,Nirvana,as-is,29.499999999999993,ring,B5 chord,123.5,,-14.52,-17.98,-17.12,-6.52,15.68,-15.76,10.78,12.19,-0.0,,,,-0.52
synthetic sweep,11,Djent,as-is,0.5,palm,B1,61.7,,-14.87,-17.52,-18.27,-4.32,22.45,-13.55,20.3,14.8,-0.0,-3.83,-2.4,-3.5,2.76
synthetic sweep,11,Djent,as-is,1.1,palm,C2,65.4,,-14.7,-17.36,-18.1,-5.91,23.31,-13.31,21.84,13.84,-0.0,-3.67,-2.23,-3.33,3.62
synthetic sweep,11,Djent,as-is,1.7000000000000002,palm,C#2,69.3,,-14.16,-16.58,-17.85,-4.29,23.37,-12.72,22.84,14.99,-0.0,-2.89,-1.98,-2.79,3.68
synthetic sweep,11,Djent,as-is,2.3000000000000003,palm,D2,73.4,,-13.8,-15.88,-18.0,-4.92,24.49,-12.25,24.16,15.14,-0.0,-2.19,-2.13,-2.43,4.8
synthetic sweep,11,Djent,as-is,2.9000000000000004,palm,D#2,77.8,,-13.21,-14.95,-18.03,-4.67,25.24,-11.72,24.98,14.88,-0.0,-1.26,-2.16,-1.84,5.55
synthetic sweep,11,Djent,as-is,3.5000000000000004,palm,E2,82.4,,-12.53,-14.2,-17.49,-3.68,26.24,-11.04,25.84,17.52,-0.0,-0.51,-1.62,-1.16,6.55
synthetic sweep,11,Djent,as-is,4.1000000000000005,palm,F2,87.3,,-12.02,-13.44,-17.57,-4.76,27.02,-10.53,26.93,15.79,-0.0,0.25,-1.7,-0.65,7.33
synthetic sweep,11,Djent,as-is,4.7,palm,F#2,92.5,,-11.63,-12.82,-17.84,-3.58,27.82,-10.11,27.78,14.59,-0.0,0.87,-1.97,-0.26,8.13
synthetic sweep,11,Djent,as-is,5.3,palm,G2,98.0,,-11.27,-12.48,-17.41,-3.56,28.13,-9.86,28.26,15.03,-0.0,1.21,-1.54,0.1,8.44
synthetic sweep,11,Djent,as-is,5.8999999999999995,palm,G#2,103.8,,-10.65,-11.7,-17.32,-3.36,28.41,-9.27,28.78,12.63,-0.0,1.99,-1.45,0.72,8.72
synthetic sweep,11,Djent,as-is,6.499999999999999,palm,A2,110.0,,-10.37,-11.43,-17.02,-3.65,28.82,-9.05,29.2,13.11,-0.0,2.26,-1.15,1.0,9.13
synthetic sweep,11,Djent,as-is,7.099999999999999,palm,A#2,116.5,,-10.34,-11.52,-16.56,-3.85,28.75,-9.13,29.17,14.6,-0.0,2.17,-0.69,1.03,9.06
synthetic sweep,11,Djent,as-is,7.699999999999998,palm,B2,123.5,,-10.66,-12.21,-15.87,-3.42,28.38,-9.54,28.49,16.54,-0.0,1.48,0.0,0.71,8.69
synthetic sweep,11,Djent,as-is,8.299999999999999,palm,C3,130.8,,-11.72,-13.92,-15.73,-3.9,26.9,-10.8,27.09,14.62,-0.0,-0.23,0.14,-0.35,7.21
synthetic sweep,11,Djent,as-is,8.899999999999999,palm,C#3,138.6,,-12.24,-14.94,-15.59,-4.24,26.29,-11.39,26.58,11.72,-0.0,-1.25,0.28,-0.87,6.6
synthetic sweep,11,Djent,as-is,9.499999999999998,palm,D3,146.8,,-11.3,-13.68,-15.05,-4.76,27.38,-10.41,27.7,11.72,-0.0,0.01,0.82,0.07,7.69
synthetic sweep,11,Djent,as-is,10.099999999999998,palm,D#3,155.6,,-10.69,-12.56,-15.25,-4.47,28.22,-9.78,28.58,7.04,-0.0,1.13,0.62,0.68,8.53
synthetic sweep,11,Djent,as-is,10.699999999999998,palm,E3,164.8,,-10.62,-12.57,-15.04,-4.15,28.04,-9.79,28.39,7.15,-0.0,1.12,0.83,0.75,8.35
synthetic sweep,11,Djent,as-is,11.299999999999997,palm,F3,174.6,,-11.22,-13.33,-15.36,-4.96,27.59,-10.44,28.04,4.99,-0.0,0.36,0.51,0.15,7.9
synthetic sweep,11,Djent,as-is,11.899999999999997,palm,F#3,185.0,,-11.37,-13.59,-15.33,-5.16,27.23,-10.7,27.6,7.93,-0.0,0.1,0.54,0.0,7.54
synthetic sweep,11,Djent,as-is,12.499999999999996,palm,G3,196.0,,-11.29,-13.69,-15.01,-5.24,27.1,-10.61,27.66,2.96,-0.0,0.0,0.86,0.08,7.41
synthetic sweep,11,Djent,as-is,13.099999999999996,palm,G#3,207.7,,-11.35,-14.28,-14.44,-6.08,1.3,-10.7,27.56,7.45,-0.0,-0.59,1.43,0.02,-18.39
synthetic sweep,11,Djent,as-is,13.699999999999996,palm,A3,220.0,,-11.38,-14.54,-14.24,-5.5,-6.26,-10.78,27.3,8.45,-0.0,-0.85,1.63,-0.01,-25.95
synthetic sweep,11,Djent,as-is,14.299999999999995,palm,A#3,233.1,,-11.35,-14.62,-14.11,-5.83,-9.18,-10.78,27.41,3.14,-0.0,-0.93,1.76,0.02,-28.87
synthetic sweep,11,Djent,as-is,14.899999999999995,palm,B3,246.9,,-11.45,-14.89,-14.08,-5.75,-10.12,-10.88,27.02,4.06,-0.0,-1.2,1.79,-0.08,-29.81
synthetic sweep,11,Djent,as-is,15.499999999999995,ring,E2,82.4,,-13.02,-15.62,-16.48,-4.76,21.14,-12.82,15.52,19.33,-0.0,,,,1.45
synthetic sweep,11,Djent,as-is,17.499999999999993,ring,A2,110.0,,-13.29,-15.71,-16.97,-5.45,19.48,-13.35,19.06,18.04,-0.0,,,,-0.21
synthetic sweep,11,Djent,as-is,19.499999999999993,ring,D3,146.8,,-13.26,-15.93,-16.65,-5.23,19.9,-13.44,20.31,17.29,-0.0,,,,0.21
synthetic sweep,11,Djent,as-is,21.499999999999993,ring,G3,196.0,,-12.56,-15.57,-15.58,-6.45,21.32,-13.47,20.87,13.22,-0.0,,,,1.63
synthetic sweep,11,Djent,as-is,23.499999999999993,ring,B3,246.9,,-13.31,-16.51,-16.13,-7.81,-12.49,-14.34,17.9,14.78,-0.0,,,,-32.18
synthetic sweep,11,Djent,as-is,25.499999999999993,ring,E5 chord,82.4,,-13.01,-15.73,-16.32,-3.92,20.51,-13.23,9.82,17.4,-0.0,,,,0.82
synthetic sweep,11,Djent,as-is,27.499999999999993,ring,A5 chord,110.0,,-12.73,-15.58,-15.91,-5.57,17.18,-13.13,13.7,18.41,-0.0,,,,-2.51
synthetic sweep,11,Djent,as-is,29.499999999999993,ring,B5 chord,123.5,,-13.14,-16.27,-16.03,-5.58,16.36,-13.84,9.43,17.97,-0.0,,,,-3.33
synthetic sweep,13,Satan Full Rig,as-is,0.5,palm,B1,61.7,,-8.08,-11.09,-11.09,0.87,30.13,-6.28,27.23,29.36,1.87,-1.34,-1.34,-1.34,8.88
synthetic sweep,13,Satan Full Rig,as-is,1.1,palm,C2,65.4,,-8.81,-11.83,-11.83,0.32,30.39,-6.71,29.47,26.23,1.32,-2.08,-2.08,-2.07,9.14
synthetic sweep,13,Satan Full Rig,as-is,1.7000000000000002,palm,C#2,69.3,,-7.27,-10.28,-10.28,1.17,31.77,-5.39,30.2,29.49,2.17,-0.53,-0.53,-0.53,10.52
synthetic sweep,13,Satan Full Rig,as-is,2.3000000000000003,palm,D2,73.4,,-8.31,-11.32,-11.32,-1.31,32.41,-6.01,32.1,24.69,0.0,-1.57,-1.57,-1.57,11.16
synthetic sweep,13,Satan Full Rig,as-is,2.9000000000000004,palm,D#2,77.8,,-6.74,-9.75,-9.75,-0.38,33.9,-4.46,33.94,21.64,0.62,0.0,0.0,0.0,12.65
synthetic sweep,13,Satan Full Rig,as-is,3.5000000000000004,palm,E2,82.4,,-5.56,-8.57,-8.57,0.57,35.29,-3.33,35.31,18.2,1.57,1.18,1.18,1.18,14.04
synthetic sweep,13,Satan Full Rig,as-is,4.1000000000000005,palm,F2,87.3,,-4.27,-7.28,-7.28,-0.28,36.73,-2.18,36.75,19.31,0.72,2.47,2.47,2.47,15.48
synthetic sweep,13,Satan Full Rig,as-is,4.7,palm,F#2,92.5,,-2.38,-5.39,-5.39,2.7,37.76,-0.42,37.7,18.41,3.7,4.36,4.36,4.36,16.51
synthetic sweep,13,Satan Full Rig,as-is,5.3,palm,G2,98.0,,-2.38,-5.39,-5.39,1.1,38.3,-0.54,38.3,15.16,2.1,4.36,4.36,4.36,17.05
synthetic sweep,13,Satan Full Rig,as-is,5.8999999999999995,palm,G#2,103.8,,-1.23,-4.24,-4.24,1.98,38.97,0.5,39.1,14.55,2.98,5.51,5.51,5.51,17.72
synthetic sweep,13,Satan Full Rig,as-is,6.499999999999999,palm,A2,110.0,,-1.36,-4.37,-4.37,2.35,38.82,0.25,38.74,11.98,3.35,5.38,5.38,5.38,17.57
synthetic sweep,13,Satan Full Rig,as-is,7.099999999999999,palm,A#2,116.5,,-1.15,-4.16,-4.16,2.21,38.88,0.36,38.88,6.24,3.21,5.59,5.59,5.59,17.63
synthetic sweep,13,Satan Full Rig,as-is,7.699999999999998,palm,B2,123.5,,-1.03,-4.04,-4.04,1.68,39.05,0.39,38.93,12.39,2.68,5.71,5.71,5.71,17.8
synthetic sweep,13,Satan Full Rig,as-is,8.299999999999999,palm,C3,130.8,,-1.6,-4.61,-4.61,1.52,38.52,-0.26,38.52,12.87,2.52,5.14,5.14,5.14,17.27
synthetic sweep,13,Satan Full Rig,as-is,8.899999999999999,palm,C#3,138.6,,-2.39,-5.4,-5.4,0.94,37.72,-1.12,37.55,14.83,1.94,4.35,4.35,4.35,16.47
synthetic sweep,13,Satan Full Rig,as-is,9.499999999999998,palm,D3,146.8,,-2.88,-5.89,-5.89,0.1,37.11,-1.68,37.3,8.82,1.1,3.86,3.86,3.86,15.86
synthetic sweep,13,Satan Full Rig,as-is,10.099999999999998,palm,D#3,155.6,,-5.11,-8.12,-8.12,-1.61,35.25,-3.99,35.32,6.14,0.0,1.63,1.63,1.63,14.0
synthetic sweep,13,Satan Full Rig,as-is,10.699999999999998,palm,E3,164.8,,-6.94,-9.95,-9.95,-3.2,33.35,-5.89,33.42,8.48,0.0,-0.2,-0.2,-0.2,12.1
synthetic sweep,13,Satan Full Rig,as-is,11.299999999999997,palm,F3,174.6,,-8.31,-11.32,-11.32,-4.61,31.99,-7.33,32.13,5.86,0.0,-1.57,-1.57,-1.57,10.74
synthetic sweep,13,Satan Full Rig,as-is,11.899999999999997,palm,F#3,185.0,,-9.03,-12.04,-12.04,-4.8,31.04,-8.11,31.06,10.08,0.0,-2.29,-2.29,-2.29,9.79
synthetic sweep,13,Satan Full Rig,as-is,12.499999999999996,palm,G3,196.0,,-9.89,-12.9,-12.9,-3.41,30.0,-9.04,29.88,9.43,0.0,-3.15,-3.15,-3.15,8.75
synthetic sweep,13,Satan Full Rig,as-is,13.099999999999996,palm,G#3,207.7,,-9.7,-12.71,-12.71,-5.77,-4.79,-8.85,30.22,11.08,0.0,-2.96,-2.96,-2.96,-26.04
synthetic sweep,13,Satan Full Rig,as-is,13.699999999999996,palm,A3,220.0,,-11.12,-14.13,-14.13,-7.38,-16.09,-10.38,28.71,8.42,0.0,-4.38,-4.38,-4.38,-37.34
synthetic sweep,13,Satan Full Rig,as-is,14.299999999999995,palm,A#3,233.1,,-13.01,-16.02,-16.02,-7.09,-16.66,-12.42,26.0,8.27,0.0,-6.27,-6.27,-6.27,-37.91
synthetic sweep,13,Satan Full Rig,as-is,14.899999999999995,palm,B3,246.9,,-14.27,-17.28,-17.28,-5.89,-18.32,-13.79,24.58,6.33,0.0,-7.53,-7.53,-7.53,-39.57
synthetic sweep,13,Satan Full Rig,as-is,15.499999999999995,ring,E2,82.4,,-14.86,-17.87,-17.87,-7.32,20.37,-14.49,20.34,12.98,0.0,,,,-0.88
synthetic sweep,13,Satan Full Rig,as-is,17.499999999999993,ring,A2,110.0,,-10.56,-13.57,-13.57,-3.64,25.92,-9.61,24.51,12.3,1.3,,,,4.67
synthetic sweep,13,Satan Full Rig,as-is,19.499999999999993,ring,D3,146.8,,-13.73,-16.75,-16.75,-4.69,21.14,-13.93,22.09,7.4,0.0,,,,-0.11
synthetic sweep,13,Satan Full Rig,as-is,21.499999999999993,ring,G3,196.0,,-13.45,-16.46,-16.46,-5.75,10.72,-15.29,11.47,6.41,0.0,,,,-10.53
synthetic sweep,13,Satan Full Rig,as-is,23.499999999999993,ring,B3,246.9,,-13.89,-16.9,-16.9,-7.75,0.26,-16.11,6.83,1.32,0.0,,,,-20.99
synthetic sweep,13,Satan Full Rig,as-is,25.499999999999993,ring,E5 chord,82.4,,-13.17,-16.18,-16.18,-3.67,24.26,-13.08,19.39,12.66,0.0,,,,3.01
synthetic sweep,13,Satan Full Rig,as-is,27.499999999999993,ring,A5 chord,110.0,,-12.0,-15.01,-15.01,-3.34,23.42,-11.78,20.85,8.93,0.0,,,,2.17
synthetic sweep,13,Satan Full Rig,as-is,29.499999999999993,ring,B5 chord,123.5,,-12.67,-15.68,-15.68,-4.62,21.36,-12.9,22.07,7.03,0.0,,,,0.11
synthetic sweep,14,Satan 50 Modern,as-is,0.5,palm,B1,61.7,,-13.84,-16.85,-16.85,-4.3,24.14,-12.03,23.12,19.97,-0.0,-4.22,-4.22,-4.22,9.49
synthetic sweep,14,Satan 50 Modern,as-is,1.1,palm,C2,65.4,,-13.56,-16.58,-16.58,-4.78,24.89,-11.7,24.15,19.74,-0.0,-3.95,-3.95,-3.94,10.24
synthetic sweep,14,Satan 50 Modern,as-is,1.7000000000000002,palm,C#2,69.3,,-11.94,-14.95,-14.95,-1.52,25.8,-10.34,24.28,23.99,-0.0,-2.32,-2.32,-2.32,11.15
synthetic sweep,14,Satan 50 Modern,as-is,2.3000000000000003,palm,D2,73.4,,-13.19,-16.2,-16.2,-4.99,26.07,-11.45,25.35,21.58,-0.0,-3.57,-3.57,-3.57,11.42
synthetic sweep,14,Satan 50 Modern,as-is,2.9000000000000004,palm,D#2,77.8,,-12.41,-15.42,-15.42,-4.59,26.77,-10.61,26.9,19.26,-0.0,-2.79,-2.79,-2.79,12.12
synthetic sweep,14,Satan 50 Modern,as-is,3.5000000000000004,palm,E2,82.4,,-11.42,-14.43,-14.43,-3.04,28.28,-9.64,28.35,20.55,-0.0,-1.8,-1.8,-1.8,13.63
synthetic sweep,14,Satan 50 Modern,as-is,4.1000000000000005,palm,F2,87.3,,-10.76,-13.77,-13.77,-4.01,29.5,-8.99,29.44,21.48,-0.0,-1.14,-1.14,-1.14,14.85
synthetic sweep,14,Satan 50 Modern,as-is,4.7,palm,F#2,92.5,,-8.77,-11.78,-11.78,-2.63,31.48,-7.0,31.4,20.46,-0.0,0.85,0.85,0.85,16.83
synthetic sweep,14,Satan 50 Modern,as-is,5.3,palm,G2,98.0,,-7.74,-10.75,-10.75,-2.41,32.93,-5.99,33.38,17.16,-0.0,1.88,1.88,1.88,18.28
synthetic sweep,14,Satan 50 Modern,as-is,5.8999999999999995,palm,G#2,103.8,,-6.0,-9.01,-9.01,-0.79,34.38,-4.33,34.79,18.68,0.21,3.62,3.62,3.62,19.73
synthetic sweep,14,Satan 50 Modern,as-is,6.499999999999999,palm,A2,110.0,,-6.09,-9.11,-9.11,-1.57,34.39,-4.55,34.72,13.99,0.0,3.52,3.52,3.53,19.74
synthetic sweep,14,Satan 50 Modern,as-is,7.099999999999999,palm,A#2,116.5,,-7.05,-10.06,-10.06,-2.1,33.11,-5.6,33.75,9.19,0.0,2.57,2.57,2.57,18.46
synthetic sweep,14,Satan 50 Modern,as-is,7.699999999999998,palm,B2,123.5,,-5.7,-8.71,-8.71,-1.29,34.71,-4.33,34.81,17.8,0.0,3.92,3.92,3.92,20.06
synthetic sweep,14,Satan 50 Modern,as-is,8.299999999999999,palm,C3,130.8,,-6.51,-9.52,-9.52,-2.22,33.68,-5.23,34.0,17.13,0.0,3.11,3.11,3.11,19.03
synthetic sweep,14,Satan 50 Modern,as-is,8.899999999999999,palm,C#3,138.6,,-6.97,-9.98,-9.98,-3.08,33.1,-5.77,32.94,20.61,0.0,2.65,2.65,2.65,18.45
synthetic sweep,14,Satan 50 Modern,as-is,9.499999999999998,palm,D3,146.8,,-6.9,-9.91,-9.91,-3.24,33.07,-5.76,33.44,13.23,0.0,2.72,2.72,2.72,18.42
synthetic sweep,14,Satan 50 Modern,as-is,10.099999999999998,palm,D#3,155.6,,-7.94,-10.95,-10.95,-4.38,32.15,-6.88,32.21,15.66,0.0,1.68,1.68,1.68,17.5
synthetic sweep,14,Satan 50 Modern,as-is,10.699999999999998,palm,E3,164.8,,-7.97,-10.99,-10.99,-4.68,32.05,-6.98,32.14,17.04,0.0,1.64,1.64,1.65,17.4
synthetic sweep,14,Satan 50 Modern,as-is,11.299999999999997,palm,F3,174.6,,-8.9,-11.91,-11.91,-5.64,30.93,-7.98,31.01,14.04,0.0,0.72,0.72,0.72,16.28
synthetic sweep,14,Satan 50 Modern,as-is,11.899999999999997,palm,F#3,185.0,,-9.71,-12.72,-12.72,-6.64,30.02,-8.84,30.02,15.36,0.0,-0.09,-0.09,-0.09,15.37
synthetic sweep,14,Satan 50 Modern,as-is,12.499999999999996,palm,G3,196.0,,-10.62,-13.63,-13.63,-7.81,28.8,-9.84,28.85,13.61,0.0,-1.0,-1.0,-1.0,14.15
synthetic sweep,14,Satan 50 Modern,as-is,13.099999999999996,palm,G#3,207.7,,-9.62,-12.63,-12.63,-6.41,-7.45,-8.84,29.82,15.22,0.0,0.0,0.0,0.0,-22.1
synthetic sweep,14,Satan 50 Modern,as-is,13.699999999999996,palm,A3,220.0,,-10.19,-13.2,-13.2,-6.96,-19.26,-9.46,29.28,14.17,0.0,-0.57,-0.57,-0.57,-33.91
synthetic sweep,14,Satan 50 Modern,as-is,14.299999999999995,palm,A#3,233.1,,-11.02,-14.03,-14.03,-8.38,-20.0,-10.35,28.14,13.23,0.0,-1.4,-1.4,-1.4,-34.65
synthetic sweep,14,Satan 50 Modern,as-is,14.899999999999995,palm,B3,246.9,,-12.22,-15.23,-15.23,-9.01,-26.1,-11.66,27.13,11.49,0.0,-2.6,-2.6,-2.6,-40.75
synthetic sweep,14,Satan 50 Modern,as-is,15.499999999999995,ring,E2,82.4,,-14.67,-17.68,-17.68,-8.9,14.12,-15.3,9.3,12.27,0.0,,,,-0.53
synthetic sweep,14,Satan 50 Modern,as-is,17.499999999999993,ring,A2,110.0,,-13.24,-16.25,-16.25,-6.81,17.71,-13.69,17.12,14.65,0.0,,,,3.06
synthetic sweep,14,Satan 50 Modern,as-is,19.499999999999993,ring,D3,146.8,,-13.76,-16.77,-16.77,-7.8,15.57,-14.64,16.94,13.36,0.0,,,,0.92
synthetic sweep,14,Satan 50 Modern,as-is,21.499999999999993,ring,G3,196.0,,-13.47,-16.48,-16.48,-8.63,9.95,-15.35,10.55,11.02,0.0,,,,-4.7
synthetic sweep,14,Satan 50 Modern,as-is,23.499999999999993,ring,B3,246.9,,-13.12,-16.13,-16.13,-8.98,-9.25,-15.13,9.79,9.21,0.0,,,,-23.9
synthetic sweep,14,Satan 50 Modern,as-is,25.499999999999993,ring,E5 chord,82.4,,-13.67,-16.68,-16.68,-7.3,17.24,-14.6,8.23,10.69,0.0,,,,2.59
synthetic sweep,14,Satan 50 Modern,as-is,27.499999999999993,ring,A5 chord,110.0,,-13.44,-16.45,-16.45,-6.9,15.12,-14.56,13.17,11.23,0.0,,,,0.47
synthetic sweep,14,Satan 50 Modern,as-is,29.499999999999993,ring,B5 chord,123.5,,-13.61,-16.62,-16.62,-8.24,14.18,-14.94,13.16,10.92,0.0,,,,-0.47
synthetic sweep,15,Satan 50 Low Tuned,as-is,0.5,palm,B1,61.7,,-8.99,-12.0,-12.0,-1.16,31.3,-7.8,8.57,31.53,-0.0,0.82,0.82,0.82,16.41
synthetic sweep,15,Satan 50 Low Tuned,as-is,1.1,palm,C2,65.4,,-12.35,-15.36,-15.36,-4.63,25.92,-11.48,15.68,25.98,-0.0,-2.54,-2.54,-2.54,11.03
synthetic sweep,15,Satan 50 Low Tuned,as-is,1.7000000000000002,palm,C#2,69.3,,-9.95,-12.96,-12.96,-2.0,29.54,-8.9,16.54,29.81,-0.0,-0.14,-0.14,-0.14,14.65
synthetic sweep,15,Satan 50 Low Tuned,as-is,2.3000000000000003,palm,D2,73.4,,-9.81,-12.82,-12.82,-2.92,29.33,-8.74,18.12,29.68,-0.0,0.0,0.0,0.0,14.44
synthetic sweep,15,Satan 50 Low Tuned,as-is,2.9000000000000004,palm,D#2,77.8,,-12.16,-15.17,-15.17,-3.25,26.59,-11.23,20.08,25.24,-0.0,-2.35,-2.35,-2.35,11.7
synthetic sweep,15,Satan 50 Low Tuned,as-is,3.5000000000000004,palm,E2,82.4,,-10.58,-13.59,-13.59,-2.65,28.48,-9.27,24.62,26.76,-0.0,-0.77,-0.77,-0.77,13.59
synthetic sweep,15,Satan 50 Low Tuned,as-is,4.1000000000000005,palm,F2,87.3,,-10.15,-13.16,-13.16,-2.45,29.33,-8.72,26.17,24.33,-0.0,-0.34,-0.34,-0.34,14.44
synthetic sweep,15,Satan 50 Low Tuned,as-is,4.7,palm,F#2,92.5,,-9.36,-12.37,-12.37,-2.15,30.57,-7.73,29.71,19.96,-0.0,0.45,0.45,0.45,15.68
synthetic sweep,15,Satan 50 Low Tuned,as-is,5.3,palm,G2,98.0,,-7.94,-10.95,-10.95,-2.32,32.52,-6.32,31.54,17.47,-0.0,1.87,1.87,1.87,17.63
synthetic sweep,15,Satan 50 Low Tuned,as-is,5.8999999999999995,palm,G#2,103.8,,-6.27,-9.28,-9.28,-0.25,34.06,-4.69,32.79,13.14,0.75,3.54,3.54,3.54,19.17
synthetic sweep,15,Satan 50 Low Tuned,as-is,6.499999999999999,palm,A2,110.0,,-4.89,-7.9,-7.9,-1.07,35.32,-3.37,34.47,17.5,0.0,4.92,4.92,4.92,20.43
synthetic sweep,15,Satan 50 Low Tuned,as-is,7.099999999999999,palm,A#2,116.5,,-4.99,-8.0,-8.0,-0.4,35.08,-3.56,33.96,18.71,0.6,4.82,4.82,4.82,20.19
synthetic sweep,15,Satan 50 Low Tuned,as-is,7.699999999999998,palm,B2,123.5,,-6.51,-9.52,-9.52,-1.16,33.49,-5.22,31.5,18.08,0.0,3.3,3.3,3.3,18.6
synthetic sweep,15,Satan 50 Low Tuned,as-is,8.299999999999999,palm,C3,130.8,,-7.27,-10.28,-10.28,-1.94,32.28,-6.1,30.23,20.56,0.0,2.54,2.54,2.54,17.39
synthetic sweep,15,Satan 50 Low Tuned,as-is,8.899999999999999,palm,C#3,138.6,,-5.97,-8.98,-8.98,-1.81,33.86,-4.78,33.22,15.95,0.0,3.84,3.84,3.84,18.97
synthetic sweep,15,Satan 50 Low Tuned,as-is,9.499999999999998,palm,D3,146.8,,-6.82,-9.83,-9.83,-2.43,32.95,-5.75,31.89,10.58,0.0,2.99,2.99,2.99,18.06
synthetic sweep,15,Satan 50 Low Tuned,as-is,10.099999999999998,palm,D#3,155.6,,-7.51,-10.52,-10.52,-3.44,32.18,-6.56,31.2,10.42,0.0,2.3,2.3,2.3,17.29
synthetic sweep,15,Satan 50 Low Tuned,as-is,10.699999999999998,palm,E3,164.8,,-8.63,-11.64,-11.64,-4.76,30.75,-7.81,29.94,9.65,0.0,1.18,1.18,1.18,15.86
synthetic sweep,15,Satan 50 Low Tuned,as-is,11.299999999999997,palm,F3,174.6,,-9.9,-12.91,-12.91,-6.51,29.34,-9.09,28.41,14.09,0.0,-0.09,-0.09,-0.09,14.45
synthetic sweep,15,Satan 50 Low Tuned,as-is,11.899999999999997,palm,F#3,185.0,,-10.47,-13.48,-13.48,-6.7,28.51,-9.77,27.48,9.44,0.0,-0.66,-0.66,-0.66,13.62
synthetic sweep,15,Satan 50 Low Tuned,as-is,12.499999999999996,palm,G3,196.0,,-11.04,-14.05,-14.05,-7.58,27.17,-10.41,26.18,16.89,0.0,-1.23,-1.23,-1.23,12.28
synthetic sweep,15,Satan 50 Low Tuned,as-is,13.099999999999996,palm,G#3,207.7,,-12.01,-15.02,-15.02,-7.8,0.87,-11.73,24.49,7.43,0.0,-2.2,-2.2,-2.2,-14.02
synthetic sweep,15,Satan 50 Low Tuned,as-is,13.699999999999996,palm,A3,220.0,,-12.24,-15.25,-15.25,-7.31,-7.25,-11.99,24.73,5.93,0.0,-2.43,-2.43,-2.43,-22.14
synthetic sweep,15,Satan 50 Low Tuned,as-is,14.299999999999995,palm,A#3,233.1,,-13.1,-16.11,-16.11,-9.9,-6.24,-13.05,23.31,9.59,0.0,-3.29,-3.29,-3.29,-21.13
synthetic sweep,15,Satan 50 Low Tuned,as-is,14.899999999999995,palm,B3,246.9,,-13.35,-16.36,-16.36,-9.06,-14.41,-13.47,22.64,9.35,0.0,-3.54,-3.54,-3.54,-29.3
synthetic sweep,15,Satan 50 Low Tuned,as-is,15.499999999999995,ring,E2,82.4,,-13.97,-16.98,-16.98,-9.24,14.3,-15.74,9.65,8.8,0.0,,,,-0.59
synthetic sweep,15,Satan 50 Low Tuned,as-is,17.499999999999993,ring,A2,110.0,,-13.21,-16.22,-16.22,-8.3,19.47,-14.46,18.35,12.23,0.0,,,,4.58
synthetic sweep,15,Satan 50 Low Tuned,as-is,19.499999999999993,ring,D3,146.8,,-13.28,-16.29,-16.29,-7.6,17.89,-14.68,19.89,10.62,0.0,,,,3.0
synthetic sweep,15,Satan 50 Low Tuned,as-is,21.499999999999993,ring,G3,196.0,,-14.12,-17.13,-17.13,-8.89,10.3,-16.58,10.7,7.16,0.0,,,,-4.59
synthetic sweep,15,Satan 50 Low Tuned,as-is,23.499999999999993,ring,B3,246.9,,-13.44,-16.46,-16.46,-10.49,-7.91,-16.0,10.55,-0.98,0.0,,,,-22.8
synthetic sweep,15,Satan 50 Low Tuned,as-is,25.499999999999993,ring,E5 chord,82.4,,-13.69,-16.7,-16.7,-8.31,16.93,-15.45,1.55,12.2,0.0,,,,2.04
synthetic sweep,15,Satan 50 Low Tuned,as-is,27.499999999999993,ring,A5 chord,110.0,,-13.4,-16.41,-16.41,-8.59,15.48,-15.44,13.95,9.79,0.0,,,,0.59
synthetic sweep,15,Satan 50 Low Tuned,as-is,29.499999999999993,ring,B5 chord,123.5,,-13.56,-16.57,-16.57,-9.27,14.28,-15.88,12.06,5.94,0.0,,,,-0.61
synthetic sweep,16,Satan 50 Lead,as-is,0.5,palm,B1,61.7,,-6.85,-9.86,-9.86,0.46,32.53,-5.58,8.27,32.7,1.46,0.0,0.0,0.0,12.23
synthetic sweep,16,Satan 50 Lead,as-is,1.1,palm,C2,65.4,,-11.07,-14.08,-14.08,-2.48,25.69,-9.96,14.0,19.87,0.0,-4.22,-4.22,-4.22,5.39
synthetic sweep,16,Satan 50 Lead,as-is,1.7000000000000002,palm,C#2,69.3,,-9.09,-12.1,-12.1,-1.55,27.41,-7.96,14.1,28.94,0.0,-2.24,-2.24,-2.24,7.11
synthetic sweep,16,Satan 50 Lead,as-is,2.3000000000000003,palm,D2,73.4,,-10.16,-13.17,-13.17,-2.09,25.52,-9.04,17.99,26.65,0.0,-3.31,-3.31,-3.31,5.22
synthetic sweep,16,Satan 50 Lead,as-is,2.9000000000000004,palm,D#2,77.8,,-9.96,-12.97,-12.97,-2.71,25.61,-8.8,20.2,25.76,0.0,-3.11,-3.11,-3.11,5.31
synthetic sweep,16,Satan 50 Lead,as-is,3.5000000000000004,palm,E2,82.4,,-9.81,-12.82,-12.82,-3.06,27.36,-8.65,21.14,28.19,0.0,-2.96,-2.96,-2.96,7.06
synthetic sweep,16,Satan 50 Lead,as-is,4.1000000000000005,palm,F2,87.3,,-10.39,-13.4,-13.4,-2.62,25.63,-9.27,21.99,25.77,0.0,-3.54,-3.54,-3.54,5.33
synthetic sweep,16,Satan 50 Lead,as-is,4.7,palm,F#2,92.5,,-11.79,-14.8,-14.8,-1.79,24.59,-10.64,22.64,21.39,0.0,-4.94,-4.94,-4.94,4.29
synthetic sweep,16,Satan 50 Lead,as-is,5.3,palm,G2,98.0,,-11.84,-14.85,-14.85,-2.91,25.93,-10.63,24.15,22.39,0.0,-4.99,-4.99,-4.99,5.63
synthetic sweep,16,Satan 50 Lead,as-is,5.8999999999999995,palm,G#2,103.8,,-9.56,-12.57,-12.57,-1.86,28.68,-8.22,28.53,21.53,0.0,-2.71,-2.71,-2.71,8.38
synthetic sweep,16,Satan 50 Lead,as-is,6.499999999999999,palm,A2,110.0,,-6.58,-9.59,-9.59,-1.59,32.97,-5.06,32.97,18.54,0.0,0.27,0.27,0.27,12.67
synthetic sweep,16,Satan 50 Lead,as-is,7.099999999999999,palm,A#2,116.5,,-3.77,-6.78,-6.78,0.15,36.04,-2.29,36.05,15.41,1.15,3.08,3.08,3.08,15.74
synthetic sweep,16,Satan 50 Lead,as-is,7.699999999999998,palm,B2,123.5,,-3.06,-6.07,-6.07,0.51,36.94,-1.68,36.31,20.17,2.81,3.79,3.79,3.79,16.64
synthetic sweep,16,Satan 50 Lead,as-is,8.299999999999999,palm,C3,130.8,,-3.99,-7.0,-7.0,1.81,36.02,-2.68,35.44,18.41,2.81,2.86,2.86,2.86,15.72
synthetic sweep,16,Satan 50 Lead,as-is,8.899999999999999,palm,C#3,138.6,,-4.68,-7.69,-7.69,-0.83,35.09,-3.44,34.91,11.9,0.17,2.17,2.17,2.17,14.79
synthetic sweep,16,Satan 50 Lead,as-is,9.499999999999998,palm,D3,146.8,,-4.41,-7.42,-7.42,-0.83,35.35,-3.24,35.3,10.54,0.17,2.44,2.44,2.44,15.05
synthetic sweep,16,Satan 50 Lead,as-is,10.099999999999998,palm,D#3,155.6,,-3.82,-6.83,-6.83,-0.61,35.78,-2.7,35.71,7.93,0.39,3.03,3.03,3.03,15.48
synthetic sweep,16,Satan 50 Lead,as-is,10.699999999999998,palm,E3,164.8,,-5.08,-8.09,-8.09,-1.88,34.43,-4.02,34.41,8.63,0.0,1.77,1.77,1.77,14.13
synthetic sweep,16,Satan 50 Lead,as-is,11.299999999999997,palm,F3,174.6,,-3.89,-6.9,-6.9,-0.88,35.84,-2.87,35.69,9.47,0.12,2.96,2.96,2.96,15.54
synthetic sweep,16,Satan 50 Lead,as-is,11.899999999999997,palm,F#3,185.0,,-4.66,-7.67,-7.67,-2.05,34.79,-3.69,34.75,2.18,0.0,2.19,2.19,2.19,14.49
synthetic sweep,16,Satan 50 Lead,as-is,12.499999999999996,palm,G3,196.0,,-4.63,-7.64,-7.64,-2.87,34.48,-3.7,34.34,9.01,0.0,2.22,2.22,2.22,14.18
synthetic sweep,16,Satan 50 Lead,as-is,13.099999999999996,palm,G#3,207.7,,-5.85,-8.86,-8.86,-3.69,12.36,-4.98,33.32,1.9,0.0,1.0,1.0,1.0,-7.94
synthetic sweep,16,Satan 50 Lead,as-is,13.699999999999996,palm,A3,220.0,,-7.09,-10.1,-10.1,-4.2,12.61,-6.29,32.1,5.0,0.0,-0.24,-0.24,-0.24,-7.69
synthetic sweep,16,Satan 50 Lead,as-is,14.299999999999995,palm,A#3,233.1,,-8.23,-11.24,-11.24,-5.84,-8.87,-7.45,30.66,6.28,0.0,-1.38,-1.38,-1.38,-29.17
synthetic sweep,16,Satan 50 Lead,as-is,14.899999999999995,palm,B3,246.9,,-8.48,-11.49,-11.49,-5.77,-18.51,-7.74,30.22,2.79,0.0,-1.63,-1.63,-1.63,-38.81
synthetic sweep,16,Satan 50 Lead,as-is,15.499999999999995,ring,E2,82.4,,-12.92,-15.93,-15.93,-5.28,22.48,-12.93,8.87,20.84,0.0,,,,2.18
synthetic sweep,16,Satan 50 Lead,as-is,17.499999999999993,ring,A2,110.0,,-12.18,-15.19,-15.19,-5.34,20.83,-12.1,21.18,22.16,0.0,,,,0.53
synthetic sweep,16,Satan 50 Lead,as-is,19.499999999999993,ring,D3,146.8,,-11.38,-14.39,-14.39,-3.08,22.53,-11.39,24.19,16.71,0.0,,,,2.23
synthetic sweep,16,Satan 50 Lead,as-is,21.499999999999993,ring,G3,196.0,,-13.87,-16.88,-16.88,-6.84,17.58,-15.29,17.55,9.77,0.0,,,,-2.72
synthetic sweep,16,Satan 50 Lead,as-is,23.499999999999993,ring,B3,246.9,,-13.16,-16.17,-16.17,-7.1,1.09,-14.31,17.86,7.72,0.0,,,,-19.21
synthetic sweep,16,Satan 50 Lead,as-is,25.499999999999993,ring,E5 chord,82.4,,-12.41,-15.42,-15.42,-4.6,21.71,-12.65,0.24,17.22,0.0,,,,1.41
synthetic sweep,16,Satan 50 Lead,as-is,27.499999999999993,ring,A5 chord,110.0,,-13.38,-16.39,-16.39,-4.67,16.95,-14.13,14.77,17.12,0.0,,,,-3.35
synthetic sweep,16,Satan 50 Lead,as-is,29.499999999999993,ring,B5 chord,123.5,,-13.32,-16.33,-16.33,-6.47,19.77,-14.24,16.22,12.17,0.0,,,,-0.53
synthetic sweep,17,Stormblade,as-is,0.5,palm,B1,61.7,,-10.49,-14.75,-12.54,-0.75,25.5,-9.14,6.37,27.81,0.25,0.27,0.41,0.13,6.95
synthetic sweep,17,Stormblade,as-is,1.1,palm,C2,65.4,,-12.63,-16.82,-14.72,-4.22,23.79,-11.35,13.08,25.6,0.0,-1.8,-1.77,-2.01,5.24
synthetic sweep,17,Stormblade,as-is,1.7000000000000002,palm,C#2,69.3,,-13.73,-17.84,-15.86,-3.52,22.26,-12.52,15.42,24.02,0.0,-2.82,-2.91,-3.11,3.71
synthetic sweep,17,Stormblade,as-is,2.3000000000000003,palm,D2,73.4,,-13.34,-17.48,-15.46,-3.78,22.07,-12.1,18.15,23.2,0.0,-2.46,-2.51,-2.72,3.52
synthetic sweep,17,Stormblade,as-is,2.9000000000000004,palm,D#2,77.8,,-14.31,-18.73,-16.26,-4.07,23.19,-12.92,22.18,21.46,0.0,-3.71,-3.31,-3.69,4.64
synthetic sweep,17,Stormblade,as-is,3.5000000000000004,palm,E2,82.4,,-13.95,-18.56,-15.79,-2.69,23.76,-12.44,23.69,20.46,0.0,-3.54,-2.84,-3.33,5.21
synthetic sweep,17,Stormblade,as-is,4.1000000000000005,palm,F2,87.3,,-13.35,-18.22,-15.05,-3.84,25.35,-11.68,26.09,18.41,0.0,-3.2,-2.1,-2.73,6.8
synthetic sweep,17,Stormblade,as-is,4.7,palm,F#2,92.5,,-9.89,-15.02,-11.49,-2.07,30.03,-8.07,30.92,17.92,0.0,0.0,1.46,0.73,11.48
synthetic sweep,17,Stormblade,as-is,5.3,palm,G2,98.0,,-8.05,-13.07,-9.69,-1.33,31.94,-6.26,33.13,13.47,0.0,1.95,3.26,2.57,13.39
synthetic sweep,17,Stormblade,as-is,5.8999999999999995,palm,G#2,103.8,,-6.32,-11.12,-8.06,-0.56,34.01,-4.64,34.9,15.2,0.44,3.9,4.89,4.3,15.46
synthetic sweep,17,Stormblade,as-is,6.499999999999999,palm,A2,110.0,,-4.96,-9.58,-6.8,1.08,35.19,-3.38,36.01,15.76,2.08,5.44,6.15,5.66,16.64
synthetic sweep,17,Stormblade,as-is,7.099999999999999,palm,A#2,116.5,,-5.66,-10.09,-7.6,0.26,34.3,-4.16,35.23,15.73,1.26,4.93,5.35,4.96,15.75
synthetic sweep,17,Stormblade,as-is,7.699999999999998,palm,B2,123.5,,-6.24,-10.56,-8.25,-1.01,33.42,-4.84,34.04,12.35,0.0,4.46,4.7,4.38,14.87
synthetic sweep,17,Stormblade,as-is,8.299999999999999,palm,C3,130.8,,-7.77,-11.95,-9.86,-2.77,31.86,-6.46,32.74,10.15,0.0,3.07,3.09,2.85,13.31
synthetic sweep,17,Stormblade,as-is,8.899999999999999,palm,C#3,138.6,,-8.15,-12.22,-10.32,-2.95,31.31,-6.94,32.21,13.54,0.0,2.8,2.63,2.47,12.76
synthetic sweep,17,Stormblade,as-is,9.499999999999998,palm,D3,146.8,,-8.97,-12.96,-11.18,-4.38,30.45,-7.82,31.28,7.18,0.0,2.06,1.77,1.65,11.9
synthetic sweep,17,Stormblade,as-is,10.099999999999998,palm,D#3,155.6,,-9.29,-13.21,-11.55,-4.74,29.95,-8.2,30.85,2.93,0.0,1.81,1.4,1.33,11.4
synthetic sweep,17,Stormblade,as-is,10.699999999999998,palm,E3,164.8,,-9.6,-13.46,-11.89,-5.07,29.38,-8.57,30.23,2.93,0.0,1.56,1.06,1.02,10.83
synthetic sweep,17,Stormblade,as-is,11.299999999999997,palm,F3,174.6,,-10.62,-14.42,-12.95,-5.72,28.28,-9.67,29.17,8.22,0.0,0.6,0.0,0.0,9.73
synthetic sweep,17,Stormblade,as-is,11.899999999999997,palm,F#3,185.0,,-11.36,-15.12,-13.74,-6.65,27.9,-10.49,28.64,5.7,0.0,-0.1,-0.79,-0.74,9.35
synthetic sweep,17,Stormblade,as-is,12.499999999999996,palm,G3,196.0,,-11.58,-15.34,-13.96,-6.74,27.05,-10.75,27.96,8.74,0.0,-0.32,-1.01,-0.96,8.5
synthetic sweep,17,Stormblade,as-is,13.099999999999996,palm,G#3,207.7,,-12.19,-15.97,-14.54,-7.52,-19.61,-11.43,27.21,3.07,0.0,-0.95,-1.59,-1.57,-38.16
synthetic sweep,17,Stormblade,as-is,13.699999999999996,palm,A3,220.0,,-13.11,-16.89,-15.46,-8.83,-27.37,-12.4,26.4,3.62,0.0,-1.87,-2.51,-2.49,-45.92
synthetic sweep,17,Stormblade,as-is,14.299999999999995,palm,A#3,233.1,,-13.12,-16.82,-15.54,-5.63,-26.34,-12.51,25.91,4.97,0.0,-1.8,-2.59,-2.5,-44.89
synthetic sweep,17,Stormblade,as-is,14.899999999999995,palm,B3,246.9,,-13.12,-16.86,-15.51,-6.81,-33.14,-12.54,26.04,5.57,0.0,-1.84,-2.56,-2.5,-51.69
synthetic sweep,17,Stormblade,as-is,15.499999999999995,ring,E2,82.4,,-13.11,-16.39,-15.86,-6.5,18.81,-13.38,6.61,16.68,0.0,,,,0.26
synthetic sweep,17,Stormblade,as-is,17.499999999999993,ring,A2,110.0,,-11.02,-14.77,-13.4,-3.42,26.03,-10.5,24.5,18.56,0.0,,,,7.48
synthetic sweep,17,Stormblade,as-is,19.499999999999993,ring,D3,146.8,,-12.39,-15.59,-15.23,-3.76,18.29,-12.87,17.49,16.65,0.0,,,,-0.26
synthetic sweep,17,Stormblade,as-is,21.499999999999993,ring,G3,196.0,,-11.71,-14.48,-14.98,-6.37,17.62,-13.34,16.92,14.04,0.0,,,,-0.93
synthetic sweep,17,Stormblade,as-is,23.499999999999993,ring,B3,246.9,,-11.2,-13.99,-14.44,-5.07,-9.51,-13.19,15.41,11.42,0.0,,,,-28.06
synthetic sweep,17,Stormblade,as-is,25.499999999999993,ring,E5 chord,82.4,,-11.77,-15.06,-14.52,-5.22,22.34,-12.11,3.92,17.32,0.0,,,,3.79
synthetic sweep,17,Stormblade,as-is,27.499999999999993,ring,A5 chord,110.0,,-12.24,-15.37,-15.13,-5.4,19.64,-12.99,16.78,15.98,0.0,,,,1.09
synthetic sweep,17,Stormblade,as-is,29.499999999999993,ring,B5 chord,123.5,,-12.22,-15.31,-15.15,-5.25,16.63,-13.25,13.02,16.75,0.0,,,,-1.92
